"U.MGM.EPS.","U.LVS.EPS.","X.WYNN.EPS.","X.GDEN.EPS.","U.BYD.EPS.","U.BALY.EPS.","X.RRR.EPS."
0,2.96,1.92,0,0.18,0,0
0,2.96,1.92,0,0.18,0,0
0,2.96,1.92,0,0.18,0,0
0,2.96,1.92,0,0.18,0,0
0,2.96,1.92,0,0.18,0,0
0,2.96,1.92,0,0.18,0,0
0,2.96,1.92,0,0.18,0,0
0,2.96,1.92,0,0.18,0,0
0,2.78,1.92,0,0.18,0,0
0,2.78,1.92,0,0.18,0,0
0,2.78,1.92,0,0.18,0,0
0,2.78,1.92,0,0.18,0,0
0,2.78,1.92,0,0.18,0,0
0,2.78,1.92,0,0.18,0,0
0,2.78,1.92,0.07,0.18,0,0
0,2.78,1.92,0.07,0.18,0,0
0,2.78,1.92,0.07,0.18,0,0
0,2.78,1.92,0.07,0.18,0,0
0,2.78,1.92,0.07,0.18,0,0
0,2.78,1.92,0.07,0.18,0,0
0,2.78,1.92,0.07,0.18,0,0
0,2.78,1.92,0.07,0.18,0,0
0,2.78,1.92,0.07,0.18,0,0
0,2.78,1.92,0.07,0.18,0,0
0,2.78,1.92,0.07,0.18,0,0
0,2.78,1.92,0.07,0.18,0,0
0,2.78,1.92,0.07,0.18,0,0
0,2.78,1.92,0.07,0.18,0,0
0,2.78,1.92,0.07,0.18,0,0
0,2.78,1.92,0.07,0.18,0,0
0,2.78,1.92,0.07,0.18,0,0
0,2.78,1.92,0.07,0.18,0,0
0,2.78,1.92,0.07,0.18,0,0
0,2.78,1.92,0.07,0.18,0,0
0,2.78,1.92,0.07,0.18,0,0
0,2.78,1.92,0.07,0.18,0,0
0,2.78,1.92,0.07,0.18,0,0
0,2.78,1.92,0.07,0.18,0,0
0,2.78,1.92,0.07,0.18,0,0
0,2.78,1.92,0.07,0.18,0,0
0,2.78,1.92,0.07,0.18,0,0
0,2.78,1.92,0.07,0.18,0,0
0,2.78,1.92,0.07,0.18,0,0
0,2.78,1.92,0.07,0.18,0,0
0,2.78,1.92,0.07,0.18,0,0
0,2.78,1.92,0.07,0.18,0,0
0,2.78,1.92,0.07,0.18,0,0
0,2.78,1.92,0.07,0.18,0,0
0,2.78,1.92,0.07,0.18,0,0
0,2.78,1.92,0.07,0.18,0,0
0,2.78,1.92,0.07,0.18,0,0
0,2.78,1.92,0.07,0.18,0,0
0,2.78,1.92,0.07,0.18,0,0
0,2.78,1.92,0.07,0.18,0,0
0,2.78,1.92,0.07,0.18,0,0
0,2.78,1.92,0.07,0.18,0,0
0,2.78,1.92,0.07,0.18,0,0
0,2.78,1.92,0.07,0.18,0,0
0,2.78,1.92,0.07,0.18,0,0
0,2.78,1.92,0.07,0.18,0,0
0,2.78,1.92,0.07,0.18,0,0
0,2.78,1.92,0.07,0.18,0,0
0,2.78,1.92,0.07,0.18,0,0
0,2.78,1.92,0.07,0.18,0,0
0,2.78,1.92,0.07,0.18,0,0
0,2.78,1.92,0.07,0.18,0,0
0,2.78,1.92,0.07,0.18,0,0
0,2.46,1.92,0.07,0.18,0,0
0,2.46,1.92,0.07,0.18,0,0
0,2.46,1.92,0.07,0.18,0,0
0,2.46,1.92,0.07,0.18,0,0
0,2.46,1.92,0.07,0.18,0,0
0,2.46,1.92,0.07,0.18,0,0
0,2.46,1.92,0.07,0.18,0,0
0,2.46,1.92,0.07,0.18,0,0
0,2.46,1.92,0.07,0.18,0,0
0,2.46,1.92,0.07,0.18,0,0
0,2.46,1.92,0.07,0.18,0,0
0,2.46,1.92,0.07,0.18,0,0
0,2.46,1.92,0.07,0.18,0,0
0,2.46,1.92,0.07,0.18,0,0
0,2.46,1.92,0.07,0.41,0,0
0,2.46,1.92,0.07,0.41,0,0
0,2.46,1.92,0.07,0.41,0,0
0,2.46,1.92,0.07,0.41,0,0
0,2.46,1.92,0.07,0.41,0,0
0,2.46,1.92,0.07,0.41,0,0
0,2.46,1.92,0.07,0.41,0,0
0,2.46,1.92,0.07,0.41,0,0
0,2.46,1.92,0.07,0.41,0,0
0,2.46,1.92,0.07,0.41,0,0
0,2.46,1.92,0.07,0.41,0,0
0,2.46,1.92,0.07,0.41,0,0
0,2.46,1.92,0.07,0.41,0,0
0,2.46,1.92,0.07,0.41,0,0
0,2.46,1.92,0.07,0.41,0,0
0,2.46,1.92,0.07,0.41,0,0
0,2.46,1.92,0.07,0.41,0,0
0,2.46,1.92,0.07,0.41,0,0
0,2.46,1.92,0.07,0.41,0,0
0,2.46,1.92,0.07,0.41,0,0
0,2.46,1.92,0.07,0.41,0,0
0,2.46,1.92,0.07,0.41,0,0
0,2.46,1.92,1.43,0.41,0,0
0,2.46,1.92,1.43,0.41,0,0
0,2.46,1.92,1.43,0.41,0,0
0,2.46,1.92,1.43,0.41,0,0
0,2.46,1.92,1.43,0.41,0,0
0,2.46,1.92,1.43,0.41,0,0
0,2.46,1.92,1.43,0.41,0,0
0,2.46,1.92,1.43,0.41,0,0
0,2.46,1.92,1.43,0.41,0,0
0,2.46,1.92,1.43,0.41,0,0
0,2.46,1.92,1.43,0.41,0,0
0,2.46,1.92,1.43,0.41,0,0
0,2.46,1.92,1.43,0.41,0,0
0,2.46,1.92,1.43,0.41,0,0
0,2.46,1.92,1.43,0.41,0,0
0,2.46,1.92,1.43,0.41,0,0
0,2.46,1.92,1.43,0.41,0,0
0,2.46,1.92,1.43,0.41,0,0
0,2.46,1.92,1.43,0.41,0,0
0,2.46,1.92,1.43,0.41,0,0
0,2.46,1.92,1.43,0.41,0,0
0,2.46,1.92,1.43,0.41,0,0
0,2.46,1.92,1.43,0.41,0,0
0,2.46,1.92,1.43,0.41,0,0
0,2.46,1.92,1.43,0.41,0,0
0,2.46,1.92,1.43,0.41,0,0
0,2.46,1.92,1.43,0.41,0,0
0,2.46,1.92,1.43,0.41,0,0
0,2.46,1.92,1.43,0.41,0,1.19
0,2.46,1.92,1.43,0.41,0,1.19
0,2.46,1.92,1.43,0.41,0,1.19
0,2.46,1.92,1.43,0.41,0,1.19
0,2.46,1.92,1.43,0.41,0,1.19
0,2.46,1.92,1.43,0.41,0,1.19
0,2.46,1.92,1.43,0.41,0,1.19
0,2.46,3.11,1.43,0.41,0,1.19
0,2.23,3.11,1.43,0.4,0,1.19
0,2.23,3.11,1.43,0.4,0,1.19
0,2.23,3.11,1.43,0.4,0,1.19
0,2.23,3.11,1.43,0.4,0,1.19
0,2.23,3.11,1.43,0.4,0,1.19
0,2.23,3.11,1.63,0.4,0,1.19
0,2.23,3.11,1.63,0.4,0,1.19
0,2.23,3.11,1.63,0.4,0,1.19
0,2.23,3.11,1.63,0.4,0,1.19
0,2.23,3.11,1.63,0.4,0,1.19
0,2.23,3.11,1.63,0.4,0,1.19
0,2.23,3.11,1.63,0.4,0,1.19
0,2.23,3.11,1.63,0.4,0,1.19
0,2.23,3.11,1.63,0.4,0,1.19
0,2.23,3.11,1.63,0.4,0,1.19
0,2.23,3.11,1.63,0.4,0,1.19
0,2.23,3.11,1.63,0.4,0,1.19
0,2.23,3.11,1.63,0.4,0,1.19
0,2.23,3.11,1.63,0.4,0,1.19
0,2.23,3.11,1.63,0.4,0,1.19
0,2.23,3.11,1.63,0.4,0,1.19
0,2.23,3.11,1.63,0.4,0,1.19
0,2.23,3.11,1.63,0.4,0,1.19
0,2.23,3.11,1.63,0.4,0,1.19
0,2.23,3.11,1.63,0.4,0,1.19
0,2.23,3.11,1.63,0.4,0,1.3
0,2.23,3.11,1.63,0.4,0,1.3
0,2.23,3.11,1.63,0.4,0,1.3
0,2.23,3.11,1.63,0.4,0,1.3
0,2.23,3.11,1.63,0.4,0,1.3
0,2.23,3.11,1.63,0.4,0,1.3
0,2.23,3.11,1.63,0.4,0,1.3
0,2.23,3.11,1.63,0.4,0,1.3
0,2.23,3.11,1.63,0.4,0,1.3
0,2.23,3.11,1.63,0.4,0,1.3
0,2.23,3.11,1.63,0.4,0,1.3
0,2.23,3.11,1.63,0.4,0,1.3
0,2.23,3.11,1.63,0.4,0,1.3
0,2.23,3.11,1.63,0.4,0,1.3
0,2.23,3.11,1.63,0.4,0,1.3
0,2.23,3.11,1.63,0.4,0,1.3
0,2.23,3.11,1.63,0.4,0,1.3
0,2.23,3.11,1.63,0.4,0,1.3
0,2.23,3.11,1.63,0.4,0,1.3
0,2.23,3.11,1.63,0.4,0,1.3
0,2.23,3.11,1.63,0.4,0,1.3
0,2.23,3.11,1.63,0.4,0,1.3
0,2.23,3.11,1.63,0.4,0,1.3
0,2.23,3.11,1.63,0.4,0,1.3
0,2.23,3.11,1.63,0.4,0,1.3
0,2.23,3.11,1.63,0.4,0,1.3
0,2.23,3.11,1.63,0.4,0,1.3
0,2.23,3.11,1.63,0.4,0,1.3
0,2.23,3.11,1.63,0.4,0,1.3
0,2.23,3.11,1.63,0.4,0,1.3
0,2.23,3.11,1.63,0.4,0,1.3
0,2.05,3.11,1.63,0.4,0,1.3
0,2.05,3.11,1.63,0.4,0,1.3
0,2.05,3.11,1.63,0.4,0,1.3
0,2.05,3.23,1.63,0.4,0,1.3
0,2.05,3.23,1.63,0.4,0,1.3
0,2.05,3.23,1.63,0.4,0,1.3
0,2.05,3.23,1.63,0.4,0,1.3
0,2.05,3.23,1.63,0.4,0,1.3
0,2.05,3.23,1.63,0.71,0,1.3
0,2.05,3.23,1.63,0.71,0,1.3
0,2.05,3.23,1.63,0.71,0,1.3
0,2.05,3.23,1.63,0.71,0,1.3
0,2.05,3.23,1.63,0.71,0,1.3
0,2.05,3.23,1.63,0.71,0,1.3
0,2.05,3.23,1.63,0.71,0,1.3
0,2.05,3.23,1.63,0.71,0,1.3
0,2.05,3.23,1.8,0.71,0,2.21
0,2.05,3.23,1.8,0.71,0,2.21
0,2.05,3.23,1.8,0.71,0,2.21
0,2.05,3.23,1.8,0.71,0,2.21
0,2.05,3.23,1.8,0.71,0,2.21
0,2.05,3.23,1.8,0.71,0,2.21
0,2.05,3.23,1.8,0.71,0,2.21
0,2.05,3.23,1.8,0.71,0,2.21
0,2.05,3.23,1.8,0.71,0,2.21
0,2.05,3.23,1.8,0.71,0,2.21
0,2.05,3.23,1.8,0.71,0,2.21
0,2.05,3.23,1.8,0.71,0,2.21
0,2.05,3.23,1.8,0.71,0,2.21
0,2.05,3.23,1.8,0.71,0,2.21
0,2.05,3.23,1.8,0.71,0,2.21
0,2.05,3.23,1.8,0.71,0,2.21
0,2.05,3.23,1.8,0.71,0,2.21
0,2.05,3.23,1.8,0.71,0,2.21
0,2.05,3.23,1.8,0.71,0,2.21
0,2.05,3.23,1.8,0.71,0,2.21
0,2.05,3.23,1.8,0.71,0,2.21
0,2.05,3.23,1.8,0.71,0,2.21
0,2.05,3.23,1.8,0.71,0,2.21
0,2.05,3.23,1.8,0.71,0,2.21
0,2.05,3.23,1.8,0.71,0,2.21
0,2.05,3.23,1.8,0.71,0,2.21
0,2.05,3.23,1.8,0.71,0,2.21
0,2.05,3.23,1.8,0.71,0,2.21
0,2.05,3.23,1.8,0.71,0,2.21
0,2.05,3.23,1.8,0.71,0,2.21
0,2.05,3.23,1.8,0.71,0,2.21
0,2.05,3.23,1.8,0.71,0,2.21
0,2.05,3.23,1.8,0.71,0,2.21
0,2.05,3.23,1.8,0.71,0,2.21
0,2.05,3.23,1.8,0.71,0,2.21
0,2.05,3.23,1.8,0.71,0,2.21
0,2.05,3.23,1.8,0.71,0,2.21
0,2.05,3.23,1.8,0.71,0,2.21
0,2.05,3.23,1.8,0.71,0,2.21
0,2.05,3.23,1.8,0.71,0,2.21
0,2.05,3.23,1.8,0.71,0,2.21
0,2.05,3.23,1.8,0.71,0,2.21
0,2.05,3.23,1.8,0.71,0,2.21
0,2.05,3.23,1.8,0.71,0,2.21
0,2.05,3.23,1.8,0.71,0,2.21
0,2.05,3.23,1.8,0.71,0,2.21
0,2.05,3.23,1.8,0.71,0,2.21
0,2.05,3.23,1.8,0.71,0,2.21
0,2.05,3.23,1.8,0.71,0,2.21
0,2.05,3.23,1.8,0.71,0,2.21
0,2.05,3.23,1.8,0.71,0,2.21
0,2.05,3.23,1.8,0.71,0,2.21
0,2.05,3.23,1.8,0.71,0,2.21
0,2.05,3.23,1.8,0.71,0,2.21
0,2.05,3.23,1.8,0.71,0,2.21
0,2.05,3.23,1.8,0.71,0,2.21
0,2.05,2.34,1.8,3.47,0,2.21
0,2.05,2.34,1.8,3.47,0,2.21
0,2.05,2.34,1.8,3.47,0,2.21
0.44,2.05,2.34,1.8,3.47,0,2.21
0.44,2.05,2.34,1.8,3.47,0,2.26
0.44,2.05,2.34,1.8,3.47,0,2.26
0.44,2.05,2.34,1.8,3.47,0,2.26
0.44,2.05,2.34,1.65,3.47,0,2.26
0.44,2.05,2.34,1.65,3.47,0,2.26
0.44,2.05,2.34,1.65,3.47,0,2.26
0.44,2.05,2.34,1.65,3.47,0,2.26
0.44,2.05,2.34,1.65,3.47,0,2.26
0.44,2.05,2.34,1.65,3.47,0,2.26
0.44,2.05,2.34,1.65,3.47,0,2.26
0.44,2.05,2.34,1.65,3.47,0,2.26
0.44,2.05,2.34,1.65,3.47,0,2.26
0.44,2.05,2.34,1.65,3.47,0,2.26
0.44,2.05,2.34,1.65,3.47,0,2.26
0.44,2.05,2.34,1.65,3.47,0,2.26
0.44,2.05,2.34,1.65,3.47,0,2.26
0.44,2.05,2.34,1.65,3.47,0,2.26
0.44,2.05,2.34,1.65,3.47,0,2.26
0.44,2.05,2.34,1.65,3.47,0,2.26
0.44,2.05,2.34,1.65,3.47,0,2.26
0.44,2.05,2.34,1.65,3.47,0,2.26
0.44,2.05,2.34,1.65,3.47,0,2.26
0.44,2.05,2.34,1.65,3.47,0,2.26
0.44,2.05,2.34,1.65,3.47,0,2.26
0.44,2.05,2.34,1.65,3.47,0,2.26
0.44,2.05,2.34,1.65,3.47,0,2.26
0.44,2.05,2.34,1.65,3.47,0,2.26
0.44,2.05,2.34,1.65,3.47,0,2.26
0.44,2.05,2.34,1.65,3.47,0,2.26
0.44,2.05,2.34,1.65,3.47,0,2.26
0.44,2.05,2.34,1.65,3.47,0,2.26
0.44,2.05,2.34,1.65,3.47,0,2.26
0.44,2.05,2.34,1.65,3.47,0,2.26
0.44,2.05,2.34,1.65,3.47,0,2.26
0.44,2.05,2.34,1.65,3.47,0,2.26
0.44,2.05,2.34,1.65,3.47,0,2.26
0.44,2.05,2.34,1.65,3.47,0,2.26
0.44,2.05,2.34,1.65,3.47,0,2.26
0.44,2.05,2.34,1.65,3.47,0,2.26
0.44,2.05,2.34,1.65,3.47,0,2.26
0.44,2.05,2.34,1.65,3.47,0,2.26
0.44,2.05,2.34,1.65,3.47,0,2.26
0.44,2.05,2.34,1.65,3.47,0,2.26
0.44,2.05,2.34,1.65,3.47,0,2.26
0.44,2.05,2.34,1.65,3.47,0,2.26
0.44,2.05,2.34,1.65,3.47,0,2.26
0.44,2.05,2.34,1.65,3.47,0,2.26
0.44,2.05,2.34,1.65,3.47,0,2.26
0.44,2.05,2.34,1.65,3.47,0,2.26
0.44,2.05,2.34,1.65,3.47,0,2.26
0.44,2.05,2.34,1.65,3.47,0,2.26
0.44,2.05,2.34,1.65,3.47,0,2.26
0.44,2.05,2.34,1.65,3.47,0,2.26
0.44,2.05,2.34,1.65,3.47,0,2.26
0.44,2.05,2.34,1.65,3.47,0,2.26
0.44,2.05,2.34,1.65,3.47,0,2.26
0.44,2.05,2.34,1.65,3.47,0,2.26
0.44,2.05,2.38,1.65,3.47,0,2.26
0.44,2.05,2.38,1.65,3.47,0,2.26
0.44,2.05,2.38,1.65,3.47,0,2.26
0.44,2.05,2.38,1.65,3.47,0,2.26
0.44,2.05,2.38,1.65,3.47,0,2.26
0.44,2.05,2.38,1.65,3.47,0,2.26
0.44,2.05,2.38,1.65,3.47,0,2.26
0.44,2.05,2.38,1.65,3.47,0,2.26
0.44,2.05,2.38,1.65,3.47,0,2.26
0.44,2.05,2.38,1.65,3.47,0,2.26
0.44,2.05,2.38,1.65,3.47,0,2.26
0.44,2.05,2.38,1.65,3.47,0,2.26
0.44,2.05,2.38,1.65,3.47,0,2.26
0.44,2.05,2.38,1.65,3.63,0,2.26
0.44,2.05,2.38,1.65,3.63,0,2.26
1.92,2.05,2.38,1.65,3.63,0,2.26
1.92,2.05,2.38,1.65,3.63,0,2.26
1.92,2.1,2.38,1.65,3.63,0,2.26
1.92,2.1,2.38,1.65,3.63,0,2.26
1.92,2.1,2.38,1.65,3.63,0,2.26
1.92,2.1,2.38,1.65,3.63,0,2.26
1.92,2.1,2.38,1.65,3.63,0,2.26
1.92,2.1,2.38,1.65,3.63,0,2.26
1.92,2.1,2.38,1.65,3.63,0,2.26
1.92,2.1,2.38,1.65,3.63,0,2.26
1.92,2.1,2.38,1.65,3.63,0,2.26
1.92,2.1,2.38,1.65,3.63,0,2.26
1.92,2.1,2.38,1.65,3.63,0,2.26
1.92,2.1,2.38,1.65,3.63,0,2.26
1.92,2.1,2.38,1.65,3.63,0,2.68
1.92,2.1,2.38,1.65,3.63,0,2.68
1.92,2.1,2.38,1.65,3.63,0,2.68
1.92,2.1,2.38,1.65,3.63,0,2.68
1.92,2.1,2.38,1.65,3.63,0,2.68
1.92,2.1,2.38,1.65,3.63,0,2.68
1.92,2.1,2.38,1.65,3.63,0,2.68
1.92,2.1,2.38,1.65,3.63,0,2.68
1.92,2.1,2.38,1.65,3.63,0,2.68
1.92,2.1,2.38,0.72,3.63,0,2.68
1.92,2.1,2.38,0.72,3.63,0,2.68
1.92,2.1,2.38,0.72,3.63,0,2.68
1.92,2.1,2.38,0.72,3.63,0,2.68
1.92,2.1,2.38,0.72,3.63,0,2.68
1.92,2.1,2.38,0.72,3.63,0,2.68
1.92,2.1,2.38,0.72,3.63,0,2.68
1.92,2.1,2.38,0.72,3.63,0,2.68
1.92,2.1,2.38,0.72,3.63,0,2.68
1.92,2.1,2.38,0.72,3.63,0,2.68
1.92,2.1,2.38,0.72,3.63,0,2.68
1.92,2.1,2.38,0.72,3.63,0,2.68
1.92,2.1,2.38,0.72,3.63,0,2.68
1.92,2.1,2.38,0.72,3.63,0,2.68
1.92,2.1,2.38,0.72,3.63,0,2.68
1.92,2.1,2.38,0.72,3.63,0,2.68
1.92,2.1,2.38,0.72,3.63,0,2.68
1.92,2.1,2.38,0.72,3.63,0,2.68
1.92,2.1,2.38,0.72,3.63,0,2.68
1.92,2.1,2.38,0.72,3.63,0,2.68
1.92,2.1,2.38,0.72,3.63,0,2.68
1.92,2.1,2.38,0.72,3.63,0,2.68
1.92,2.1,2.38,0.72,3.63,0,2.68
1.92,2.1,2.38,0.72,3.63,0,2.68
1.92,2.1,2.38,0.72,3.63,0,2.68
1.92,2.1,2.62,0.72,3.63,0,2.68
1.92,2.1,2.62,0.72,3.63,0,2.68
1.92,2.1,2.62,0.72,3.63,0,2.68
1.69,2.1,2.62,0.72,3.63,0,2.68
1.69,2.1,2.62,0.72,3.63,0,2.68
1.69,2.1,2.62,0.72,3.63,0,2.68
1.69,2.1,2.62,0.72,3.8,0,2.68
1.69,2.1,2.62,0.72,3.8,0,2.68
1.69,2.3,2.62,0.72,3.8,0,1.3
1.69,2.3,2.62,0.72,3.8,0,1.3
1.69,2.3,2.62,0.72,3.8,0,1.3
1.69,2.3,2.62,0.86,3.8,0,1.3
1.69,2.3,2.62,0.86,3.8,0,1.3
1.69,2.3,2.62,0.86,3.8,0,1.3
1.69,2.3,2.62,0.86,3.8,0,1.3
1.69,2.3,2.62,0.86,3.8,0,1.3
1.69,2.3,2.62,0.86,3.8,0,1.3
1.69,2.3,2.62,0.86,3.8,0,1.3
1.69,2.3,2.62,0.86,3.8,0,1.3
1.69,2.3,2.62,0.86,3.8,0,1.3
1.69,2.3,2.62,0.86,3.8,0,1.3
1.69,2.3,2.62,0.86,3.8,0,1.3
1.69,2.3,2.62,0.86,3.8,0,1.3
1.69,2.3,2.62,0.86,3.8,0,1.3
1.69,2.3,2.62,0.86,3.8,0,1.3
1.69,2.3,2.62,0.86,3.8,0,1.3
1.69,2.3,2.62,0.86,3.8,0,1.3
1.69,2.3,2.62,0.86,3.8,0,1.3
1.69,2.3,2.62,0.86,3.8,0,1.3
1.69,2.3,2.62,0.86,3.8,0,1.3
1.69,2.3,2.62,0.86,3.8,0,1.3
1.69,2.3,2.62,0.86,3.8,0,1.3
1.69,2.3,2.62,0.86,3.8,0,1.3
1.69,2.3,2.62,0.86,3.8,0,1.3
1.69,2.3,2.62,0.86,3.8,0,1.3
1.69,2.3,2.62,0.86,3.8,0,1.3
1.69,2.3,2.62,0.86,3.8,0,1.3
1.69,2.3,2.62,0.86,3.8,0,1.3
1.69,2.3,2.62,0.86,3.8,0,1.3
1.69,2.3,2.62,0.86,3.8,0,1.3
1.69,2.3,2.62,0.86,3.8,0,1.3
1.69,2.3,2.62,0.86,3.8,0,1.3
1.69,2.3,2.62,0.86,3.8,0,1.3
1.69,2.3,2.62,0.86,3.8,0,1.3
1.69,2.3,2.62,0.86,3.8,0,1.3
1.69,2.3,2.62,0.86,3.8,0,1.3
1.69,2.3,2.62,0.86,3.8,0,1.3
1.69,2.3,2.62,0.86,3.8,0,1.3
1.69,2.3,2.62,0.86,3.8,0,1.3
1.69,2.3,2.62,0.86,3.8,0,1.3
1.69,2.3,2.62,0.86,3.8,0,1.3
1.69,2.3,2.62,0.86,3.8,0,1.3
1.69,2.3,2.62,0.86,3.8,0,1.3
1.69,2.3,2.62,0.86,3.8,0,1.3
1.69,2.3,2.62,0.86,3.8,0,1.3
1.69,2.3,2.62,0.86,3.8,0,1.3
1.69,2.3,2.62,0.86,3.8,0,1.3
1.69,2.3,2.62,0.86,3.8,0,1.3
1.69,2.3,2.62,0.86,3.8,0,1.3
1.69,2.3,2.62,0.86,3.8,0,1.3
1.69,2.3,2.62,0.86,3.8,0,1.3
1.69,2.3,2.62,0.86,3.8,0,1.3
1.69,2.3,2.62,0.86,3.8,0,1.3
1.69,2.3,2.62,0.86,3.8,0,1.3
1.69,2.3,2.62,0.86,3.8,0,1.3
1.69,2.3,2.66,0.86,3.8,0,1.3
1.69,2.58,2.66,0.86,3.8,0,1.3
1.69,2.58,2.66,0.86,3.8,0,1.3
1.69,2.58,2.66,0.86,3.8,0,1.3
1.69,2.58,2.66,0.86,3.8,0,1.3
1.69,2.58,2.66,0.86,3.8,0,1.3
1.69,2.58,2.66,0.86,3.8,0,1.3
1.69,2.58,2.66,0.86,3.8,0,1.3
1.69,2.58,2.66,0.81,3.8,0,1.3
1.69,2.58,2.66,0.81,3.8,0,1.3
1.69,2.58,2.66,0.81,3.8,0,1.3
1.69,2.58,2.66,0.81,3.8,0,0.97
1.69,2.58,2.66,0.81,3.8,0,0.97
1.69,2.58,2.66,0.81,3.8,0,0.97
1.69,2.58,2.66,0.81,3.8,0,0.97
1.69,2.58,2.66,0.81,3.8,0,0.97
1.69,2.58,2.66,0.81,3.8,0,0.97
1.69,2.58,2.66,0.81,3.8,0,0.97
1.69,2.58,2.66,0.81,3.8,0,0.97
1.69,2.58,2.66,0.81,3.8,0,0.97
1.69,2.58,2.66,0.81,3.8,0,0.97
1.69,2.58,2.66,0.81,3.8,0,0.97
1.69,2.58,2.66,0.81,3.8,0,0.97
1.69,2.58,2.66,0.81,3.8,0,0.97
1.69,2.58,2.66,0.81,3.8,0,0.97
1.69,2.58,2.66,0.81,3.8,0,0.97
1.69,2.58,2.66,0.81,3.8,0,0.97
1.69,2.58,2.66,0.81,3.8,0,0.97
1.69,2.58,2.66,0.81,3.8,0,0.97
1.69,2.58,2.66,0.81,3.8,0,0.97
1.69,2.58,2.66,0.81,3.8,0,0.97
1.69,2.58,2.66,0.81,3.8,0,0.97
1.69,2.58,2.66,0.81,3.8,0,0.97
1.69,2.58,2.66,0.81,3.8,0,0.97
1.69,2.58,2.66,0.81,3.8,0,0.97
1.69,2.58,2.66,0.81,3.8,0,0.97
1.69,2.58,2.66,0.81,3.8,0,0.97
1.69,2.58,2.66,0.81,3.8,0,0.97
1.69,2.58,2.66,0.81,3.8,0,0.97
1.69,2.58,2.66,0.81,3.8,0,0.97
1.69,2.58,2.66,0.81,3.8,0,0.97
1.69,2.58,2.66,0.81,3.8,0,0.97
1.69,2.58,2.66,0.81,3.8,0,0.97
1.69,2.58,2.66,0.81,3.8,0,0.97
1.69,2.58,2.66,0.81,3.8,0,0.97
1.69,2.58,2.66,0.81,3.8,0,0.97
1.69,2.58,2.66,0.81,3.8,0,0.97
1.69,2.58,2.66,0.81,3.8,0,0.97
1.69,2.58,2.66,0.81,3.8,0,0.97
1.69,2.58,2.66,0.81,3.8,0,0.97
1.69,2.58,2.66,0.81,3.8,0,0.97
1.69,2.58,2.66,0.81,3.8,0,0.97
1.69,2.58,2.66,0.81,3.8,0,0.97
1.69,2.58,2.66,0.81,3.8,0,0.97
1.69,2.58,2.66,0.81,3.8,0,0.97
1.69,2.58,2.66,0.81,3.8,0,0.97
1.69,2.58,2.66,0.81,3.8,0,0.97
1.69,2.58,2.66,0.81,3.8,0,0.97
1.69,2.58,2.66,0.81,3.8,0,0.97
1.69,2.58,2.66,0.81,3.8,0,0.97
1.69,2.58,2.66,0.81,3.8,0,0.97
1.69,2.58,2.66,0.81,3.8,0,0.97
1.69,2.58,2.66,0.81,3.8,0,0.97
1.69,2.58,2.66,0.81,3.8,0,0.97
1.69,2.58,2.66,0.81,3.8,0,0.97
1.69,2.58,2.66,0.81,3.8,0,0.97
1.69,2.65,2.66,0.81,3.8,0,0.97
1.69,2.65,3.61,0.81,3.8,0,0.97
1.69,2.65,3.61,0.81,1.03,0,0.97
1.69,2.65,3.61,0.81,1.03,0,0.97
1.69,2.65,3.61,0.81,1.03,0,0.97
1.69,2.65,3.61,0.81,1.03,0,0.97
1.69,2.65,3.61,0.81,1.03,0,0.97
1.69,2.65,3.61,0.81,1.03,0,0.97
1.69,2.65,3.61,0.81,1.03,0,0.97
1.69,2.65,3.61,0.81,1.03,0,0.64
1.02,2.65,3.61,1.11,1.03,0,0.64
1.02,2.65,3.61,1.11,1.03,0,0.64
1.02,2.65,3.61,1.11,1.03,0,0.64
1.02,2.65,3.61,1.11,1.03,0,0.64
1.02,2.65,3.61,1.11,1.03,0,0.64
1.02,2.65,3.61,1.11,1.03,0,0.64
1.02,2.65,3.61,1.11,1.03,0,0.64
1.02,2.65,3.61,1.11,1.03,0,0.64
1.02,2.65,3.61,1.11,1.03,0,0.64
1.02,2.65,3.61,1.11,1.03,0,0.64
1.02,2.65,3.61,1.11,1.03,0,0.64
1.02,2.65,3.61,1.11,1.03,0,0.64
1.02,2.65,3.61,1.11,1.03,0,0.64
1.02,2.65,3.61,1.11,1.03,0,0.64
1.02,2.65,3.61,1.11,1.03,0,0.64
1.02,2.65,3.61,1.11,1.03,0,0.64
1.02,2.65,3.61,1.11,1.03,0,0.64
1.02,2.65,3.61,1.11,1.03,0,0.64
1.02,2.65,3.61,1.11,1.03,0,0.64
1.02,2.65,3.61,1.11,1.03,0,0.64
1.02,2.65,3.61,1.11,1.03,0,0.64
1.02,2.65,3.61,1.11,1.03,0,0.64
1.02,2.65,3.61,1.11,1.03,0,0.64
1.02,2.65,3.61,1.11,1.03,0,0.64
1.02,2.65,3.61,1.11,1.03,0,0.64
1.02,2.65,3.61,1.11,1.03,0,0.64
1.02,2.65,3.61,1.11,1.03,0,0.64
1.02,2.65,3.61,1.11,1.03,0,0.64
1.02,2.65,3.61,1.11,1.03,0,0.64
1.02,2.65,3.61,1.11,1.03,0,0.64
1.02,2.65,3.61,1.11,1.03,0,0.64
1.02,2.65,3.61,1.11,1.03,0,0.64
1.02,2.65,3.61,1.11,1.03,0,0.64
1.02,2.65,3.61,1.11,1.03,0,0.64
1.02,2.65,3.61,1.11,1.03,0,0.64
1.02,2.65,3.61,1.11,1.03,0,0.64
1.02,2.65,3.61,1.11,1.03,0,0.64
1.02,2.65,3.61,1.11,1.03,0,0.64
1.02,2.65,3.61,1.11,1.03,0,0.64
1.02,2.65,3.61,1.11,1.03,0,0.64
1.02,2.65,3.61,1.11,1.03,0,0.64
1.02,2.65,3.61,1.11,1.03,0,0.64
1.02,2.65,3.61,1.11,1.03,0,0.64
1.02,2.65,3.61,1.11,1.03,0,0.64
1.02,2.65,3.61,1.11,1.03,0,0.64
1.02,2.65,3.61,1.11,1.03,0,0.64
1.02,2.65,3.61,1.11,1.03,0,0.64
1.02,2.65,3.61,1.11,1.03,0,0.64
1.02,2.65,3.61,1.11,1.03,0,0.64
1.02,2.65,3.61,1.11,1.03,0,0.64
1.02,2.65,3.61,1.11,1.03,0,0.64
1.02,2.65,3.61,1.11,1.03,0,0.64
1.02,2.65,3.61,1.11,1.03,0,0.64
1.02,2.65,3.97,1.11,1.03,0,0.64
1.02,2.65,3.97,1.11,1.03,0,0.64
1.02,2.88,3.97,1.11,1.03,0,0.64
1.02,2.88,3.97,1.11,1.03,0,0.64
1.02,2.88,3.97,1.11,1.03,0,0.64
1.02,2.88,3.97,1.11,1.03,0,0.64
1.02,2.88,3.97,1.11,1.03,0,0.64
1.02,2.88,3.97,1.11,1.03,0,0.64
1.02,2.88,3.97,1.11,1.03,0,0.64
1.02,2.88,3.97,1.11,1.03,0,0.64
1.02,2.88,3.97,1.11,1.03,0,0.64
1.02,2.88,3.97,1.11,1.03,0,0.64
1.02,2.88,3.97,1.11,1.03,0,0.64
1.02,2.88,3.97,1.11,1.03,0,0.64
1.02,2.88,3.97,1.11,1.03,0,0.64
1.02,2.88,3.97,1.11,1.03,0,0.64
1.02,2.88,3.97,1.11,1.03,0,0.64
1.02,2.88,3.97,1.11,1.03,0,0.64
1.02,2.88,3.97,1.11,1.03,0,0.64
1.02,2.88,3.97,1.11,1.03,0,0.64
1.02,2.88,3.97,1.11,1.03,0,0.64
0.94,2.88,3.97,1.11,1.12,0,0.64
0.94,2.88,3.97,1.11,1.12,0,0.64
0.94,2.88,3.97,1.11,1.12,0,0.64
0.94,2.88,3.97,1.11,1.12,0,0.64
0.94,2.88,3.97,1.11,1.12,0,0.64
0.94,2.88,3.97,1.11,1.12,0,0.64
0.94,2.88,3.97,1.11,1.12,0,1.31
0.94,2.88,3.97,1.11,1.12,0,1.31
0.94,2.88,3.97,1.11,1.12,0,1.31
0.94,2.88,3.97,1.11,1.12,0,1.31
0.94,2.88,3.97,1.11,1.12,0,1.31
0.94,2.88,3.97,1.11,1.12,0,1.31
0.94,2.88,3.97,1.11,1.12,0,1.31
0.94,2.88,3.97,1.11,1.12,0,1.31
0.94,2.88,3.97,1.11,1.12,0,1.31
0.94,2.88,3.97,1.11,1.12,0,1.31
0.94,2.88,3.97,1.11,1.12,0,1.31
0.94,2.88,3.97,0,1.12,0,1.31
0.94,2.88,3.97,0,1.12,0,1.31
0.94,2.88,3.97,0,1.12,0,1.31
0.94,2.88,3.97,0,1.12,0,1.31
0.94,2.88,3.97,0,1.12,0,1.31
0.94,2.88,3.97,0,1.12,0,1.31
0.94,2.88,3.97,0,1.12,0,1.31
0.94,2.88,3.97,0,1.12,0,1.31
0.94,2.88,3.97,0,1.12,0,1.31
0.94,2.88,3.97,0,1.12,0,1.31
0.94,2.88,3.97,0,1.12,0,1.31
0.94,2.88,3.97,0,1.12,0,1.31
0.94,2.88,3.97,0,1.12,0,1.31
0.94,2.88,3.97,0,1.12,0,1.31
0.94,2.88,3.97,0,1.12,0,1.31
0.94,2.88,3.97,0,1.12,0,1.31
0.94,2.88,3.97,0,1.12,0,1.31
0.94,2.88,3.97,0,1.12,0,1.31
0.94,2.88,3.97,0,1.12,0,1.31
0.94,2.88,3.97,0,1.12,0,1.31
0.94,2.88,3.97,0,1.12,0,1.31
0.94,2.88,3.97,0,1.12,0,1.31
0.94,2.88,3.97,0,1.12,0,1.31
0.94,2.88,3.97,0,1.12,0,1.31
0.94,2.88,3.97,0,1.12,0,1.31
0.94,2.88,3.97,0,1.12,0,1.31
0.94,2.88,3.97,0,1.12,0,1.31
0.94,2.88,3.97,0,1.12,0,1.31
0.94,2.88,0.99,0,1.12,0,1.31
0.94,4.11,0.99,0,1.12,0,1.31
0.96,4.11,0.99,0,1.12,0,1.31
0.96,4.11,0.99,0,1.17,0,1.31
0.96,4.11,0.99,0,1.17,0,1.31
0.96,4.11,0.99,0,1.17,0,1.44
0.96,4.11,0.99,0,1.17,0,1.44
0.96,4.11,0.99,0,1.17,0,1.44
0.96,4.11,0.99,0,1.17,0,1.44
0.96,4.11,0.99,0,1.17,0,1.44
0.96,4.11,0.99,0,1.17,0,1.44
0.96,4.11,0.99,0,1.17,0,1.44
0.96,4.11,0.99,0,1.17,0,1.44
0.96,4.11,0.99,0,1.17,0,1.44
0.96,4.11,0.99,0,1.17,0,1.44
0.96,4.11,0.99,0,1.17,0,1.44
0.96,4.11,0.99,0,1.17,0,1.44
0.96,4.11,0.99,0,1.17,0,1.44
0.96,4.11,0.99,0,1.17,0,1.44
0.96,4.11,0.99,0,1.17,0,1.44
0.96,4.11,0.99,0,1.17,0,1.44
0.96,4.11,0.99,0,1.17,0,1.44
0.96,4.11,0.99,0,1.17,0,1.44
0.96,4.11,0.99,0,1.17,0,1.44
0.96,4.11,0.99,0,1.17,0,1.44
0.96,4.11,0.99,0,1.17,0,1.44
0.96,4.11,0.99,0,1.17,0,1.44
0.96,4.11,0.99,0,1.17,0,1.44
0.96,4.11,0.99,0,1.17,0,1.44
0.96,4.11,0.99,0,1.17,0,1.44
0.96,4.11,0.99,0,1.17,0,1.44
0.96,4.11,0.99,0,1.17,0,1.44
0.96,4.11,0.99,0,1.17,0,1.44
0.96,4.11,0.99,0,1.17,0,1.44
0.96,4.11,0.99,0,1.17,0,1.44
0.96,4.11,0.99,0,1.17,0,1.44
0.96,4.11,0.99,0,1.17,0,1.44
0.96,4.11,0.99,0,1.17,0,1.44
0.96,4.11,0.99,0,1.17,0,1.44
0.96,4.11,0.99,0,1.17,0,1.44
0.96,4.11,0.99,0,1.17,0,1.44
0.96,4.11,0.99,0,1.17,0,1.44
0.96,4.11,0.99,0,1.17,0,1.44
0.96,4.11,0.99,0,1.17,0,1.44
0.96,4.11,0.99,0,1.17,0,1.44
0.96,4.11,0.99,0,1.17,0,1.44
0.96,4.11,0.99,0,1.17,0,1.44
0.96,4.11,0.99,0,1.17,0,1.44
0.96,4.11,0.99,0,1.17,0,1.44
0.96,4.11,0.99,0,1.17,0,1.44
0.96,4.11,0.99,0,1.17,0,1.44
0.96,4.11,0.99,0,1.17,0,1.44
0.96,4.11,0.99,0,1.17,0,1.44
0.96,4.11,0.99,0,1.17,0,1.44
0.96,4.11,0.99,0,1.17,0,1.44
0.96,4.11,0.99,0,1.17,0,1.44
0.96,4.11,0.99,0,1.17,0,1.44
0.96,4.11,0.99,0,1.17,0,1.44
0.96,4.11,0.99,0,1.17,0,1.44
0.96,4.11,0.99,0,1.17,0,1.44
0.96,4.11,0.99,0,1.17,0,1.44
0.96,4.11,0.99,0,1.17,0,1.44
0.96,4.11,0.99,0,1.17,0,1.44
0.96,4.11,0.99,0,1.17,0,1.44
0.96,4.11,0.99,0,1.17,0,1.44
0.96,4.11,0.99,0,1.17,0,1.44
0.96,4.13,0.99,0,1.17,0,1.44
0.96,4.13,0.99,0,1.09,0,1.44
0.96,4.13,0.99,0,1.09,0,1.44
0.96,4.13,0.99,0,1.09,0,1.44
0.96,4.13,0.99,0,1.09,0,2.38
0.96,4.13,1.79,0,1.09,0,2.38
0.81,4.13,1.79,0,1.09,0,2.38
0.81,4.13,1.79,0,1.09,0,2.38
0.81,4.13,1.79,0,1.09,0,2.38
0.81,4.13,1.79,0,1.09,0,2.38
0.81,4.13,1.79,0,1.09,0,2.38
0.81,4.13,1.79,0,1.09,0,2.38
0.81,4.13,1.79,0,1.09,0,2.38
0.81,4.13,1.79,0,1.09,0,2.38
0.81,4.13,1.79,0,1.09,0,2.38
0.81,4.13,1.79,0,1.09,0,2.38
0.81,4.13,1.79,0,1.09,0,2.38
0.81,4.13,1.79,0,1.09,0,2.38
0.81,4.13,1.79,0,1.09,0,2.38
0.81,4.13,1.79,0,1.09,0,2.38
0.81,4.13,1.79,0,1.09,0,2.38
0.81,4.13,1.79,0,1.09,0,2.38
0.81,4.13,1.79,0,1.09,0,2.38
0.81,4.13,1.79,0,1.09,0,2.38
0.81,4.13,1.79,0,1.09,0,2.38
0.81,4.13,1.79,0,1.09,0,2.38
0.81,4.13,1.79,0,1.09,0,2.38
0.81,4.13,1.79,0,1.09,0,2.38
0.81,4.13,1.79,0,1.09,0,2.38
0.81,4.13,1.79,0,1.09,0,2.38
0.81,4.13,1.79,0,1.09,0,2.38
0.81,4.13,1.79,0,1.09,0,2.38
0.81,4.13,1.79,0,1.09,0,2.38
0.81,4.13,1.79,0,1.09,0,2.38
0.81,4.13,1.79,0,1.09,0,2.38
0.81,4.13,1.79,0,1.09,0,2.38
0.81,4.13,1.79,0,1.09,0,2.38
0.81,4.13,1.79,0,1.09,0,2.38
0.81,4.13,1.79,0,1.09,0,2.38
0.81,4.13,1.79,0,1.09,0,2.38
0.81,4.13,1.79,0,1.09,0,2.38
0.81,4.13,1.79,0,1.09,0,2.38
0.81,4.13,1.79,0,1.09,0,2.38
0.81,4.13,1.79,0,1.09,0,2.38
0.81,4.13,1.79,0,1.09,0,2.38
0.81,4.13,1.79,0,1.09,0,2.38
0.81,4.13,1.79,0,1.09,0,2.38
0.81,4.13,1.79,0,1.09,0,2.38
0.81,4.13,1.79,0,1.09,0,2.38
0.81,4.13,1.79,0,1.09,0,2.38
0.81,4.13,1.79,0,1.09,0,2.38
0.81,4.13,1.79,0,1.09,0,2.38
0.81,4.13,1.79,0,1.09,0,2.38
0.81,4.13,1.79,0,1.09,0,2.38
0.81,4.13,1.79,0,1.09,0,2.38
0.81,4.13,1.79,0,1.09,0,2.38
0.81,4.13,1.79,0,1.09,0,2.38
0.81,4.13,1.79,0,1.09,0,2.38
0.81,4.13,1.79,0,1.09,0,2.38
0.81,4.13,1.79,0,1.09,0,2.38
0.81,4.13,1.79,0,1.09,0,2.38
0.81,4.13,1.79,0,1.09,0,2.38
0.81,4.13,1.79,0,1.09,0,2.38
0.81,4.13,1.79,0,1.09,0,2.38
0.81,4.13,1.79,0,1.09,0,2.38
0.81,3.29,1.79,0,1.09,0,2.38
0.81,3.29,1.79,0,0.99,0,2.38
0.81,3.29,1.79,0,0.99,0,2.38
0.81,3.29,1.79,0,0.99,0,2.38
0.81,3.29,1.79,0,0.99,0,2.38
0.81,3.29,1.79,0,0.99,0,2.38
0.81,3.29,1.79,0,0.99,0,2.38
0.81,3.29,1.79,0,0.99,0,2.38
0.81,3.29,1.79,0,0.99,0,2.38
0.81,3.29,1.79,0,0.99,0,2.38
0.81,3.29,1.79,0,0.99,0,2.53
0.81,3.29,2.48,0,0.99,0,2.53
0.81,3.29,2.48,0,0.99,0,2.53
0.81,3.29,2.48,0,0.99,0,2.53
0.81,3.29,2.48,0,0.99,0,2.53
0.81,3.29,2.48,0,0.99,0,2.53
0.81,3.29,2.48,0,0.99,0,2.53
0.81,3.29,2.48,0,0.99,0,2.53
0.81,3.29,2.48,0,0.99,0,2.53
0.81,3.29,2.48,0,0.99,0,2.53
0.81,3.29,2.48,0,0.99,0,2.53
0.81,3.29,2.48,0,0.99,0,2.53
0.81,3.29,2.48,0,0.99,0,2.53
0.81,3.29,2.48,0,0.99,0,2.53
0.81,3.29,2.48,0,0.99,0,2.53
0.81,3.29,2.48,0,0.99,0,2.53
0.81,3.29,2.48,0,0.99,0,2.53
0.81,3.29,2.48,0,0.99,0,2.53
0.81,3.29,2.48,0,0.99,0,2.53
0.81,3.29,2.48,0,0.99,0,2.53
0.81,3.29,2.48,0,0.99,0,2.53
0.81,3.29,2.48,0,0.99,0,2.53
0.81,3.29,2.48,0,0.99,0,2.53
0.81,3.29,2.48,0,0.99,0,2.53
0.81,3.29,2.48,0,0.99,0,2.53
0.81,3.29,2.48,0,0.99,0,2.53
0.81,3.29,2.48,0,0.99,0,2.53
0.81,3.29,2.48,0,0.99,0,2.53
0.81,3.29,2.48,0,0.99,0,2.53
0.81,3.29,2.48,0,0.99,0,2.53
0.81,3.29,2.48,0,0.99,0,2.53
0.81,3.29,2.48,0,0.99,0,2.53
0.81,3.29,2.48,0,0.99,0,2.53
0.81,3.29,2.48,0,0.99,0,2.53
0.81,3.29,2.48,0,0.99,0,2.53
0.81,3.29,2.48,0,0.99,0,2.53
0.81,3.29,2.48,0,0.99,0,2.53
0.81,3.29,2.48,0,0.99,0,2.53
0.81,3.29,2.48,0,0.99,0,2.53
0.81,3.29,2.48,0,0.99,0,2.53
0.81,3.29,2.48,0,0.99,0,2.53
0.81,3.29,2.48,0,0.99,0,2.53
0.81,3.29,2.48,0,0.99,0,2.53
0.81,3.29,2.48,0,0.99,0,2.53
0.81,3.29,2.48,0,0.99,0,2.53
0.81,3.29,2.48,0,0.99,0,2.53
0.81,3.29,2.48,0,0.99,0,2.53
0.81,3.29,2.48,0,0.99,0,2.53
0.81,3.29,2.48,0,0.99,0,2.53
0.81,3.29,2.48,0,0.99,0,2.53
0.81,3.29,2.48,0,0.99,0,2.53
0.81,3.29,2.48,0,0.99,0,2.53
0.81,3.29,2.48,0,0.99,0,2.53
0.81,3.29,2.48,0,0.99,0,2.53
0.81,3.29,2.48,0,0.99,0,2.53
0.81,3.14,2.48,0,0.99,0,2.53
0.81,3.14,2.48,0,0.99,0,2.53
0.81,3.14,2.48,0,0.99,0,2.53
0.81,3.14,2.48,0,0.99,0,2.53
0.81,3.14,2.48,0,0.99,0,2.53
0.81,3.14,1.7,0,0.99,0,2.53
0.81,3.14,1.7,0,0.99,0,2.53
0.81,3.14,1.7,0,0.99,0,2.53
0.81,3.14,1.7,0,0.99,0,2.53
0.81,3.14,1.7,0,0.99,0,2.53
0.81,3.14,1.7,0,0.99,0,2.53
0.81,3.14,1.7,0,0.99,0,2.53
0.81,3.14,1.7,0,0.99,0,2.53
0.81,3.14,1.7,0,0.99,0,2.53
0.81,3.14,1.7,0,0.99,0,2.53
0.81,3.14,1.7,0,0.99,0,1.35
0.81,3.14,1.7,0,0.99,0,1.35
0.81,3.14,1.7,0,0.99,0,1.35
0.81,3.14,1.7,0,0.99,0,1.35
0.81,3.14,1.7,0,0.99,0,1.35
0.81,3.14,1.7,0,0.99,0,1.35
0.81,3.14,1.7,0,0.99,0,1.35
0.81,3.14,1.7,0,1,0,1.35
0.81,3.14,1.7,0,1,0,1.35
0.81,3.14,1.7,0,1,0,1.35
0.81,3.14,1.7,0,1,0,1.35
0.81,3.14,1.7,0,1,0,1.35
0.81,3.14,1.7,0,1,0,1.35
0.81,3.14,1.7,0,1,0,1.35
0.81,3.14,1.7,0,1,0,1.35
0.81,3.14,1.7,0,1,0,1.35
0.81,3.14,1.7,0,1,0,1.35
0.81,3.14,1.7,0,1,0,1.35
0.81,3.14,1.7,0,1,0,1.35
0.81,3.14,1.7,0,1,0,1.35
0.81,3.14,1.7,0,1,0,1.35
0.81,3.14,1.7,0,1,0,1.35
0.81,3.14,1.7,0,1,0,1.35
0.81,3.14,1.7,0,1,0,1.35
0.81,3.14,1.7,0,1,0,1.35
0.81,3.14,1.7,0,1,0,1.35
0.81,3.14,1.7,0,1,0,1.35
0.81,3.14,1.7,0,1,0,1.35
0.81,3.14,1.7,0,1,0,1.35
0.81,3.14,1.7,0,1,0,1.35
0.81,3.14,1.7,0,1,0.07,1.35
0.81,3.14,1.7,0,1,0.22,1.35
0.81,3.14,1.7,0,1,0.43,1.35
0.81,3.14,1.7,0,1,0.67,1.35
0.81,3.14,1.7,0,1,0.93,1.35
0.81,3.14,1.7,0,1,1.2,1.35
0.81,3.14,1.7,0,1,1.44,1.35
0.81,3.14,1.7,0,1,1.65,1.35
0.81,3.14,1.7,0,1,1.8,1.35
0.81,3.14,1.7,0,1,1.87,1.35
0.81,3.14,1.7,0,1,1.87,1.35
0.81,3.14,1.7,0,1,1.87,1.35
0.81,3.14,1.7,0,1,1.87,1.35
0.81,3.14,1.7,0,1,1.87,1.35
0.81,3.14,1.7,0,1,1.87,1.35
0.81,2.89,1.7,0,1,1.87,1.35
0.81,2.89,1.7,0,1,1.87,1.35
0.81,2.89,1.7,0,1,1.87,1.35
0.81,2.89,1.7,0,1,1.87,1.35
0.81,2.89,1.7,0,1,1.87,1.35
0.81,2.89,1.7,0,1,1.87,1.35
0.81,2.89,1.7,0,1,1.87,1.35
0.81,2.89,1.7,0,1.04,1.87,1.35
0.81,2.89,1.7,0,1.04,1.87,1.35
0.47,2.89,1.7,0,1.04,1.87,1.01
0.47,2.89,1.7,0,1.04,1.87,1.01
0.47,2.89,1.7,0,1.04,1.87,1.01
0.47,2.89,1.7,0,1.04,1.87,1.01
0.47,2.89,1.7,0,1.04,1.87,1.01
0.47,2.89,1.7,0,1.04,1.87,1.01
0.47,2.89,1.7,0,1.04,1.87,1.01
0.47,2.89,1.7,0,1.04,1.87,1.01
0.47,2.89,4.58,0,1.04,1.87,1.01
0.47,2.89,4.58,0,1.04,1.87,1.01
0.47,2.89,4.58,0,1.04,1.87,1.01
0.47,2.89,4.58,0,1.04,1.87,1.01
0.47,2.89,4.58,0,1.04,1.87,1.01
0.47,2.89,4.58,0,1.04,1.87,1.01
0.47,2.89,4.58,0,1.04,1.87,1.01
0.47,2.89,4.58,0,1.04,1.87,1.01
0.47,2.89,4.58,0,1.04,1.87,1.01
0.47,2.89,4.58,0,1.04,1.87,1.01
0.47,2.89,4.58,0,1.04,1.87,1.01
0.47,2.89,4.58,0,1.04,1.87,1.01
0.47,2.89,4.58,0,1.04,1.87,1.01
0.47,2.89,4.58,0,1.04,1.87,1.01
0.47,2.89,4.58,0,1.04,1.87,1.01
0.47,2.89,4.58,0,1.04,1.87,1.01
0.47,2.89,4.58,0,1.04,1.87,1.01
0.47,2.89,4.58,0,1.04,1.87,1.01
0.47,2.89,4.58,0,1.04,1.87,1.01
0.47,2.89,4.58,0,1.04,1.87,1.01
0.47,2.89,4.58,0,1.04,1.87,1.01
0.47,2.89,4.58,0,1.04,1.87,1.01
0.47,2.89,4.58,0,1.04,1.87,1.01
0.47,2.89,4.58,0,1.04,1.87,1.01
0.47,2.89,4.58,0,1.04,1.87,1.01
0.47,2.89,4.58,0,1.04,1.87,1.01
0.47,2.89,4.58,0,1.04,1.87,1.01
0.47,2.89,4.58,0,1.04,1.87,1.01
0.47,2.89,4.58,0,1.04,1.87,1.01
0.47,2.89,4.58,0,1.04,1.87,1.01
0.47,2.89,4.58,0,1.04,1.87,1.01
0.47,2.89,4.58,0,1.04,1.87,1.01
0.47,2.89,4.58,0,1.04,1.87,1.01
0.47,2.89,4.58,0,1.04,1.87,1.01
0.47,2.89,4.58,0,1.04,1.87,1.01
0.47,2.89,4.58,0,1.04,1.87,1.01
0.47,2.89,4.58,0,1.04,1.87,1.01
0.47,2.89,4.58,0,1.04,1.87,1.01
0.47,2.89,4.58,0,1.04,1.87,1.01
0.47,2.89,4.58,0,1.04,1.87,1.01
0.47,2.89,4.58,0,1.04,1.87,1.01
0.47,2.89,4.58,0,1.04,1.87,1.01
0.47,2.89,4.58,0,1.04,1.87,1.01
0.47,2.89,4.58,0,1.04,1.87,1.01
0.47,2.89,4.58,0,1.04,1.87,1.01
0.47,2.89,4.58,0,1.04,1.87,1.01
0.47,2.89,4.58,0,1.04,1.87,1.01
0.47,2.89,4.58,0,1.04,1.87,1.01
0.47,2.89,4.58,0,1.04,1.87,1.01
0.47,2.89,4.58,0,1.04,1.87,1.01
0.47,2.89,4.58,0,1.04,1.87,1.01
0.47,2.89,4.58,0,1.04,1.87,1.01
0.47,2.89,4.58,0,1.04,1.87,1.01
0.47,3.43,4.58,0,1.04,1.87,1.01
0.35,3.43,4.58,0,1.04,1.87,1.01
0.35,3.43,4.58,0,1.04,1.87,1.01
0.35,3.43,4.58,0,1.04,1.87,1.01
0.35,3.43,4.58,0,1.13,1.87,1.01
0.35,3.43,4.58,0,1.13,1.87,1.01
0.35,3.43,4.58,0,1.13,1.87,1.01
0.35,3.43,4.58,0,1.13,1.87,1.01
0.35,3.43,4.58,0,1.13,1.87,1.01
0.35,3.43,4.58,0,1.13,1.87,1.01
0.35,3.43,4.02,0,1.13,1.87,0.27
0.35,3.43,4.02,0,1.13,1.87,0.27
0.35,3.43,4.02,0,1.13,1.87,0.27
0.35,3.43,4.02,0,1.13,1.87,0.27
0.35,3.43,4.02,0,1.13,1.87,0.27
0.35,3.43,4.02,0,1.13,1.87,0.27
0.35,3.43,4.02,0,1.13,1.87,0.27
0.35,3.43,4.02,0,1.13,1.87,0.27
0.35,3.43,4.02,0,1.13,1.87,0.27
0.35,3.43,4.02,0,1.13,1.87,0.27
0.35,3.43,4.02,0,1.13,1.87,0.27
0.35,3.43,4.02,0,1.13,1.87,0.27
0.35,3.43,4.02,0,1.13,1.87,0.27
0.35,3.43,4.02,0,1.13,1.87,0.27
0.35,3.43,4.02,0,1.13,1.87,0.27
0.35,3.43,4.02,0,1.13,1.87,0.27
0.35,3.43,4.02,0,1.13,1.87,0.27
0.35,3.43,4.02,0,1.13,1.87,0.27
0.35,3.43,4.02,0,1.13,1.87,0.27
0.35,3.43,4.02,0,1.13,1.87,0.27
0.35,3.43,4.02,0,1.13,1.87,0.27
0.35,3.43,4.02,0,1.13,1.87,0.27
0.35,3.43,4.02,0,1.13,1.87,0.27
0.35,3.43,4.02,0,1.13,1.87,0.27
0.35,3.43,4.02,0,1.13,1.87,0.27
0.35,3.43,4.02,0,1.13,1.87,0.27
0.35,3.43,4.02,0,1.13,1.87,0.27
0.35,3.43,4.02,0,1.13,1.87,0.27
0.35,3.43,4.02,0,1.13,1.87,0.27
0.35,3.43,4.02,0,1.13,1.87,0.27
0.35,3.43,4.02,0,1.13,1.87,0.27
0.35,3.43,4.02,0,1.13,1.87,0.27
0.35,3.43,4.02,0,1.13,1.87,0.27
0.35,3.43,4.02,0,1.13,1.87,0.27
0.35,3.43,4.02,0,1.13,1.87,0.27
0.35,3.43,4.02,0,1.13,1.87,0.27
0.35,3.43,4.02,0,1.13,1.87,0.27
0.35,3.43,4.02,0,1.13,1.87,0.27
0.35,3.43,4.02,0,1.13,1.87,0.27
0.35,3.43,4.02,0,1.13,1.87,0.27
0.35,3.43,4.02,0,1.13,1.87,0.27
0.35,3.43,4.02,0,1.13,1.87,0.27
0.35,3.43,4.02,0,1.13,1.87,0.27
0.35,3.43,4.02,0,1.13,1.87,0.27
0.35,3.43,4.02,0,1.13,1.87,0.27
0.35,3.43,4.02,0,1.13,1.87,0.27
0.35,3.43,4.02,0,1.13,1.87,0.27
0.35,3.43,4.02,0,1.13,1.87,0.27
0.35,3.43,4.02,0,1.13,1.87,0.27
0.35,3.43,4.02,0,1.13,1.87,0.27
0.35,3.43,4.02,0,1.13,1.87,0.27
0.35,3.43,4.02,0,1.13,1.87,0.27
0.35,3.43,4.02,0,1.13,1.87,0.27
0.35,3.43,4.02,0,1.13,1.87,0.27
0.35,3.43,4.02,0,1.37,1.87,0.27
0.35,3.39,4.02,0,1.37,1.87,0.27
0.35,3.39,4.02,0,1.37,1.87,0.27
0.35,3.39,4.02,0,1.37,1.87,0.27
0.35,3.39,4.02,0,1.37,1.87,0.27
0.35,3.39,4.02,0,1.37,1.87,0.27
0,3.39,4.02,0,1.37,1.87,0.27
0,3.39,4.02,0,1.37,1.87,0.27
0,3.39,4.02,0,1.37,1.87,0.27
0,3.39,4.02,0,1.37,1.87,0.27
0,3.39,4.02,0,1.37,1.87,0
0,3.39,4.02,0,1.37,1.87,0
0,3.39,2.52,0,1.37,1.87,0
0,3.39,2.52,0,1.37,1.87,0
0,3.39,2.52,0,1.37,1.87,0
0,3.39,2.52,0,1.37,1.87,0
0,3.39,2.52,0,1.37,1.87,0
0,3.39,2.52,0,1.37,1.87,0
0,3.39,2.52,0,1.37,1.7,0
0,3.39,2.52,0,1.37,1.7,0
0,3.39,2.52,0,1.37,1.7,0
0,3.39,2.52,0,1.37,1.7,0
0,3.39,2.52,0,1.37,1.7,0
0,3.39,2.52,0,1.37,1.7,0
0,3.39,2.52,0,1.37,1.7,0
0,3.39,2.52,0,1.37,1.7,0
0,3.39,2.52,0,1.37,1.7,0
0,3.39,2.52,0,1.37,1.7,0
0,3.39,2.52,0,1.37,1.7,0
0,3.39,2.52,0,1.37,1.7,0
0,3.39,2.52,0,1.37,1.7,0
0,3.39,2.52,0,1.37,1.7,0
0,3.39,2.52,0,1.37,1.7,0
0,3.39,2.52,0,1.37,1.7,0
0,3.39,2.52,0,1.37,1.7,0
0,3.39,2.52,0,1.37,1.7,0
0,3.39,2.52,0,1.37,1.7,0
0,3.39,2.52,0,1.37,1.7,0
0,3.39,2.52,0,1.37,1.7,0
0,3.39,2.52,0,1.37,1.7,0
0,3.39,2.52,0,1.37,1.7,0
0,3.39,2.52,0,1.37,1.7,0
0,3.39,2.52,0,1.37,1.7,0
0,3.39,2.52,0,1.37,1.7,0
0,3.39,2.52,0,1.37,1.7,0
0,3.39,2.52,0,1.37,1.7,0
0,3.39,2.52,0,1.37,1.7,0
0,3.39,2.52,0,1.37,1.7,0
0,3.39,2.52,0,1.37,1.7,0
0,3.39,2.52,0,1.37,1.7,0
0,3.39,2.52,0,1.37,1.7,0
0,3.39,2.52,0,1.37,1.7,0
0,3.39,2.52,0,1.37,1.7,0
0,3.39,2.52,0,1.37,1.7,0
0,3.39,2.52,0,1.37,1.7,0
0,3.39,2.52,0,1.37,1.7,0
0,3.39,2.52,0,1.37,1.7,0
0,3.39,2.52,0,1.37,1.7,0
0,3.39,2.52,0,1.37,1.7,0
0,3.39,2.52,0,1.37,1.7,0
0,3.39,2.52,0,1.37,1.7,0
0,3.39,2.52,0,1.37,1.7,0
0,3.39,2.52,0,1.37,1.7,0
0,3.39,2.52,0,1.37,1.7,0
0,3.39,2.52,0,1.37,1.7,0
0,3.39,2.52,0,1.37,1.7,0
0,3.39,2.52,0,1.37,1.7,0
0,3.39,2.52,0,1.37,1.7,0
0,3.39,2.52,0,1.37,1.7,0
0,3.39,2.52,0,1.37,1.7,0
0,3.39,2.52,0,1.37,1.7,0
0,3.5,2.52,0,1.37,1.7,0
0,3.5,2.52,0,1.37,1.7,0
0,3.5,2.52,0,1.37,1.7,0
0,3.5,2.52,0,1.37,1.7,0
0,3.5,2.52,0,1.37,1.7,0
0,3.5,2.52,0,1.37,1.7,0
0,3.5,1.15,0,1.37,1.7,0
0,3.5,1.15,0,1.37,1.7,0
0,3.5,1.15,0,1.37,1.7,0
0,3.5,1.15,0,1.37,1.7,0
3.88,3.5,1.15,0,1.37,1.7,0
3.88,3.5,1.15,0,1.37,1.7,0
3.88,3.5,1.15,0,1.37,1.7,0
3.88,3.5,1.15,0,1.37,1.7,0
3.88,3.5,1.15,0,1.37,1.7,0
3.88,3.5,1.15,0,1.37,1.7,0
3.88,3.5,1.15,0,1.38,1.7,0
3.88,3.5,1.15,0,1.38,1.7,0
3.88,3.5,1.15,0,1.38,1.7,0
3.88,3.5,1.15,0,1.38,1.7,0
3.88,3.5,1.15,0,1.38,1.7,0
3.88,3.5,1.15,0,1.38,1.7,0
3.88,3.5,1.15,0,1.38,1.7,0
3.88,3.5,1.15,0,1.38,1.7,0
3.88,3.5,1.15,0,1.38,1.7,0
3.88,3.5,1.15,0,1.38,1.46,0
3.88,3.5,1.15,0,1.38,1.46,0
3.88,3.5,1.15,0,1.38,1.46,0
3.88,3.5,1.15,0,1.38,1.46,0
3.88,3.5,1.15,0,1.38,1.46,0
3.88,3.5,1.15,0,1.38,1.46,0
3.88,3.5,1.15,0,1.38,1.46,0
3.88,3.5,1.15,0,1.38,1.46,0
3.88,3.5,1.15,0,1.38,1.46,0
3.88,3.5,1.15,0,1.38,1.46,0
3.88,3.5,1.15,0,1.38,1.46,0
3.88,3.5,1.15,0,1.38,1.46,0
3.88,3.5,1.15,0,1.38,1.46,0
3.88,3.5,1.15,0,1.38,1.46,0
3.88,3.5,1.15,0,1.38,1.46,0
3.88,3.5,1.15,0,1.38,1.46,0
3.88,3.5,1.15,0,1.38,1.46,0
3.88,3.5,1.15,0,1.38,1.46,0
3.88,3.5,1.15,0,1.38,1.46,0
3.88,3.5,1.15,0,1.38,1.46,0
3.88,3.5,1.15,0,1.38,1.46,0
3.88,3.5,1.15,0,1.38,1.46,0
3.88,3.5,1.15,0,1.38,1.46,0
3.88,3.5,1.15,0,1.38,1.46,0
3.88,3.5,1.15,0,1.38,1.46,0
3.88,3.5,1.15,0,1.38,1.46,0
3.88,3.5,1.15,0,1.38,1.46,0
3.88,3.5,1.15,0,1.38,1.46,0
3.88,3.5,1.15,0,1.38,1.46,0
3.88,3.5,1.15,0,1.38,1.46,0
3.88,3.5,1.15,0,1.38,1.46,0
3.88,3.5,1.15,0,1.38,1.46,0
3.88,3.5,1.15,0,1.38,1.46,0
3.88,3.5,1.15,0,1.38,1.46,0
3.88,3.5,1.15,0,1.38,1.46,0
3.88,3.5,1.15,0,1.38,1.46,0
3.88,2.75,1.15,0,1.38,1.46,0
3.88,2.75,1.15,0,1.38,1.46,0
3.88,2.75,1.15,0,1.38,1.46,0
3.88,2.75,1.15,0,0,1.46,0
3.88,2.75,1.15,0,0,1.46,0
3.88,2.75,1.15,0,0,1.46,0
3.88,2.75,1.15,0,0,1.46,0
5.55,2.75,1.15,0,0,1.46,0
5.55,2.75,1.15,0,0,1.46,0
5.55,2.75,0,0,0,1.46,0
5.55,2.75,0,0,0,1.46,0
5.55,2.75,0,0,0,1.46,0
5.55,2.75,0,0,0,1.46,0
5.55,2.75,0,0,0,1.46,0
5.55,2.75,0,0,0,1.46,0
5.55,2.75,0,0,0,1.46,0
5.55,2.75,0,0,0,0.71,0
5.55,2.75,0,0,0,0.71,0
5.55,2.75,0,0,0,0.71,0
5.55,2.75,0,0,0,0.71,0
5.55,2.75,0,0,0,0.71,0
5.55,2.75,0,0,0,0.71,0
5.55,2.75,0,0,0,0.71,0
5.55,2.75,0,0,0,0.71,0
5.55,2.75,0,0,0,0.71,0
5.55,2.75,0,0,0,0.71,0
5.55,2.75,0,0,0,0.71,0
5.55,2.75,0,0,0,0.71,0
5.55,2.75,0,0,0,0.71,0
5.55,2.75,0,0,0,0.71,0
5.55,2.75,0,0,0,0.71,0
5.55,2.75,0,0,0,0.71,0
5.55,2.75,0,0,0,0.71,0
5.55,2.75,0,0,0,0.71,0
5.55,2.75,0,0,0,0.71,0
5.55,2.75,0,0,0,0.71,0
5.55,2.75,0,0,0,0.71,0
5.55,2.75,0,0,0,0.71,0
5.55,2.75,0,0,0,0.71,0
5.55,2.75,0,0,0,0.71,0
5.55,2.75,0,0,0,0.71,0
5.55,2.75,0,0,0,0.71,0
5.55,2.75,0,0,0,0.71,0
5.55,2.75,0,0,0,0.71,0
5.55,2.75,0,0,0,0.71,0
5.55,2.75,0,0,0,0.71,0
5.55,2.75,0,0,0,0.71,0
5.55,2.75,0,0,0,0.71,0
5.55,2.75,0,0,0,0.71,0
5.55,2.75,0,0,0,0.71,0
5.55,2.75,0,0,0,0.71,0
5.55,2.75,0,0,0,0.71,0
5.55,2.75,0,0,0,0.71,0
5.55,2.75,0,0,0,0.71,0
5.55,2.75,0,0,0,0.71,0
5.55,2.75,0,0,0,0.71,0
5.55,2.75,0,0,0,0.71,0
5.55,2.75,0,0,0,0.71,0
5.55,2.75,0,0,0,0.71,0
5.55,2.75,0,0,0,0.71,0
5.55,2.75,0,0,0,0.71,0
5.55,2.75,0,0,0,0.71,0
5.55,2.75,0,0,0,0.71,0
5.55,2.75,0,0,0,0.71,0
5.55,0.44,0,0,0,0.71,0
5.55,0.44,0,0,0,0.71,0
5.55,0.44,0,0,0,0.71,0
5.55,0.44,0,0,0,0.71,0
5.55,0.44,0,0,0,0.71,0
5.55,0.44,0,0,0,0.71,0
3.72,0.44,0,0,0,0.71,0
3.72,0.44,0,0,0,0.71,0
3.72,0.44,0,0,0,0.71,0
3.72,0.44,0,0,0,0.71,0
3.72,0.44,0,0,0,0.71,0
3.72,0.44,0,0,0,0.71,0
3.72,0.44,0,0,0,0.71,0
3.72,0.44,0,0,0,0.71,0
3.72,0.44,0,0,0,0.71,0
3.72,0.44,0,0,0,0.71,0
3.72,0.44,0,0,0,0.71,0
3.72,0.44,0,0,0,0,0
3.72,0.44,0,0,0,0,0
3.72,0.44,0,0,0,0,0
3.72,0.44,0,0,0,0,0
3.72,0.44,0,0,0,0,0
3.72,0.44,0,0,0,0,0
3.72,0.44,0,0,0,0,0
3.72,0.44,0,0,0,0,0
3.72,0.44,0,0,0,0,0
3.72,0.44,0,0,0,0,0
3.72,0.44,0,0,0,0,0
3.72,0.44,0,0,0,0,0
3.72,0.44,0,0,0,0,0
3.72,0.44,0,0,0,0,0
3.72,0.44,0,0,0,0,0
3.72,0.44,0,0,0,0,0
3.72,0.44,0,0,0,0,0
3.72,0.44,0,0,0,0,0
3.72,0.44,0,0,0,0,0
3.72,0.44,0,0,0,0,0
3.72,0.44,0,0,0,0,0
3.72,0.44,0,0,0,0,0
3.72,0.44,0,0,0,0,0
3.72,0.44,0,0,0,0,0
3.72,0.44,0,0,0,0,0
3.72,0.44,0,0,0,0,0
3.72,0.44,0,0,0,0,0
3.72,0.44,0,0,0,0,0
3.72,0.44,0,0,0,0,0
3.72,0.44,0,0,0,0,0
3.72,0.44,0,0,0,0,0
3.72,0.44,0,0,0,0,0
3.72,0.44,0,0,0,0,0
3.72,0.44,0,0,0,0,0
3.72,0.44,0,0,0,0,0
3.72,0.44,0,0,0,0,0
3.72,0.44,0,0,0,0,0
3.72,0.44,0,0,0,0,0
3.72,0.44,0,0,0,0,0
3.72,0.44,0,0,0,0,0
3.72,0.44,0,0,0,0,0
3.72,0.44,0,0,0,0,0
3.72,0.44,0,0,0,0,0
3.72,0.44,0,0,0,0,0
3.72,0.44,0,0,0,0,0
3.72,0.44,0,0,0,0,0
3.72,0.44,0,0,0,0,0
3.72,0.44,0,0,0,0,0
3.72,0,0,0,0,0,0
3.72,0,0,0,0,0,0
3.72,0,0,0,0,0,0
3.72,0,0,0,0,0,0
3.72,0,0,0,0,0,0
3.72,0,0,0,0,0,0
3.72,0,0,0,0,0,0
2.81,0,0,0,0,0,0
2.81,0,0,0,0,0,0
2.81,0,0,0,0,0,0
2.81,0,0,0,0,0,0
2.81,0,0,0,0,0,0
2.81,0,0,0,0,0,0
2.81,0,0,0,0,0,0
2.81,0,0,0,0,0,0
2.81,0,0,0,0,0,0
2.81,0,0,0,0,0,0
2.81,0,0,0,0,0,0
2.81,0,0,0,0,0,0
2.81,0,0,0,0,0,0
2.81,0,0,0,0,0,0
2.81,0,0,0,0,0,0
2.81,0,0,0,0,0,0
2.81,0,0,0,0,0,0
2.81,0,0,0,0,0,0
2.81,0,0,0,0,0,0
2.81,0,0,0,0,0,0
2.81,0,0,0,0,0,0
2.81,0,0,0,0,0,0
2.81,0,0,0,0,0,0
2.81,0,0,0,0,0,0
2.81,0,0,0,0,0,0
2.81,0,0,0,0,0,0
2.81,0,0,0,0,0,0
2.81,0,0,0,0,0,0
2.81,0,0,0,0,0,0
2.81,0,0,0,0,0,0
2.81,0,0,0,0,0,0
2.81,0,0,0,0,0,0
2.81,0,0,0,0,0,0
2.81,0,0,0,0,0,0
2.81,0,0,0,0,0,0
2.81,0,0,0,0,0,0
2.81,0,0,0,0,0,0
2.81,0,0,0,0,0,0
2.81,0,0,0,0,0,0
2.81,0,0,0,0,0,0
2.81,0,0,0,0,0,0
2.81,0,0,0,0,0,0
2.81,0,0,0,0,0,0
2.81,0,0,0,0,0,0
2.81,0,0,0,0,0,0
2.81,0,0,0,0,0,0
2.81,0,0,0,0,0,0
2.81,0,0,0,0,0,0
2.81,0,0,0,0,0,0
2.81,0,0,0,0,0,0
2.81,0,0,0,0,0,0
2.81,0,0,0,0,0,0
2.81,0,0,0,0,0,0
2.81,0,0,0,0,0,0
2.81,0,0,0,0,0,0
2.81,0,0,0,0,0,0
2.81,0,0,0,0,0,0
2.81,0,0,0,0,0,0
2.81,0,0,0,0,0,0
2.81,0,0,0,0,0,0
2.81,0,0,0,0,0,0
2.81,0,0,0,0,0,0
2.81,0,0,0,0,0,0
2.81,0,0,0,0,0,0
2.81,0,0,0,0,0,0
2.81,0,0,0,0,0,0
2.81,0,0,0,0,0,0
2.81,0,0,0,0,0,0
2.81,0,0,0,0,0,0
2.81,0,0,0,0,0,0
2.81,0,0,0,0,0,0
2.81,0,0,0,0,0,0
2.81,0,0,0,0,0,0
0,0,0,0,0,0,0
0,0,0,0,0,0,0
0,0,0,0,0,0,0
0,0,0,0,0,0,0
0,0,0,0,0,0,0
0,0,0,0,0,0,0
0,0,0,0,0,0,0
0,0,0,0,0,0,0
0,0,0,0,0,0,0
0,0,0,0,0,0,0
0,0,0,0,0,0,0
0,0,0,0,0,0,0
0,0,0,0,0,0,0
0,0,0,0,0,0,0
0,0,0,0,0,0,0
0,0,0,0,0,0,0
0,0,0,0,0,0,0
0,0,0,0,0,0,0
0,0,0,0,0,0,0
0,0,0,0,0,0,0
0,0,0,0,0,0,0
0,0,0,0,0,0,0
0,0,0,0,0,0,0
0,0,0,0,0,0,0
0,0,0,0,0,0,0
0,0,0,0,0,0,0
0,0,0,0,0,0,0
0,0,0,0,0,0,0
0,0,0,0,0,0,0
0,0,0,0,0,0,0
0,0,0,0,0,0,0
0,0,0,0,0,0,0
0,0,0,0,0,0,0
0,0,0,0,0,0,0
0,0,0,0,0,0,0
0,0,0,0,0,0,0
0,0,0,0,0,0,0
0,0,0,0,0,0,0
0,0,0,0,0,0,0
0,0,0,0,0,0,0
0,0,0,0,0,0,0
0,0,0,0,0,0,0
0,0,0,0,0,0,0
0,0,0,0,0,0,0
0,0,0,0,0,0,0
0,0,0,0,0,0,0
0,0,0,0,0,0,0
0,0,0,0,0,0,0
0,0,0,0,0,0,0
0,0,0,0,0,0,0
0,0,0,0,0,0,0
0,0,0,0,0,0,0
0,0,0,0,0,0,0
0,0,0,0,0,0,0
0,0,0,0,1.01,0,0
0,0,0,0,1.01,0,0
0,0,0,0,1.01,0,0
0,0,0,0,1.01,0,0
0,0,0,0,1.01,0,0
0,0,0,0,1.01,0,0
0,0,0,0,1.01,0,0
0,0,0,0,1.01,0,0
0,0,0,0,1.01,0,0
0,0,0,0,1.01,0,0
0,0,0,0,1.01,0,0
0,0,0,0,1.01,0,0
0,0,0,0,1.01,0,0
0,0,0,0,1.01,0,0
0,0,0,0,1.01,0,0
0,0,0,0,1.01,0,0
0,0,0,0,1.01,0,0
0,0,0,0,1.01,0,0
0,0,0,0,1.01,0,0
0,0,0,0,1.01,0,0
0,0,0,0,1.01,0,0
0,0,0,0,1.01,0,0
0,0,0,0,1.01,0,0
0,0,0,0,1.01,0,0
0,0,0,0,1.01,0,0
0,0,0,0,1.01,0,0
0,0,0,0,1.01,0,0
0,0,0,0,1.01,0,0
0,0,0,0,1.01,0,0
0,0,0,0,1.01,0,0
0,0,0,0,1.01,0,0
0,0,0,0,1.01,0,0
0,0,0,0,1.01,0,0
0,0,0,0,1.01,0,0
0,0,0,0,1.01,0,0
0,0,0,0,1.01,0,0
0,0,0,0,1.01,0,0
0,0,0,0,1.01,0,0
0,0,0,0,1.01,0,0
0,0,0,0,1.01,0,0
0,0,0,0,1.01,0,0
0,0,0,0,1.01,0,0
0,0,0,0,1.01,0,0
0,0,0,0,1.01,0,0
0,0,0,0,1.01,0,0
0,0,0,0,1.01,0,0
0,0,0,0,1.01,0,0
0,0,0,0,1.01,0,0
0,0,0,0,1.01,0,0
0,0,0,0,1.01,0,0
0,0,0,0,1.01,0,0
0,0,0,0,1.01,0,0
0,0,0,0,1.01,0,0
0,0,0,0,1.01,0,0
0,0,0,0,1.01,0,0
0,0,0,0,1.01,0,0
0,0,0,0,1.01,0,0
0,0,0,0,1.01,0,0
0,0,0,0,1.01,0,0
0,0,0,0,1.01,0,0
0,0,0,0,1.01,0,0
0,0,0,0,1.01,0,0
0,0,0,0,1.01,0,0
0,0,0,0,1.01,0,0
0,0,0,0,1.01,0,0
0,0,0,0,2.96,0,0
0,0,0,0,2.96,0,1.24
0,0,0,0,2.96,0,1.24
0,0,0,0,2.96,0,1.24
0,0,0,0,2.96,0,1.24
0,0,0,0,2.96,0,1.24
0,0,0,0,2.96,0,1.24
0,0,0,0,2.96,0,1.24
0,0,0,2.74,2.96,0,1.24
0,0,0,2.74,2.96,0,1.24
0,0,0,2.74,2.96,0,1.24
0,0,0,2.74,2.96,2.21,1.24
0,0,0,2.74,2.96,2.21,1.24
0,0,0,2.74,2.96,2.21,1.24
0,0,0,2.74,2.96,2.21,1.24
0,0,0,2.74,2.96,2.21,1.24
0,0,0,2.74,2.96,2.21,1.24
0,0,0,2.74,2.96,2.21,1.24
0,0,0,2.74,2.96,2.21,1.24
0,0,0,2.74,2.96,2.21,1.24
0,0,0,2.74,2.96,2.21,1.24
0,0,0,2.74,2.96,2.21,1.24
0,0,0,2.74,2.96,2.21,1.24
0,0,0,2.74,2.96,2.21,1.24
0,0,0,2.74,2.96,2.21,1.24
0,0,0,2.74,2.96,2.21,1.24
0,0,0,2.74,2.96,2.21,1.24
0,0,0,2.74,2.96,2.21,1.24
0,0,0,2.74,2.96,2.21,1.24
0,0,0,2.74,2.96,2.21,1.24
0,0,0,2.74,2.96,2.21,1.24
0,0,0,2.74,2.96,2.21,1.24
0,0,0,2.74,2.96,2.21,1.24
0,0,0,2.74,2.96,2.21,1.24
0,0,0,2.74,2.96,2.21,1.24
0,0,0,2.74,2.96,2.21,1.24
0,0,0,2.74,2.96,2.21,1.24
0,0,0,2.74,2.96,2.21,1.24
0,0,0,2.74,2.96,2.21,1.24
0,0,0,2.74,2.96,2.21,1.24
0,0,0,2.74,2.96,2.21,1.24
0,0,0,2.74,2.96,2.21,1.24
0,0,0,2.74,2.96,2.21,1.24
0,0,0,2.74,2.96,2.21,1.24
0,0,0,2.74,2.96,2.21,1.24
0,0,0,2.74,2.96,2.21,1.24
0,0,0,2.74,2.96,2.21,1.24
0,0,0,2.74,2.96,2.21,1.24
0,0,0,2.74,2.96,2.21,1.24
0,0,0,2.74,2.96,2.21,1.24
0,0,0,2.74,2.96,2.21,1.24
0,0,0,2.74,2.96,2.21,1.24
0,0,0,2.74,2.96,2.21,1.24
0,0,0,2.74,2.96,2.21,1.24
0,0,0,2.74,2.96,2.21,1.24
0,0,0,2.74,2.96,2.21,1.24
0,0,0,2.74,2.96,2.21,1.24
0,0,0,2.74,2.96,2.21,1.24
0,0,0,2.74,2.96,2.21,1.24
0,0,0,2.74,2.96,2.21,1.24
0,0,0,2.74,2.96,2.21,1.24
0,0,0,2.74,2.96,2.21,1.24
0,0,0,2.74,2.96,2.21,1.24
0,0,0,2.74,2.96,2.21,1.24
0,0,0,2.74,2.96,2.21,1.24
0,0,0,2.74,3.84,2.21,1.24
