"BATS.EPS.","ID.GUD.EPS.","X.IMBBY.EPS.","U.VGR.EPS.","U.STZ.EPS.","U.TPB.EPS.","U.RLX.EPS.","U.PM.EPS."
2.57,0.19,3.21,0.46,4.33,0,0,4.65
2.57,0.19,3.21,0.46,4.33,0,0,4.65
2.57,0.2,3.21,0.46,4.33,0,0,4.65
2.57,0.2,3.21,0.46,4.33,0,0,4.65
2.57,0.2,2.73,0.46,4.33,0,0,4.65
2.57,0.2,2.73,0.46,4.33,0,0,4.65
2.57,0.2,2.73,0.43,4.33,0,0,4.65
2.57,0.2,2.73,0.43,4.33,0,0,4.65
2.57,0.2,2.73,0.43,4.33,0,0,4.65
2.57,0.2,2.73,0.43,4.33,0,0,4.65
2.57,0.2,2.73,0.43,4.33,0,0,4.65
2.57,0.2,2.73,0.43,4.33,0,0,4.65
2.57,0.2,2.73,0.43,4.33,0,0,4.65
2.57,0.2,2.73,0.43,4.33,0,0,4.65
2.57,0.2,2.73,0.43,4.33,0,0,4.65
2.57,0.2,2.73,0.43,4.33,0,0,4.65
2.57,0.2,2.73,0.43,4.33,0,0,4.65
2.57,0.2,2.73,0.43,4.33,0,0,4.65
2.57,0.2,2.73,0.43,4.33,0,0,4.65
2.57,0.2,2.73,0.43,4.33,0,0,4.65
2.57,0.2,2.73,0.43,4.33,0,0,4.65
2.57,0.2,2.73,0.43,4.33,0,0,4.65
2.57,0.2,2.73,0.43,4.33,0,0,4.65
2.57,0.2,2.73,0.43,4.33,0,0,4.65
2.57,0.2,2.73,0.43,4.33,0,0,4.65
2.57,0.2,2.73,0.43,4.33,0,0,4.65
2.57,0.2,2.73,0.43,4.33,0,0,4.65
2.57,0.2,2.73,0.43,4.33,0,0,4.65
2.57,0.2,2.73,0.43,4.33,0,0,4.65
2.57,0.2,2.73,0.43,4.33,0,0,4.65
2.57,0.2,2.73,0.43,4.33,0,0,4.65
2.57,0.2,2.73,0.43,4.33,0,0,4.65
2.57,0.2,2.73,0.43,4.33,0,0,4.65
2.57,0.2,2.73,0.43,4.33,0,0,4.65
2.57,0.2,2.73,0.43,4.33,0,0,4.65
2.57,0.2,2.73,0.43,4.33,0,0,4.65
2.57,0.2,2.73,0.43,4.33,0,0,4.65
2.57,0.2,2.73,0.43,4.33,0,0,4.65
2.57,0.2,2.73,0.43,4.33,0,0,4.65
2.57,0.2,2.73,0.43,4.33,0,0,4.65
2.57,0.2,2.73,0.43,4.33,0,0,4.65
2.57,0.2,2.73,0.43,4.33,0,0,4.65
2.57,0.2,2.73,0.43,4.33,0,0,4.65
2.57,0.2,2.73,0.43,4.33,0,0,4.65
2.57,0.2,2.73,0.43,4.33,0,0,4.65
2.57,0.2,2.73,0.43,4.33,0,0,4.65
2.57,0.2,2.73,0.43,4.33,0,0,4.65
2.57,0.2,2.73,0.43,4.33,0,0,4.65
2.57,0.2,2.73,0.43,4.33,0,0,4.65
2.57,0.2,2.73,0.43,4.33,0,0,4.65
2.57,0.2,2.73,0.43,4.33,0,0,4.65
2.57,0.2,2.73,0.43,4.33,0,0,4.65
2.57,0.2,2.73,0.43,4.33,0,0,4.65
2.57,0.2,2.73,0.43,4.33,0,0,4.65
2.57,0.2,2.73,0.43,4.53,0,0,4.65
2.57,0.2,2.73,0.43,4.53,0,0,4.65
2.57,0.2,2.73,0.43,4.53,0,0,4.65
2.57,0.2,2.73,0.43,4.53,0,0,4.65
2.57,0.2,2.73,0.43,4.53,0,0,4.65
2.57,0.2,2.73,0.43,4.53,0,0,4.65
2.57,0.2,2.73,0.43,4.53,0,0,4.65
2.57,0.2,2.73,0.43,4.53,0,0,4.65
2.57,0.2,2.73,0.43,4.53,0,0,4.65
2.57,0.2,2.73,0.43,4.53,0,0,4.65
2.57,0.2,2.73,0.43,4.53,0,0,4.65
2.57,0.2,2.73,0.43,4.53,0,0,4.65
2.57,0.2,2.73,0.43,4.53,0,0,4.65
2.57,0.2,2.73,0.43,4.53,0,0,4.65
2.57,0.2,2.73,0.43,4.53,0,0,4.65
2.57,0.2,2.73,0.43,4.53,0,0,4.65
2.57,0.2,2.73,0.43,4.53,0,0,4.65
2.57,0.2,2.73,0.43,4.53,0,0,4.65
2.57,0.2,2.73,0.43,4.53,0,0,4.65
2.57,0.2,2.73,0.43,4.53,0,0,4.42
2.57,0.2,2.73,0.43,4.53,0,0,4.42
2.57,0.2,2.73,0.43,4.53,0,0,4.42
2.57,0.2,2.73,0.43,4.53,0,0,4.42
2.57,0.2,2.73,0.43,4.53,0,0,4.42
2.57,0.2,2.73,0.43,4.53,0,0,4.42
2.57,0.2,2.73,0.43,4.53,0,0,4.42
2.57,0.2,2.73,0.43,4.53,0,0,4.42
2.57,0.2,2.73,0.43,4.53,0,0,4.42
2.57,0.2,2.73,0.43,4.53,0,0,4.42
2.57,0.2,2.73,0.43,4.53,0,0,4.42
2.57,0.2,2.73,0.43,4.53,0,0,4.42
2.57,0.2,2.73,0.43,4.53,0,0,4.42
2.74,0.2,2.73,0.43,4.53,0,0,4.42
2.74,0.2,2.73,0.43,4.53,0,0,4.42
2.74,0.2,2.73,0.43,4.53,0,0,4.42
2.74,0.2,2.73,0.43,4.53,0,0,4.42
2.74,0.2,2.73,0.43,4.53,0,0,4.42
2.74,0.2,2.73,0.43,4.53,0,0,4.42
2.74,0.2,2.73,0.43,4.53,0,0,4.42
2.74,0.2,2.73,0.4,4.53,0,0,4.42
2.74,0.2,2.73,0.4,4.53,0,0,4.42
2.74,0.2,2.73,0.4,4.53,0,0,4.42
2.74,0.2,2.73,0.4,4.53,0,0,4.42
2.74,0.2,2.73,0.4,4.53,0,0,4.42
2.74,0.2,2.73,0.4,4.53,0,0,4.42
2.74,0.2,2.73,0.4,4.53,0,0,4.42
2.74,0.2,2.73,0.4,4.53,0,0,4.42
2.74,0.2,2.73,0.4,4.53,0,0,4.42
2.74,0.2,2.73,0.4,4.53,0,0,4.42
2.74,0.2,2.73,0.4,4.53,0,0,4.42
2.74,0.2,2.73,0.4,4.53,0,0,4.42
2.74,0.2,2.73,0.4,4.53,0,0,4.42
2.74,0.2,2.73,0.4,4.53,0,0,4.42
2.74,0.2,2.73,0.4,4.53,0,0,4.42
2.74,0.2,2.73,0.4,4.53,0,0,4.42
2.74,0.2,2.73,0.4,4.53,0,0,4.42
2.74,0.2,2.73,0.4,4.53,0,0,4.42
2.74,0.24,2.73,0.4,4.53,0,0,4.42
2.74,0.24,2.73,0.4,4.53,0,0,4.42
2.74,0.24,2.73,0.4,4.53,0,0,4.42
2.74,0.24,2.73,0.4,4.53,0,0,4.42
2.74,0.24,2.73,0.4,4.53,0,0,4.42
2.74,0.24,2.73,0.4,4.53,0,0,4.42
2.74,0.24,2.73,0.4,4.53,0,0,4.42
2.74,0.24,2.73,0.4,4.53,0,0,4.42
2.74,0.24,2.73,0.4,4.64,0,0,4.42
2.74,0.24,2.73,0.4,4.64,0,0,4.42
2.74,0.24,2.73,0.4,4.64,0,0,4.42
2.74,0.24,2.73,0.4,4.64,0,0,4.42
2.74,0.24,2.73,0.4,4.64,0,0,4.42
2.74,0.24,2.73,0.4,4.64,0,0,4.42
2.74,0.24,2.73,0.4,4.64,0,0,4.42
2.74,0.24,2.73,0.4,4.64,0,0,4.25
2.74,0.24,2.73,0.4,4.64,0,0,4.25
2.74,0.24,2.73,0.4,4.64,0,0,4.25
2.74,0.24,2.73,0.4,4.64,0,0,4.25
2.74,0.24,2.73,0.4,4.64,0,0,4.25
2.74,0.24,2.73,0.4,4.64,0,0,4.25
2.74,0.25,2.73,0.4,4.64,0,0,4.25
2.74,0.25,2.73,0.4,4.64,0,0,4.25
2.74,0.25,2.73,0.39,4.64,0,0,4.25
2.74,0.25,2.73,0.39,4.64,0,0,4.25
2.74,0.25,2.73,0.39,4.64,0,0,4.25
2.74,0.25,2.73,0.39,4.64,0,0,4.25
2.74,0.25,2.73,0.39,4.64,0,0,4.25
2.74,0.25,2.73,0.39,4.64,0,0,4.25
2.74,0.25,2.73,0.39,4.64,0,0,4.25
2.74,0.25,2.73,0.39,4.64,0.01,0,4.25
2.74,0.25,2.73,0.39,4.64,0.01,0,4.25
2.74,0.25,2.73,0.39,4.64,0.02,0,4.25
2.74,0.25,2.73,0.39,4.64,0.03,0,4.25
2.74,0.25,2.73,0.39,4.64,0.04,0,4.25
2.74,0.25,2.73,0.39,4.64,0.05,0,4.25
2.74,0.25,2.73,0.39,4.64,0.07,0,4.25
2.74,0.25,2.73,0.39,4.64,0.08,0,4.25
2.74,0.25,2.73,0.39,4.64,0.1,0,4.25
2.74,0.25,2.73,0.39,4.64,0.12,0,4.25
2.74,0.25,2.73,0.39,4.64,0.14,0,4.25
2.74,0.25,2.73,0.39,4.64,0.16,0,4.25
2.74,0.25,2.73,0.39,4.64,0.18,0,4.25
2.74,0.25,2.73,0.39,4.64,0.2,0,4.25
2.74,0.25,2.73,0.39,4.64,0.22,0,4.25
2.74,0.25,2.73,0.39,4.64,0.23,0,4.25
2.74,0.25,2.73,0.39,4.64,0.25,0,4.25
2.74,0.25,2.73,0.39,4.64,0.27,0,4.25
2.74,0.25,2.73,0.39,4.64,0.29,0,4.25
2.74,0.25,2.73,0.39,4.64,0.31,0,4.25
2.74,0.25,2.73,0.39,4.64,0.33,0,4.25
2.74,0.25,2.73,0.39,4.64,0.35,0,4.25
2.74,0.25,2.73,0.39,4.64,0.36,0,4.25
2.74,0.25,2.73,0.39,4.64,0.38,0,4.25
2.74,0.25,2.73,0.39,4.64,0.39,0,4.25
2.74,0.25,2.73,0.39,4.64,0.4,0,4.25
2.74,0.25,2.73,0.39,4.64,0.41,0,4.25
2.74,0.25,2.73,0.39,4.64,0.42,0,4.25
2.74,0.25,2.73,0.39,4.64,0.42,0,4.25
2.74,0.25,2.73,0.39,4.64,0.43,0,4.25
2.74,0.25,2.73,0.39,4.64,0.43,0,4.25
2.74,0.25,2.73,0.39,4.64,0.43,0,4.25
2.74,0.25,2.73,0.39,4.64,0.43,0,4.25
2.74,0.25,2.73,0.39,4.64,0.43,0,4.25
2.74,0.25,2.73,0.39,4.64,0.43,0,4.25
2.74,0.25,2.73,0.39,4.64,0.43,0,4.25
2.74,0.25,2.73,0.39,4.64,0.43,0,4.25
2.74,0.25,2.73,0.39,4.64,0.43,0,4.25
2.74,0.25,2.73,0.39,4.98,0.43,0,4.25
2.74,0.25,2.73,0.39,4.98,0.43,0,4.25
2.74,0.25,2.73,0.39,4.98,0.43,0,4.25
2.74,0.25,2.73,0.39,4.98,0.43,0,4.25
2.74,0.25,2.73,0.39,4.98,0.43,0,4.25
2.74,0.25,2.73,0.39,4.98,0.43,0,4.25
2.74,0.25,2.73,0.39,4.98,0.43,0,4.25
2.74,0.25,2.73,0.39,4.98,0.43,0,4.25
2.74,0.25,2.73,0.39,4.98,0.43,0,4.25
2.74,0.25,2.73,0.39,4.98,0.43,0,4.25
2.74,0.25,2.73,0.39,4.98,0.43,0,4.25
2.74,0.25,2.73,0.39,4.98,0.43,0,4.25
2.74,0.25,2.73,0.39,4.98,0.43,0,4.19
2.74,0.25,2.73,0.39,4.98,0.43,0,4.19
2.74,0.25,2.73,0.39,4.98,0.43,0,4.19
2.74,0.25,2.73,0.39,4.98,0.43,0,4.19
2.74,0.25,2.73,0.39,4.98,0.43,0,4.19
2.89,0.25,2.73,0.39,4.98,0.43,0,4.19
2.89,0.25,2.73,0.43,4.98,0.43,0,4.19
2.89,0.25,2.73,0.43,4.98,0.43,0,4.19
2.89,0.25,2.73,0.43,4.98,0.43,0,4.19
2.89,0.25,2.73,0.43,4.98,0.43,0,4.19
2.89,0.25,2.73,0.43,4.98,0.43,0,4.19
2.89,0.25,2.73,0.43,4.98,0.43,0,4.19
2.89,0.25,2.73,0.43,4.98,0.43,0,4.19
2.89,0.25,2.73,0.43,4.98,0.43,0,4.19
2.89,0.25,2.73,0.43,4.98,0.43,0,4.19
2.89,0.25,2.73,0.43,4.98,0.43,0,4.19
2.89,0.25,2.73,0.43,4.98,0.43,0,4.19
2.89,0.25,2.73,0.43,4.98,0.43,0,4.19
2.89,0.25,2.73,0.43,4.98,0.43,0,4.19
2.89,0.25,2.73,0.43,4.98,0.43,0,4.19
2.89,0.25,2.73,0.43,4.98,0.43,0,4.19
2.89,0.25,2.73,0.43,4.98,0.43,0,4.19
2.89,0.25,2.73,0.43,4.98,0.43,0,4.19
2.89,0.25,2.73,0.43,4.98,0.61,0,4.19
2.89,0.25,2.73,0.43,4.98,0.61,0,4.19
2.89,0.25,2.73,0.43,4.98,0.61,0,4.19
2.89,0.25,2.73,0.43,4.98,0.61,0,4.19
2.89,0.25,2.73,0.43,4.98,0.61,0,4.19
2.89,0.25,2.73,0.43,4.98,0.61,0,4.19
2.89,0.25,2.73,0.43,4.98,0.61,0,4.19
2.89,0.25,2.73,0.43,4.98,0.61,0,4.19
2.89,0.25,2.73,0.43,4.98,0.61,0,4.19
2.89,0.25,2.73,0.43,4.98,0.61,0,4.19
2.89,0.25,2.73,0.43,4.98,0.61,0,4.19
2.89,0.25,2.73,0.43,4.98,0.61,0,4.19
2.89,0.25,2.73,0.43,4.98,0.61,0,4.19
2.89,0.25,2.73,0.43,4.98,0.61,0,4.19
2.89,0.25,2.73,0.43,4.98,0.61,0,4.19
2.89,0.25,2.73,0.43,4.98,0.61,0,4.19
2.89,0.25,2.73,0.43,4.98,0.61,0,4.19
2.89,0.25,2.73,0.43,4.98,0.61,0,4.19
2.89,0.25,2.73,0.43,4.98,0.61,0,4.19
2.89,0.25,2.73,0.43,4.98,0.61,0,4.19
2.89,0.25,2.73,0.43,4.98,0.61,0,4.19
2.89,0.25,2.73,0.43,4.98,0.61,0,4.19
2.89,0.25,2.73,0.43,4.98,0.61,0,4.19
2.89,0.25,2.73,0.43,4.98,0.61,0,4.19
2.89,0.25,2.73,0.43,4.98,0.61,0,4.19
2.89,0.25,2.73,0.43,4.98,0.61,0,4.19
2.89,0.25,2.73,0.43,4.98,0.61,0,4.19
2.89,0.25,2.73,0.43,4.98,0.61,0,4.19
2.89,0.25,2.73,0.43,4.98,0.61,0,4.19
2.89,0.25,2.73,0.43,4.98,0.61,0,4.19
2.89,0.25,2.73,0.43,4.98,0.61,0,4.19
2.89,0.25,2.73,0.43,4.98,0.61,0,4.19
2.89,0.25,2.73,0.43,4.98,0.61,0,4.19
2.89,0.25,2.73,0.43,5.53,0.61,0,4.19
2.89,0.25,2.73,0.43,5.53,0.61,0,4.19
2.89,0.25,2.73,0.43,5.53,0.61,0,4.19
2.89,0.25,2.73,0.43,5.53,0.61,0,4.19
2.89,0.25,2.73,0.43,5.53,0.61,0,4.19
2.89,0.25,2.73,0.43,5.53,0.61,0,4.19
2.89,0.25,2.73,0.43,5.53,0.61,0,4.19
2.89,0.25,2.73,0.43,5.53,0.61,0,4.19
2.89,0.25,2.73,0.43,5.53,0.61,0,4.19
2.89,0.25,2.73,0.43,5.53,0.61,0,4.18
2.89,0.25,2.73,0.43,5.53,0.61,0,4.18
2.89,0.25,2.73,0.43,5.53,0.61,0,4.18
2.89,0.25,2.73,0.43,5.53,0.61,0,4.18
2.89,0.25,2.73,0.43,5.53,0.61,0,4.18
2.89,0.25,2.73,0.43,5.53,0.61,0,4.18
2.89,0.25,2.73,0.43,5.53,0.61,0,4.18
2.89,0.26,2.73,0.43,5.53,0.61,0,4.18
2.89,0.26,2.73,0.43,5.53,0.61,0,4.18
2.89,0.26,2.73,0.43,5.53,0.61,0,4.18
2.89,0.26,2.73,0.43,5.53,0.61,0,4.18
2.89,0.26,2.73,0.43,5.53,0.61,0,4.18
2.89,0.26,2.73,0.43,5.53,0.61,0,4.18
2.89,0.26,2.73,0.5,5.53,0.61,0,4.18
2.89,0.26,2.73,0.5,5.53,0.61,0,4.18
2.89,0.26,2.73,0.5,5.53,0.61,0,4.18
2.89,0.26,2.73,0.5,5.53,0.61,0,4.18
2.89,0.26,2.73,0.5,5.53,0.61,0,4.18
2.89,0.26,2.73,0.5,5.53,0.61,0,4.18
2.89,0.26,2.73,0.5,5.53,0.61,0,4.18
2.89,0.26,2.73,0.5,5.53,0.61,0,4.18
2.89,0.26,2.73,0.5,5.53,0.61,0,4.18
2.89,0.26,2.73,0.5,5.53,0.61,0,4.18
2.89,0.26,2.73,0.5,5.53,0.71,0,4.18
2.89,0.26,2.73,0.5,5.53,0.71,0,4.18
2.89,0.26,2.73,0.5,5.53,0.71,0,4.18
2.89,0.26,2.73,0.5,5.53,0.71,0,4.18
2.89,0.26,2.73,0.5,5.53,0.71,0,4.18
2.89,0.26,2.73,0.5,5.53,0.71,0,4.18
2.89,0.26,2.73,0.5,5.53,0.71,0,4.18
2.89,0.26,2.73,0.5,5.53,0.71,0,4.18
2.89,0.26,2.73,0.5,5.53,0.71,0,4.18
2.89,0.26,2.73,0.5,5.53,0.71,0,4.18
2.89,0.26,2.73,0.5,5.53,0.71,0,4.18
2.89,0.26,2.73,0.5,5.53,0.71,0,4.18
2.89,0.26,2.73,0.5,5.53,0.71,0,4.18
2.89,0.26,2.73,0.5,5.53,0.71,0,4.18
2.89,0.26,2.73,0.5,5.53,0.71,0,4.18
2.89,0.26,2.73,0.5,5.53,0.71,0,4.18
2.89,0.26,2.73,0.5,5.53,0.71,0,4.18
2.89,0.26,2.73,0.5,5.53,0.71,0,4.18
2.89,0.26,2.73,0.5,5.53,0.71,0,4.18
2.89,0.26,2.73,0.5,5.53,0.71,0,4.18
2.89,0.26,2.73,0.5,5.53,0.71,0,4.18
2.89,0.26,2.73,0.5,5.53,0.71,0,4.18
2.89,0.26,2.73,0.5,5.53,0.71,0,4.18
2.89,0.26,2.73,0.5,5.53,0.71,0,4.18
2.89,0.26,2.73,0.5,5.53,0.71,0,4.18
2.89,0.26,2.73,0.5,5.53,0.71,0,4.18
2.89,0.26,2.73,0.5,5.53,0.71,0,4.18
2.89,0.26,2.73,0.5,5.53,0.71,0,4.18
2.89,0.26,2.73,0.5,5.53,0.71,0,4.18
2.89,0.26,2.73,0.5,5.53,0.71,0,4.18
2.89,0.26,2.73,0.5,5.53,0.71,0,4.18
2.89,0.26,2.73,0.5,5.53,0.71,0,4.18
2.89,0.26,2.73,0.5,5.53,0.71,0,4.18
2.89,0.26,2.73,0.5,5.53,0.71,0,4.18
2.89,0.26,2.73,0.5,5.53,0.71,0,4.18
2.89,0.26,2.73,0.5,6.29,0.71,0,4.18
2.89,0.26,2.73,0.5,6.29,0.71,0,4.18
2.89,0.26,2.73,0.5,6.29,0.71,0,4.18
2.89,0.26,2.73,0.5,6.29,0.71,0,4.18
2.89,0.26,2.73,0.5,6.29,0.71,0,4.18
2.89,0.26,2.73,0.5,6.29,0.71,0,4.18
2.89,0.26,2.73,0.5,6.29,0.71,0,4.18
2.89,0.26,2.73,0.5,6.29,0.71,0,4.18
2.89,0.26,2.73,0.5,6.29,0.71,0,4.18
2.89,0.26,2.73,0.5,6.29,0.71,0,4.18
2.89,0.26,2.73,0.5,6.29,0.71,0,4.18
2.89,0.26,2.73,0.5,6.29,0.71,0,4.18
2.89,0.26,2.73,0.5,6.29,0.71,0,4.18
2.89,0.26,2.73,0.5,6.29,0.71,0,4.18
2.89,0.26,2.73,0.5,6.29,0.71,0,4.18
2.89,0.26,2.73,0.5,6.29,0.71,0,4.18
2.89,0.26,2.73,0.5,6.29,0.71,0,4.18
2.89,0.26,2.73,0.5,6.29,0.71,0,4.18
2.89,0.26,2.73,0.5,6.29,0.71,0,4.18
2.89,0.26,2.73,0.5,6.29,0.71,0,4.48
2.89,0.26,2.73,0.5,6.29,0.71,0,4.48
2.89,0.26,2.73,0.5,6.29,0.71,0,4.48
2.89,0.26,2.73,0.5,6.29,0.71,0,4.48
2.89,0.26,2.73,0.5,6.29,0.71,0,4.48
2.89,0.26,2.73,0.5,6.29,0.71,0,4.48
2.89,0.26,2.73,0.5,6.29,0.71,0,4.48
2.89,0.26,2.73,0.5,6.29,0.71,0,4.48
2.89,0.26,2.73,0.5,6.29,0.71,0,4.48
2.89,0.26,2.73,0.5,6.29,0.71,0,4.48
2.89,0.26,2.73,0.5,6.29,0.71,0,4.48
2.89,0.26,2.73,0.5,6.29,0.71,0,4.48
2.89,0.26,2.73,0.5,6.29,0.71,0,4.48
2.7,0.26,2.73,0.5,6.29,0.71,0,4.48
2.7,0.26,2.73,0.5,6.29,0.71,0,4.48
2.7,0.26,2.73,0.5,6.29,0.71,0,4.48
2.7,0.26,2.73,0.5,6.29,0.71,0,4.48
2.7,0.26,2.73,0.5,6.29,0.71,0,4.48
2.7,0.26,2.73,0.5,6.29,0.71,0,4.48
2.7,0.26,2.73,0.5,6.29,0.71,0,4.48
2.7,0.26,2.73,0.5,6.29,0.71,0,4.48
2.7,0.26,2.73,0.5,6.29,0.71,0,4.48
2.7,0.26,2.73,0.5,6.29,0.71,0,4.48
2.7,0.26,2.73,0.5,6.29,0.71,0,4.48
2.7,0.26,2.73,0.5,6.29,0.71,0,4.48
3.02,0.26,2.73,0.5,6.29,0.71,0,4.48
3.02,0.26,2.73,0.5,6.29,0.71,0,4.48
3.02,0.26,2.73,0.5,6.29,0.71,0,4.48
3.02,0.26,2.73,0.5,6.29,0.71,0,4.48
3.02,0.26,2.73,0.5,6.29,0.71,0,4.48
3.02,0.26,2.73,0.5,6.29,0.71,0,4.48
3.02,0.26,2.73,0.5,6.29,1.49,0,4.48
3.02,0.26,2.73,0.5,6.29,1.49,0,4.48
3.29,0.26,2.73,0.5,6.29,1.49,0,4.48
3.29,0.26,2.73,0.5,6.29,1.49,0,4.48
3.29,0.26,2.73,0.5,6.29,1.49,0,4.48
3.29,0.26,2.73,0.5,6.29,1.49,0,4.48
3.29,0.26,2.73,0.5,6.29,1.49,0,4.48
3.29,0.26,2.73,0.5,6.29,1.49,0,4.48
3.29,0.25,2.73,0.5,6.29,1.49,0,4.48
3.29,0.25,2.73,0.5,6.29,1.49,0,4.48
3.29,0.25,2.73,0.5,6.29,1.49,0,4.48
3.29,0.25,2.73,0.5,6.29,1.49,0,4.48
3.29,0.25,2.73,0.5,6.29,1.49,0,4.48
3.29,0.25,2.73,0.5,6.29,1.49,0,4.48
3.29,0.25,2.73,0.5,6.29,1.49,0,4.48
3.29,0.25,2.73,0.48,6.29,1.49,0,4.48
3.29,0.25,2.73,0.48,6.29,1.49,0,4.48
3.29,0.25,2.73,0.48,6.75,1.49,0,4.48
3.29,0.25,2.73,0.48,6.75,1.49,0,4.48
3.29,0.25,2.73,0.48,6.75,1.49,0,4.48
3.29,0.25,2.73,0.48,6.75,1.49,0,4.48
3.29,0.25,2.73,0.48,6.75,1.49,0,4.48
3.29,0.25,2.73,0.48,6.75,1.49,0,4.48
3.29,0.25,2.73,0.48,6.75,1.49,0,4.48
3.29,0.25,2.73,0.48,6.75,1.49,0,4.52
3.29,0.25,2.73,0.48,6.75,1.49,0,4.52
3.29,0.25,2.73,0.48,6.75,1.49,0,4.52
3.29,0.25,2.73,0.48,6.75,1.49,0,4.52
3.29,0.25,2.73,0.48,6.75,1.49,0,4.52
3.29,0.25,2.73,0.48,6.75,1.49,0,4.52
3.29,0.25,2.73,0.48,6.75,1.49,0,4.52
3.29,0.25,2.73,0.48,6.75,1.49,0,4.52
3.29,0.25,2.73,0.48,6.75,1.49,0,4.52
3.29,0.25,2.73,0.48,6.75,1.49,0,4.52
3.29,0.25,2.73,0.48,6.75,1.49,0,4.52
3.29,0.25,2.73,0.32,6.75,1.49,0,4.52
3.29,0.25,2.73,0.32,6.75,1.49,0,4.52
3.29,0.25,2.73,0.32,6.75,1.49,0,4.52
3.29,0.25,2.73,0.32,6.75,1.49,0,4.52
3.29,0.25,2.73,0.32,6.75,1.49,0,4.52
3.29,0.25,2.73,0.32,6.75,1.49,0,4.52
3.29,0.25,2.73,0.32,6.75,1.49,0,4.52
3.29,0.25,2.73,0.32,6.75,1.46,0,4.52
3.29,0.25,2.73,0.32,6.75,1.46,0,4.52
3.29,0.25,2.73,0.32,6.75,1.46,0,4.52
3.29,0.25,2.73,0.32,6.75,1.46,0,4.52
3.29,0.25,2.73,0.32,6.75,1.46,0,4.52
3.29,0.25,2.73,0.32,6.75,1.46,0,4.52
3.29,0.25,2.73,0.32,6.75,1.46,0,4.52
3.29,0.25,2.73,0.32,6.75,1.46,0,4.52
3.29,0.25,2.73,0.32,6.75,1.46,0,4.52
3.29,0.25,2.73,0.32,6.75,1.46,0,4.52
3.29,0.25,2.73,0.32,6.75,1.46,0,4.52
3.29,0.25,2.73,0.32,6.75,1.46,0,4.52
3.29,0.25,2.73,0.32,6.75,1.46,0,4.52
3.29,0.25,2.73,0.32,6.75,1.46,0,4.52
3.29,0.25,2.73,0.32,6.75,1.46,0,4.52
3.29,0.25,2.73,0.32,6.75,1.46,0,4.52
3.29,0.25,2.73,0.32,6.75,1.46,0,4.52
3.29,0.25,2.73,0.32,6.75,1.46,0,4.52
3.29,0.25,2.73,0.32,6.75,1.46,0,4.52
3.29,0.25,2.73,0.32,6.75,1.46,0,4.52
3.29,0.25,2.73,0.32,6.75,1.46,0,4.52
3.29,0.25,2.73,0.32,6.75,1.46,0,4.52
3.29,0.25,2.73,0.32,6.75,1.46,0,4.52
3.29,0.25,2.73,0.32,6.75,1.46,0,4.52
3.29,0.25,2.73,0.32,6.75,1.46,0,4.52
3.29,0.25,2.73,0.32,6.75,1.46,0,4.52
3.29,0.25,2.73,0.32,6.75,1.46,0,4.52
3.29,0.25,2.73,0.32,6.75,1.46,0,4.52
3.29,0.25,2.73,0.32,6.75,1.46,0,4.52
3.29,0.25,2.73,0.32,6.75,1.46,0,4.52
3.29,0.25,2.73,0.32,6.75,1.46,0,4.52
3.29,0.25,2.73,0.32,6.75,1.46,0,4.52
3.29,0.25,2.73,0.32,7.23,1.46,0,4.52
3.29,0.25,2.73,0.32,7.23,1.46,0,4.52
3.29,0.25,2.73,0.32,7.23,1.46,0,4.52
3.29,0.25,2.73,0.32,7.23,1.46,0,4.52
3.29,0.25,2.73,0.32,7.23,1.46,0,4.52
3.29,0.25,2.73,0.32,7.23,1.46,0,4.52
3.29,0.25,2.73,0.32,7.23,1.46,0,4.52
3.29,0.25,2.73,0.32,7.23,1.46,0,4.52
3.29,0.25,2.73,0.32,7.23,1.46,0,4.52
3.29,0.25,2.73,0.32,7.23,1.46,0,4.52
3.29,0.25,2.73,0.32,7.23,1.46,0,4.52
3.29,0.25,2.73,0.32,7.23,1.46,0,4.52
3.29,0.25,2.73,0.32,7.23,1.46,0,4.52
3.29,0.25,2.73,0.32,7.23,1.46,0,4.52
3.29,0.25,2.73,0.32,7.23,1.46,0,4.52
3.29,0.25,2.73,0.32,7.23,1.46,0,4.52
3.29,0.25,2.73,0.32,7.23,1.46,0,4.52
3.29,0.25,2.73,0.32,7.23,1.46,0,4.52
3.05,0.25,2.73,0.32,7.23,1.46,0,4.52
3.05,0.25,2.73,0.32,7.23,1.46,0,4.52
3.05,0.26,2.73,0.32,7.23,1.46,0,4.52
3.05,0.26,2.73,0.32,7.23,1.46,0,4.52
3.05,0.26,2.73,0.32,7.23,1.46,0,4.52
3.05,0.26,2.73,0.32,7.23,1.46,0,4.52
3.05,0.26,2.73,0.32,7.23,1.46,0,4.52
3.05,0.26,2.73,0.32,7.23,1.46,0,4.52
3.05,0.26,2.73,0.31,7.23,1.46,0,4.52
3.05,0.26,2.73,0.31,7.23,1.46,0,4.52
3.05,0.26,2.73,0.31,7.23,1.46,0,4.52
3.05,0.26,2.73,0.31,7.23,1.46,0,4.52
3.05,0.26,2.73,0.31,7.23,1.46,0,4.52
3.05,0.26,2.73,0.31,7.23,1.46,0,4.52
3.05,0.26,2.73,0.31,7.23,1.46,0,4.52
3.05,0.26,2.73,0.31,7.23,1.46,0,4.52
3.05,0.26,2.73,0.31,7.23,1.46,0,4.52
3.05,0.26,2.73,0.31,7.23,1.46,0,4.52
3.05,0.26,2.73,0.31,7.23,1.75,0,4.52
3.05,0.26,2.73,0.31,7.23,1.75,0,4.52
3.05,0.26,2.73,0.31,7.23,1.75,0,4.52
3.05,0.26,2.73,0.31,7.23,1.75,0,4.52
3.05,0.26,2.73,0.31,7.23,1.75,0,4.52
3.05,0.26,2.73,0.31,7.23,1.75,0,4.52
3.05,0.26,2.73,0.31,7.23,1.75,0,4.52
3.05,0.26,2.73,0.31,7.23,1.75,0,4.52
3.05,0.26,2.73,0.31,7.23,1.75,0,4.52
3.05,0.26,2.73,0.31,7.23,1.75,0,4.52
3.05,0.26,2.73,0.31,7.23,1.75,0,4.52
3.05,0.26,2.73,0.31,7.23,1.75,0,4.52
3.05,0.26,2.73,0.31,7.23,1.75,0,4.52
3.05,0.26,2.73,0.31,7.23,1.75,0,4.52
3.05,0.26,2.73,0.31,7.23,1.75,0,4.52
3.05,0.26,2.73,0.31,7.23,1.75,0,4.52
3.05,0.26,2.73,0.31,7.23,1.75,0,4.52
3.05,0.26,2.73,0.31,7.23,1.75,0,4.52
3.05,0.26,2.73,0.31,7.23,1.75,0,4.52
3.05,0.26,2.73,0.31,7.23,1.75,0,4.52
3.05,0.26,2.73,0.32,7.23,1.75,0,4.52
3.05,0.26,2.73,0.32,7.23,1.75,0,4.52
3.05,0.26,2.73,0.32,7.23,1.75,0,4.52
3.05,0.26,2.73,0.32,7.23,1.75,0,4.52
3.05,0.26,2.73,0.32,7.23,1.75,0,4.52
3.05,0.26,2.73,0.32,7.23,1.75,0,4.52
3.05,0.26,2.73,0.32,7.23,1.75,0,4.52
3.05,0.26,2.73,0.32,7.23,1.75,0,4.52
3.05,0.26,2.73,0.32,7.23,1.75,0,4.52
3.05,0.26,2.73,0.32,7.23,1.75,0,4.52
3.05,0.26,2.73,0.32,7.23,1.75,0,4.52
3.05,0.26,2.73,0.32,7.23,1.75,0,4.52
3.05,0.26,2.73,0.32,7.23,1.75,0,4.52
3.05,0.26,2.73,0.32,7.23,1.75,0,4.52
3.05,0.26,2.73,0.32,7.81,1.75,0,4.52
3.05,0.26,2.73,0.32,7.81,1.75,0,4.52
3.05,0.26,2.73,0.32,7.81,1.75,0,4.52
3.05,0.26,2.73,0.32,7.81,1.75,0,4.52
3.05,0.26,2.73,0.32,7.81,1.75,0,4.52
3.05,0.26,2.73,0.32,7.81,1.75,0,4.52
3.05,0.26,2.73,0.32,7.81,1.75,0,4.52
3.05,0.26,2.73,0.32,7.81,1.75,0,4.52
3.05,0.26,2.73,0.32,7.81,1.75,0,4.52
3.05,0.26,2.73,0.32,7.81,1.75,0,4.53
3.05,0.26,2.73,0.32,7.81,1.75,0,4.53
3.05,0.26,2.73,0.32,7.81,1.75,0,4.53
3.05,0.26,2.73,0.32,7.81,1.75,0,4.53
3.05,0.26,2.73,0.32,7.81,1.75,0,4.53
3.05,0.26,2.73,0.32,7.81,1.75,0,4.53
3.05,0.26,2.73,0.32,7.81,1.75,0,4.53
3.05,0.28,2.73,0.32,7.81,1.75,0,4.53
3.05,0.28,2.73,0.32,7.81,1.75,0,4.53
3.05,0.28,2.73,0.32,7.81,1.75,0,4.53
3.05,0.28,2.73,0.32,7.81,1.75,0,4.53
3.05,0.28,2.73,0.32,7.81,1.75,0,4.53
3.05,0.28,2.73,0.32,7.81,1.75,0,4.53
3.05,0.28,2.73,0.32,7.81,1.75,0,4.53
3.05,0.28,1.94,0.32,7.81,1.75,0,4.53
3.05,0.28,1.94,0.32,7.81,1.75,0,4.53
3.05,0.28,1.94,0.29,7.81,1.75,0,4.53
3.05,0.28,1.94,0.29,7.81,1.75,0,4.53
3.05,0.28,1.94,0.29,7.81,1.75,0,4.53
3.05,0.28,1.94,0.29,7.81,1.75,0,4.53
3.05,0.28,1.94,0.29,7.81,1.75,0,4.53
3.05,0.28,1.94,0.29,7.81,1.8,0,4.53
3.05,0.28,1.94,0.29,7.81,1.8,0,4.53
3.05,0.28,1.94,0.29,7.81,1.8,0,4.53
3.05,0.28,1.94,0.29,7.81,1.8,0,4.53
3.05,0.28,1.94,0.29,7.81,1.8,0,4.53
3.05,0.28,1.94,0.29,7.81,1.8,0,4.53
3.05,0.28,1.94,0.29,7.81,1.8,0,4.53
3.05,0.28,1.94,0.29,7.81,1.8,0,4.53
3.05,0.28,1.94,0.29,7.81,1.8,0,4.53
3.05,0.28,1.94,0.29,7.81,1.8,0,4.53
3.05,0.28,1.94,0.29,7.81,1.8,0,4.53
3.05,0.28,1.94,0.29,7.81,1.8,0,4.53
3.05,0.28,1.94,0.29,7.81,1.8,0,4.53
3.05,0.28,1.94,0.29,7.81,1.8,0,4.53
3.05,0.28,1.94,0.29,7.81,1.8,0,4.53
3.05,0.28,1.94,0.29,7.81,1.8,0,4.53
3.05,0.28,1.94,0.29,7.81,1.8,0,4.53
3.05,0.28,1.94,0.29,7.81,1.8,0,4.53
3.05,0.28,1.94,0.29,7.81,1.8,0,4.53
3.05,0.28,1.94,0.29,7.81,1.8,0,4.53
3.05,0.28,1.94,0.29,7.81,1.8,0,4.53
3.05,0.28,1.94,0.29,7.81,1.8,0,4.53
3.05,0.28,1.94,0.29,7.81,1.8,0,4.53
3.05,0.28,1.94,0.29,7.81,1.8,0,4.53
3.05,0.28,1.94,0.29,7.81,1.8,0,4.53
3.05,0.28,1.94,0.29,7.81,1.8,0,4.53
3.05,0.28,1.94,0.29,7.81,1.8,0,4.53
3.05,0.28,1.94,0.29,7.81,1.8,0,4.53
3.05,0.28,1.94,0.29,7.81,1.8,0,4.53
3.05,0.28,1.94,0.29,7.81,1.8,0,4.53
3.05,0.28,1.94,0.29,7.81,1.8,0,4.53
3.05,0.28,1.94,0.29,7.81,1.8,0,4.53
3.05,0.28,1.94,0.29,7.81,1.8,0,4.53
3.05,0.28,1.94,0.29,7.81,1.8,0,4.53
3.05,0.28,1.94,0.29,7.81,1.8,0,4.53
3.05,0.28,1.94,0.29,7.81,1.8,0,4.53
3.05,0.28,1.94,0.29,8.23,1.8,0,4.53
3.05,0.28,1.94,0.29,8.23,1.8,0,4.53
3.05,0.28,1.94,0.29,8.23,1.8,0,4.53
3.05,0.28,1.94,0.29,8.23,1.8,0,4.53
3.05,0.28,1.94,0.29,8.23,1.8,0,4.53
3.05,0.28,1.94,0.29,8.23,1.8,0,4.53
3.05,0.28,1.94,0.29,8.23,1.8,0,4.53
3.05,0.28,1.94,0.29,8.23,1.8,0,4.53
3.05,0.28,1.94,0.29,8.23,1.8,0,4.53
3.05,0.28,1.94,0.29,8.23,1.8,0,4.53
3.05,0.28,1.94,0.29,8.23,1.8,0,4.53
3.05,0.28,1.94,0.29,8.23,1.8,0,4.53
3.05,0.28,1.94,0.29,8.23,1.8,0,4.53
3.05,0.28,1.94,0.29,8.23,1.8,0,4.53
3.05,0.28,1.94,0.29,8.23,1.8,0,4.53
3.05,0.28,1.94,0.29,8.23,1.8,0,4.53
3.05,0.28,1.94,0.29,8.23,1.8,0,4.53
3.05,0.28,1.94,0.29,8.23,1.8,0,4.53
3.05,0.28,1.94,0.29,8.23,1.8,0,4.53
3.05,0.28,1.94,0.29,8.23,1.8,0,4.53
3.05,0.28,1.94,0.29,8.23,1.8,0,4.53
3.05,0.28,1.94,0.29,8.23,1.8,0,4.53
3.05,0.28,1.94,0.29,8.23,1.8,0,4.53
3.05,0.28,1.94,0.29,8.23,1.8,0,4.91
3.05,0.28,1.94,0.29,8.23,1.8,0,4.91
3.05,0.28,1.94,0.29,8.23,1.8,0,4.91
3.05,0.28,1.94,0.29,8.23,1.8,0,4.91
3.05,0.28,1.94,0.29,8.23,1.8,0,4.91
3.05,0.28,1.94,0.29,8.23,1.8,0,4.91
3.05,0.28,1.94,0.29,8.23,1.8,0,4.91
3.05,0.28,1.94,0.29,8.23,1.8,0,4.91
3.05,0.28,1.94,0.29,8.23,1.8,0,4.91
9.22,0.28,1.94,0.29,8.23,1.8,0,4.91
9.22,0.28,1.94,0.29,8.23,1.8,0,4.91
9.22,0.28,1.94,0.29,8.23,1.8,0,4.91
9.22,0.28,1.94,0.29,8.23,1.8,0,4.91
9.22,0.28,1.94,0.29,8.23,1.8,0,4.91
9.22,0.28,1.94,0.29,8.23,1.8,0,4.91
9.22,0.28,1.94,0.29,8.23,1.8,0,4.91
9.22,0.28,1.94,0.29,8.23,1.8,0,4.91
9.22,0.28,1.94,0.29,8.23,1.8,0,4.91
9.22,0.28,1.94,0.34,8.23,1.8,0,4.91
9.22,0.28,1.94,0.34,8.23,1.8,0,4.91
9.22,0.28,1.94,0.34,8.23,1.8,0,4.91
9.22,0.28,1.94,0.34,8.23,1.8,0,4.91
9.22,0.28,1.94,0.34,8.23,1.8,0,4.91
9.22,0.28,1.94,0.34,8.23,1.8,0,4.91
9.22,0.28,1.94,0.34,8.23,1.8,0,4.91
9.22,0.28,1.94,0.34,8.23,0.83,0,4.91
9.22,0.28,1.94,0.34,8.23,0.83,0,4.91
9.22,0.28,1.94,0.34,8.23,0.83,0,4.91
9.22,0.28,1.94,0.34,8.23,0.83,0,4.91
9.22,0.28,1.94,0.34,8.23,0.83,0,4.91
9.22,0.28,1.94,0.34,8.23,0.83,0,4.91
9.22,0.28,1.94,0.34,8.23,0.83,0,4.91
9.22,0.28,1.94,0.34,8.23,0.83,0,4.91
9.22,0.29,1.94,0.34,8.23,0.83,0,4.91
9.22,0.29,1.94,0.34,8.23,0.83,0,4.91
9.22,0.29,1.94,0.34,8.23,0.83,0,4.91
9.22,0.29,1.94,0.34,8.73,0.83,0,4.91
9.22,0.29,1.94,0.34,8.73,0.83,0,4.91
9.22,0.29,1.94,0.34,8.73,0.83,0,4.91
9.22,0.29,1.94,0.34,8.73,0.83,0,4.91
9.22,0.29,1.94,0.34,8.73,0.83,0,4.91
9.22,0.29,1.94,0.34,8.73,0.83,0,4.91
9.22,0.29,1.94,0.34,8.73,0.83,0,4.91
9.22,0.29,1.94,0.34,8.73,0.83,0,4.91
9.22,0.29,1.94,0.34,8.73,0.83,0,4.91
9.22,0.29,1.94,0.34,8.73,0.83,0,4.91
9.22,0.29,1.94,0.34,8.73,0.83,0,4.91
9.22,0.29,1.94,0.34,8.73,0.83,0,4.91
9.22,0.29,1.94,0.34,8.73,0.83,0,4.91
9.22,0.29,1.94,0.34,8.73,0.83,0,4.91
9.22,0.29,1.94,0.34,8.73,0.83,0,4.91
9.22,0.29,1.94,0.34,8.73,0.83,0,4.88
9.22,0.29,1.94,0.34,8.73,0.83,0,4.88
9.22,0.29,1.94,0.34,8.73,0.83,0,4.88
9.22,0.29,1.94,0.34,8.73,0.83,0,4.88
9.22,0.29,1.94,0.34,8.73,0.83,0,4.88
9.22,0.29,1.94,0.34,8.73,0.83,0,4.88
9.22,0.29,1.94,0.34,8.73,0.83,0,4.88
9.22,0.29,1.94,0.34,8.73,0.83,0,4.88
9.22,0.29,1.94,0.34,8.73,0.83,0,4.88
9.22,0.29,1.94,0.34,8.73,0.83,0,4.88
9.22,0.29,1.94,0.34,8.73,0.83,0,4.88
9.22,0.29,1.94,0.34,8.73,0.83,0,4.88
9.22,0.29,1.94,0.34,8.73,0.83,0,4.88
9.22,0.29,1.94,0.34,8.73,0.83,0,4.88
9.22,0.29,1.94,0.34,8.73,0.83,0,4.88
9.22,0.29,1.94,0.34,8.73,0.88,0,4.88
9.22,0.29,1.94,0.34,8.73,0.88,0,4.88
9.22,0.29,1.94,0.42,8.73,0.88,0,4.88
9.22,0.29,1.94,0.42,8.73,0.88,0,4.88
9.22,0.29,1.94,0.42,8.73,0.88,0,4.88
9.22,0.29,1.94,0.42,8.73,0.88,0,4.88
9.22,0.29,1.94,0.42,8.73,0.88,0,4.88
9.22,0.29,1.94,0.42,8.73,0.88,0,4.88
9.22,0.29,1.94,0.42,8.73,0.88,0,4.88
9.22,0.29,1.94,0.42,8.73,0.88,0,4.88
9.22,0.29,1.94,0.42,8.73,0.88,0,4.88
9.22,0.29,1.94,0.42,8.73,0.88,0,4.88
9.22,0.29,1.94,0.42,8.73,0.88,0,4.88
9.22,0.29,1.94,0.42,8.73,0.88,0,4.88
9.22,0.29,1.94,0.42,8.73,0.88,0,4.88
9.22,0.29,1.94,0.42,8.73,0.88,0,4.88
9.22,0.29,1.94,0.42,8.73,0.88,0,4.88
9.22,0.29,1.94,0.42,8.73,0.88,0,4.88
9.22,0.29,1.94,0.42,8.73,0.88,0,4.88
9.22,0.29,1.94,0.42,8.73,0.88,0,4.88
9.22,0.29,1.94,0.42,8.73,0.88,0,4.88
9.22,0.29,1.94,0.42,8.73,0.88,0,4.88
9.22,0.29,1.94,0.42,8.73,0.88,0,4.88
9.22,0.29,1.94,0.42,8.73,0.88,0,4.88
9.22,0.29,1.94,0.42,8.73,0.88,0,4.88
9.22,0.29,1.94,0.42,8.73,0.88,0,4.88
9.22,0.29,1.94,0.42,8.73,0.88,0,4.88
9.22,0.29,1.94,0.42,8.73,0.88,0,4.88
9.22,0.29,1.94,0.42,8.73,0.88,0,4.88
9.22,0.29,1.94,0.42,8.73,0.88,0,4.88
9.22,0.29,1.94,0.42,8.73,0.88,0,4.88
9.22,0.29,1.94,0.42,8.73,0.88,0,4.88
9.22,0.29,1.94,0.42,8.73,0.88,0,4.88
9.22,0.29,1.94,0.42,8.73,0.88,0,4.88
9.22,0.29,1.94,0.42,8.73,0.88,0,4.88
9.22,0.29,1.94,0.42,8.73,0.88,0,4.88
9.22,0.29,1.94,0.42,10.31,0.88,0,4.88
9.22,0.29,1.94,0.42,10.31,0.88,0,4.88
9.22,0.29,1.94,0.42,10.31,0.88,0,4.88
9.22,0.29,1.94,0.42,10.31,0.88,0,4.88
9.22,0.29,1.94,0.42,10.31,0.88,0,4.88
9.22,0.29,1.94,0.42,10.31,0.88,0,4.88
9.22,0.29,1.94,0.42,10.31,0.88,0,4.88
9.22,0.29,1.94,0.42,10.31,0.88,0,4.88
9.22,0.29,1.94,0.42,10.31,0.88,0,4.88
9.22,0.29,1.94,0.42,10.31,0.88,0,4.88
9.22,0.29,1.94,0.42,10.31,0.88,0,4.88
9.22,0.29,1.94,0.42,10.31,0.88,0,4.88
9.22,0.29,1.94,0.42,10.31,0.88,0,4.88
9.22,0.29,1.94,0.42,10.31,0.88,0,4.88
9.22,0.29,1.94,0.42,10.31,0.88,0,5.15
9.22,0.29,1.94,0.42,10.31,0.88,0,5.15
9.22,0.29,1.94,0.42,10.31,0.88,0,5.15
9.07,0.29,1.94,0.42,10.31,0.88,0,5.15
9.07,0.29,1.94,0.42,10.31,0.88,0,5.15
9.07,0.29,1.94,0.42,10.31,0.88,0,5.15
9.07,0.29,1.94,0.42,10.31,0.88,0,5.15
9.07,0.29,1.94,0.42,10.31,0.88,0,5.15
9.07,0.29,1.94,0.42,10.31,0.88,0,5.15
9.07,0.29,1.94,0.42,10.31,0.88,0,5.15
9.07,0.29,1.94,0.42,10.31,0.88,0,5.15
9.07,0.29,1.94,0.42,10.31,0.88,0,5.15
9.07,0.29,1.94,0.42,10.31,0.88,0,5.15
9.07,0.29,1.94,0.38,10.31,0.88,0,5.15
9.07,0.29,1.94,0.38,10.31,0.88,0,5.15
9.07,0.29,1.94,0.38,10.31,0.88,0,5.15
9.07,0.29,1.94,0.38,10.31,0.98,0,5.15
9.07,0.29,1.94,0.38,10.31,0.98,0,5.15
9.07,0.29,1.94,0.38,10.31,0.98,0,5.15
9.07,0.29,1.94,0.38,10.31,0.98,0,5.15
9.07,0.29,1.94,0.38,10.31,0.98,0,5.15
9.07,0.29,1.94,0.38,10.31,0.98,0,5.15
9.07,0.29,1.94,0.38,10.31,0.98,0,5.15
9.07,0.29,1.94,0.38,10.31,0.98,0,5.15
9.07,0.29,1.94,0.38,10.31,0.98,0,5.15
9.07,0.29,1.94,0.38,10.31,0.98,0,5.15
9.07,0.29,1.94,0.38,10.31,0.98,0,5.15
9.07,0.29,1.94,0.38,10.31,0.98,0,5.15
9.07,0.29,1.94,0.38,10.31,0.98,0,5.15
9.07,0.3,1.94,0.38,10.31,0.98,0,5.15
9.07,0.3,1.94,0.38,10.31,0.98,0,5.15
9.07,0.3,1.94,0.38,10.31,0.98,0,5.15
9.07,0.3,1.94,0.38,10.31,0.98,0,5.15
9.07,0.3,1.94,0.38,10.31,0.98,0,5.15
9.07,0.3,1.94,0.38,10.31,0.98,0,5.15
9.07,0.3,1.94,0.38,10.31,0.98,0,5.15
9.07,0.3,1.94,0.38,10.31,0.98,0,5.15
9.07,0.3,1.94,0.38,10.31,0.98,0,5.15
9.07,0.3,1.94,0.38,10.31,0.98,0,5.15
9.07,0.3,1.94,0.38,10.31,0.98,0,5.15
9.07,0.3,1.94,0.38,10.31,0.98,0,5.15
9.07,0.3,1.94,0.38,10.31,0.98,0,5.15
9.07,0.3,1.94,0.38,10.31,0.98,0,5.15
9.07,0.3,1.94,0.38,10.31,0.98,0,5.15
9.07,0.3,1.94,0.38,10.31,0.98,0,5.15
9.07,0.3,1.94,0.38,10.31,0.98,0,5.15
9.07,0.3,1.94,0.38,10.31,0.98,0,5.15
9.07,0.3,1.94,0.38,10.31,0.98,0,5.15
9.07,0.3,1.94,0.38,10.31,0.98,0,5.15
9.07,0.3,1.94,0.38,10.31,0.98,0,5.15
9.07,0.3,1.94,0.38,10.31,0.98,0,5.15
9.07,0.3,1.94,0.38,10.31,0.98,0,5.15
9.07,0.3,1.94,0.38,10.31,0.98,0,5.15
9.07,0.3,1.94,0.38,10.31,0.98,0,5.15
9.07,0.3,1.94,0.38,10.31,0.98,0,5.15
9.07,0.3,1.94,0.38,13.32,0.98,0,5.15
9.07,0.3,1.94,0.38,13.32,0.98,0,5.15
9.07,0.3,1.94,0.38,13.32,0.98,0,5.15
9.07,0.3,1.94,0.38,13.32,0.98,0,5.15
9.07,0.3,1.94,0.38,13.32,0.98,0,5.15
9.07,0.3,1.94,0.38,13.32,0.98,0,5.15
9.07,0.3,1.94,0.38,13.32,0.98,0,5.15
9.07,0.3,1.94,0.38,13.32,0.98,0,5.15
9.07,0.3,1.94,0.38,13.32,0.98,0,5.15
9.07,0.3,1.94,0.38,13.32,0.98,0,5.33
9.07,0.3,1.94,0.38,13.32,0.98,0,5.33
9.07,0.3,1.94,0.38,13.32,0.98,0,5.33
9.07,0.3,1.94,0.38,13.32,0.98,0,5.33
9.07,0.3,1.94,0.38,13.32,0.98,0,5.33
9.07,0.3,1.94,0.38,13.32,0.98,0,5.33
9.07,0.3,1.94,0.38,13.32,0.98,0,5.33
9.07,0.3,1.94,0.38,13.32,0.98,0,5.33
9.07,0.3,1.94,0.38,13.32,0.98,0,5.33
9.07,0.3,1.94,0.38,13.32,0.98,0,5.33
9.07,0.3,1.94,0.38,13.32,0.98,0,5.33
9.07,0.3,1.94,0.38,13.32,0.98,0,5.33
9.07,0.3,1.94,0.38,13.32,0.98,0,5.33
9.07,0.3,1.94,0.38,13.32,0.98,0,5.33
9.07,0.3,1.94,0.38,13.32,0.98,0,5.33
9.07,0.3,1.94,0.29,13.32,0.98,0,5.33
9.07,0.3,1.94,0.29,13.32,0.98,0,5.33
9.07,0.3,1.94,0.29,13.32,1,0,5.33
9.07,0.3,1.94,0.29,13.32,1,0,5.33
9.07,0.3,1.94,0.29,13.32,1,0,5.33
9.07,0.3,1.94,0.29,13.32,1,0,5.33
9.07,0.3,1.94,0.29,13.32,1,0,5.33
9.07,0.3,1.94,0.29,13.32,1,0,5.33
9.07,0.3,1.94,0.29,13.32,1,0,5.33
9.07,0.3,1.94,0.29,13.32,1,0,5.33
9.07,0.3,1.94,0.29,13.32,1,0,5.33
9.07,0.3,1.94,0.29,13.32,1,0,5.33
9.07,0.3,1.94,0.29,13.32,1,0,5.33
9.07,0.3,1.94,0.29,13.32,1,0,5.33
9.07,0.3,1.94,0.29,13.32,1,0,5.33
9.07,0.3,1.94,0.29,13.32,1,0,5.33
9.07,0.3,1.94,0.29,13.32,1,0,5.33
9.07,0.3,1.94,0.29,13.32,1,0,5.33
9.07,0.3,1.94,0.29,13.32,1,0,5.33
9.07,0.3,1.94,0.29,13.32,1,0,5.33
9.07,0.3,1.94,0.29,13.32,1,0,5.33
9.07,0.3,1.94,0.29,13.32,1,0,5.33
9.07,0.3,1.94,0.29,13.32,1,0,5.33
9.07,0.3,1.94,0.29,13.32,1,0,5.33
9.07,0.3,1.94,0.29,13.32,1,0,5.33
9.07,0.3,1.94,0.29,13.32,1,0,5.33
9.07,0.3,1.94,0.29,13.32,1,0,5.33
9.07,0.3,1.94,0.29,13.32,1,0,5.33
9.07,0.3,1.94,0.29,13.32,1,0,5.33
9.07,0.3,1.94,0.29,13.32,1,0,5.33
9.07,0.3,1.94,0.29,13.32,1,0,5.33
9.07,0.3,1.94,0.29,13.32,1,0,5.33
9.07,0.3,1.94,0.29,13.32,1,0,5.33
9.07,0.3,1.94,0.29,13.32,1,0,5.33
9.07,0.3,1.94,0.29,13.32,1,0,5.33
9.07,0.3,1.94,0.29,13.32,1,0,5.33
9.07,0.3,1.94,0.29,13.32,1,0,5.33
9.07,0.3,1.94,0.29,13.32,1,0,5.33
9.07,0.3,1.94,0.29,13.32,1,0,5.33
9.07,0.3,1.94,0.29,13.32,1,0,5.33
9.07,0.3,1.94,0.29,13.32,1,0,5.33
9.07,0.3,1.94,0.29,13.32,1,0,5.33
9.07,0.3,1.94,0.29,13.32,1,0,5.33
9.07,0.3,1.94,0.29,13.32,1,0,5.33
9.07,0.3,1.94,0.29,13.32,1,0,5.33
9.07,0.3,1.94,0.29,12.54,1,0,5.33
9.07,0.3,1.94,0.29,12.54,1,0,5.33
9.07,0.3,1.94,0.29,12.54,1,0,5.33
9.07,0.3,1.94,0.29,12.54,1,0,5.33
9.07,0.3,1.94,0.29,12.54,1,0,5.33
9.07,0.3,1.94,0.29,12.54,1,0,5.33
9.07,0.3,1.94,0.29,12.54,1,0,5.33
9.07,0.3,1.94,0.29,12.54,1,0,5.33
9.07,0.3,1.94,0.29,12.54,1,0,5.33
9.07,0.3,1.94,0.29,12.54,1,0,5.33
9.07,0.3,1.94,0.29,12.54,1,0,5.33
9.07,0.3,1.94,0.29,12.54,1,0,5.33
9.07,0.3,1.94,0.29,12.54,1,0,5.33
9.07,0.3,1.94,0.29,12.54,1,0,5.33
9.07,0.3,1.94,0.29,12.54,1,0,5.33
9.07,0.3,1.94,0.29,12.54,1,0,5.33
9.07,0.3,1.94,0.29,12.54,1,0,5.33
9.07,0.3,1.94,0.29,12.54,1,0,5.33
9.07,0.3,1.94,0.29,12.54,1,0,5.33
9.07,0.3,1.94,0.29,12.54,1,0,5.33
9.07,0.3,1.94,0.29,12.54,1,0,5.33
9.07,0.3,1.94,0.29,12.54,1,0,5.1
9.07,0.3,1.94,0.29,12.54,1,0,5.1
9.07,0.3,1.94,0.29,12.54,1,0,5.1
9.07,0.3,1.94,0.29,12.54,1,0,5.1
9.07,0.3,1.94,0.29,12.54,1,0,5.1
9.07,0.3,1.94,0.29,12.54,1,0,5.1
9.07,0.3,1.94,0.29,12.54,1,0,5.1
9.07,0.3,1.94,0.29,12.54,1,0,5.1
9.07,0.3,1.94,0.29,12.54,1,0,5.1
9.07,0.3,1.94,0.29,12.54,1,0,5.1
9.07,0.3,1.94,0.29,12.54,1,0,5.1
9.07,0.3,1.94,0.29,12.54,1,0,5.1
9.07,0.3,1.94,0.29,12.54,1,0,5.1
9.07,0.3,1.94,0.29,12.54,1,0,5.1
9.07,0.3,1.94,0.29,12.54,1,0,5.1
9.07,0.3,1.94,0.29,12.54,1,0,5.1
9.07,0.3,1.94,0.33,12.54,1,0,5.1
9.07,0.3,1.94,0.33,12.54,1,0,5.1
9.07,0.3,1.94,0.33,12.54,1,0,5.1
9.07,0.3,1.94,0.33,12.54,1,0,5.1
9.07,0.3,1.94,0.33,12.54,1,0,5.1
9.07,0.3,1.94,0.33,12.54,1,0,5.1
9.07,0.3,1.94,0.33,12.54,1,0,5.1
9.07,0.3,1.94,0.33,12.54,1,0,5.1
9.07,0.3,1.94,0.33,12.54,1,0,5.1
9.07,0.3,1.94,0.33,12.54,1,0,5.1
9.07,0.3,1.94,0.33,12.54,1,0,5.1
9.07,0.3,1.94,0.33,12.54,1,0,5.1
3.91,0.3,1.94,0.33,12.54,1,0,5.1
3.91,0.3,1.94,0.33,12.54,1,0,5.1
3.91,0.3,1.94,0.33,12.54,1,0,5.1
3.91,0.3,1.94,0.33,12.54,1,0,5.1
3.91,0.3,1.94,0.33,12.54,1,0,5.1
3.91,0.3,1.94,0.33,12.54,1,0,5.1
3.91,0.29,1.94,0.33,12.54,1,0,5.1
3.91,0.29,1.94,0.33,12.54,1,0,5.1
3.91,0.29,1.94,0.33,12.54,1,0,5.1
3.91,0.29,1.94,0.33,12.54,1,0,5.1
3.91,0.29,1.94,0.33,12.54,1,0,5.1
3.91,0.29,1.94,0.33,12.54,1,0,5.1
3.91,0.29,1.94,0.33,12.54,1,0,5.1
3.91,0.29,1.94,0.33,15.53,1,0,5.1
3.91,0.29,1.94,0.33,15.53,1,0,5.1
3.91,0.29,1.94,0.33,15.53,1,0,5.1
3.91,0.29,1.94,0.33,15.53,1,0,5.1
3.91,0.29,1.94,0.33,15.53,1,0,5.1
3.91,0.29,1.94,0.33,15.53,1,0,5.1
3.91,0.29,1.94,0.33,15.53,1,0,5.1
3.91,0.29,1.94,0.33,15.53,1,0,5.1
3.91,0.29,1.94,0.33,15.53,1,0,5.1
3.91,0.29,1.94,0.33,15.53,1,0,4.97
3.91,0.29,1.94,0.33,15.53,1,0,4.97
3.91,0.29,1.94,0.33,15.53,1,0,4.97
3.91,0.29,1.94,0.33,15.53,1,0,4.97
3.91,0.29,1.94,0.33,15.53,1,0,4.97
3.91,0.29,1.94,0.33,15.53,1,0,4.97
3.91,0.3,1.94,0.33,15.53,1,0,4.97
3.91,0.3,1.94,0.33,15.53,1,0,4.97
3.91,0.3,1.94,0.33,15.53,1,0,4.97
3.91,0.3,1.94,0.33,15.53,1,0,4.97
3.91,0.3,1.94,0.33,15.53,1.18,0,4.97
3.91,0.3,1.94,0.33,15.53,1.18,0,4.97
3.91,0.3,1.94,0.33,15.53,1.18,0,4.97
3.91,0.3,1.94,0.37,15.53,1.18,0,4.97
3.91,0.3,1.94,0.37,15.53,1.18,0,4.97
3.91,0.3,1.94,0.37,15.53,1.18,0,4.97
3.91,0.3,2.12,0.37,15.53,1.18,0,4.97
3.91,0.3,2.12,0.37,15.53,1.18,0,4.97
3.91,0.3,2.12,0.37,15.53,1.18,0,4.97
3.91,0.3,2.12,0.37,15.53,1.18,0,4.97
3.91,0.3,2.12,0.37,15.53,1.18,0,4.97
3.91,0.3,2.12,0.37,15.53,1.18,0,4.97
3.91,0.3,2.12,0.37,15.53,1.18,0,4.97
3.91,0.3,2.12,0.37,15.53,1.18,0,4.97
3.91,0.3,2.12,0.37,15.53,1.18,0,4.97
3.91,0.3,2.12,0.37,15.53,1.18,0,4.97
3.91,0.3,2.12,0.37,15.53,1.18,0,4.97
3.91,0.3,2.12,0.37,15.53,1.18,0,4.97
3.91,0.3,2.12,0.37,15.53,1.18,0,4.97
3.91,0.3,2.12,0.37,15.53,1.18,0,4.97
3.91,0.3,2.12,0.37,15.53,1.18,0,4.97
3.91,0.3,2.12,0.37,15.53,1.18,0,4.97
3.91,0.3,2.12,0.37,15.53,1.18,0,4.97
3.91,0.3,2.12,0.37,15.53,1.18,0,4.97
3.91,0.3,2.12,0.37,15.53,1.18,0,4.97
3.91,0.3,2.12,0.37,15.53,1.18,0,4.97
3.91,0.3,2.12,0.37,15.53,1.18,0,4.97
3.91,0.3,2.12,0.37,15.53,1.18,0,4.97
3.91,0.3,2.12,0.37,15.53,1.18,0,4.97
3.91,0.3,2.12,0.37,15.53,1.18,0,4.97
3.91,0.3,2.12,0.37,15.53,1.18,0,4.97
3.91,0.3,2.12,0.37,15.53,1.18,0,4.97
3.91,0.3,2.12,0.37,15.53,1.18,0,4.97
3.91,0.3,2.12,0.37,15.53,1.18,0,4.97
3.91,0.3,2.12,0.37,15.53,1.18,0,4.97
3.91,0.3,2.12,0.37,15.53,1.18,0,4.97
3.91,0.3,2.12,0.37,15.53,1.18,0,4.97
3.91,0.3,2.12,0.37,15.53,1.18,0,4.97
3.91,0.3,2.12,0.37,15.53,1.18,0,4.97
3.91,0.3,2.12,0.37,15.53,1.18,0,4.97
3.91,0.3,2.12,0.37,15.53,1.18,0,4.97
3.91,0.3,2.12,0.37,15.53,1.18,0,4.97
3.91,0.3,2.12,0.37,15.53,1.18,0,4.97
3.91,0.3,2.12,0.37,10.87,1.18,0,4.97
3.91,0.3,2.12,0.37,10.87,1.18,0,4.97
3.91,0.3,2.12,0.37,10.87,1.18,0,4.97
3.91,0.3,2.12,0.37,10.87,1.18,0,4.97
3.91,0.3,2.12,0.37,10.87,1.18,0,4.97
3.91,0.3,2.12,0.37,10.87,1.18,0,4.97
3.91,0.3,2.12,0.37,10.87,1.18,0,4.97
3.91,0.3,2.12,0.37,10.87,1.18,0,4.97
3.91,0.3,2.12,0.37,10.87,1.18,0,4.97
3.91,0.3,2.12,0.37,10.87,1.18,0,4.97
3.91,0.3,2.12,0.37,10.87,1.18,0,4.97
3.91,0.3,2.12,0.37,10.87,1.18,0,4.97
3.91,0.3,2.12,0.37,10.87,1.18,0,5.04
3.91,0.3,2.12,0.37,10.87,1.18,0,5.04
3.91,0.3,2.12,0.37,10.87,1.18,0,5.04
3.91,0.3,2.12,0.37,10.87,1.18,0,5.04
3.91,0.3,2.12,0.37,10.87,1.18,0,5.04
3.91,0.3,2.12,0.37,10.87,1.18,0,5.04
3.91,0.3,2.12,0.37,10.87,1.18,0,5.04
3.91,0.31,2.12,0.37,10.87,1.18,0,5.04
3.91,0.31,2.12,0.37,10.87,1.18,0,5.04
3.91,0.31,2.12,0.37,10.87,1.37,0,5.04
3.91,0.31,2.12,0.37,10.87,1.37,0,5.04
3.91,0.31,2.12,0.37,10.87,1.37,0,5.04
3.91,0.31,2.12,0.37,10.87,1.37,0,5.04
3.91,0.31,2.12,0.37,10.87,1.37,0,5.04
3.91,0.31,2.12,0.37,10.87,1.37,0,5.04
3.91,0.31,2.12,0.37,10.87,1.37,0,5.04
3.91,0.31,2.12,0.37,10.87,1.37,0,5.04
3.91,0.31,2.12,0.37,10.87,1.37,0,5.04
3.91,0.31,2.12,0.37,10.87,1.37,0,5.04
3.91,0.31,2.12,0.37,10.87,1.37,0,5.04
3.91,0.31,2.12,0.5,10.87,1.37,0,5.04
3.91,0.31,2.12,0.5,10.87,1.37,0,5.04
3.91,0.31,2.12,0.5,10.87,1.37,0,5.04
3.91,0.31,2.12,0.5,10.87,1.37,0,5.04
3.91,0.31,2.12,0.5,10.87,1.37,0,5.04
3.91,0.31,2.12,0.5,10.87,1.37,0,5.04
3.91,0.31,2.12,0.5,10.87,1.37,0,5.04
3.91,0.31,2.12,0.5,10.87,1.37,0,5.04
3.91,0.31,2.12,0.5,10.87,1.37,0,5.04
3.91,0.31,2.12,0.5,10.87,1.37,0,5.04
3.91,0.31,2.12,0.5,10.87,1.37,0,5.04
3.91,0.31,2.12,0.5,10.87,1.37,0,5.04
3.91,0.31,2.12,0.5,10.87,1.37,0,5.04
3.91,0.31,2.12,0.5,10.87,1.37,0,5.04
3.91,0.31,2.12,0.5,10.87,1.37,0,5.04
3.91,0.31,2.12,0.5,10.87,1.37,0,5.04
3.91,0.31,2.12,0.5,10.87,1.37,0,5.04
3.91,0.31,2.12,0.5,10.87,1.37,0,5.04
3.91,0.31,2.12,0.5,10.87,1.37,0,5.04
3.91,0.31,2.12,0.5,10.87,1.37,0,5.04
3.91,0.31,2.12,0.5,10.87,1.37,0,5.04
3.91,0.31,2.12,0.5,10.87,1.37,0,5.04
3.91,0.31,2.12,0.5,10.87,1.37,0,5.04
3.91,0.31,2.12,0.5,10.87,1.37,0,5.04
3.91,0.31,2.12,0.5,10.87,1.37,0,5.04
3.91,0.31,2.12,0.5,10.87,1.37,0,5.04
3.91,0.31,2.12,0.5,10.87,1.37,0,5.04
3.91,0.31,2.12,0.5,10.87,1.37,0,5.04
3.91,0.31,2.12,0.5,10.87,1.37,0,5.04
3.91,0.31,2.12,0.5,10.87,1.37,0,5.04
3.91,0.31,2.12,0.5,10.87,1.37,0,5.04
3.91,0.31,2.12,0.5,10.87,1.37,0,5.04
3.91,0.31,2.12,0.5,10.87,1.37,0,5.04
3.91,0.31,2.12,0.5,10.87,1.37,0,5.04
3.91,0.31,2.12,0.5,10.87,1.37,0,5.04
3.91,0.31,2.12,0.5,2.89,1.37,0,5.04
3.91,0.31,2.12,0.5,2.89,1.37,0,5.04
3.91,0.31,2.12,0.5,2.89,1.37,0,5.04
3.91,0.31,2.12,0.5,2.89,1.37,0,5.04
3.91,0.31,2.12,0.5,2.89,1.37,0,5.04
3.91,0.31,2.12,0.5,2.89,1.37,0,5.04
3.91,0.31,2.12,0.5,2.89,1.37,0,5.04
3.91,0.31,2.12,0.5,2.89,1.37,0,5.04
3.91,0.31,2.12,0.5,2.89,1.37,0,5.04
3.91,0.31,2.12,0.5,2.89,1.37,0,5.04
3.91,0.31,2.12,0.5,2.89,1.37,0,4.82
3.91,0.31,2.12,0.5,2.89,1.37,0,4.82
3.91,0.31,2.12,0.5,2.89,1.37,0,4.82
3.91,0.31,2.12,0.5,2.89,1.37,0,4.82
3.91,0.31,2.12,0.5,2.89,1.37,0,4.82
3.91,0.31,2.12,0.5,2.89,1.37,0,4.82
3.91,0.31,2.12,0.5,2.89,1.37,0,4.82
3.91,0.34,2.12,0.5,2.89,1.37,0,4.82
3.91,0.34,2.12,0.5,2.89,1.37,0,4.82
3.91,0.34,2.12,0.5,2.89,1.37,0,4.82
3.91,0.34,2.12,0.5,2.89,1.37,0,4.82
3.91,0.34,2.12,0.5,2.89,1.29,0,4.82
3.91,0.34,2.12,0.5,2.89,1.29,0,4.82
3.91,0.34,2.12,0.5,2.89,1.29,0,4.82
3.91,0.34,2.12,0.5,2.89,1.29,0,4.82
3.91,0.34,2.12,0.5,2.89,1.29,0,4.82
3.91,0.34,2.12,0.5,2.89,1.29,0,4.82
3.91,0.34,2.12,0.69,2.89,1.29,0,4.82
3.91,0.34,2.12,0.69,2.89,1.29,0,4.82
3.91,0.34,2.12,0.69,2.89,1.29,0,4.82
3.91,0.34,2.12,0.69,2.89,1.29,0,4.82
3.91,0.34,2.12,0.69,2.89,1.29,0,4.82
3.91,0.34,2.12,0.69,2.89,1.29,0,4.82
3.91,0.34,2.12,0.69,2.89,1.29,0,4.82
3.91,0.34,2.12,0.69,2.89,1.29,0,4.82
3.91,0.34,2.12,0.69,2.89,1.29,0,4.82
3.91,0.34,2.12,0.69,2.89,1.29,0,4.82
3.91,0.34,2.12,0.69,2.89,1.29,0,4.82
3.91,0.34,2.12,0.69,2.89,1.29,0,4.82
3.91,0.34,2.12,0.69,2.89,1.29,0,4.82
3.91,0.34,2.12,0.69,2.89,1.29,0,4.82
3.91,0.34,2.12,0.69,2.89,1.29,0,4.82
3.91,0.34,2.12,0.69,2.89,1.29,0,4.82
3.91,0.34,2.12,0.69,2.89,1.29,0,4.82
3.91,0.34,2.12,0.69,2.89,1.29,0,4.82
3.91,0.34,2.12,0.69,2.89,1.29,0,4.82
3.91,0.34,2.12,0.69,2.89,1.29,0,4.82
3.91,0.34,2.12,0.69,2.89,1.29,0,4.82
3.91,0.34,2.12,0.69,2.89,1.29,0,4.82
3.91,0.34,2.12,0.69,2.89,1.29,0,4.82
3.91,0.34,2.12,0.69,2.89,1.29,0,4.82
3.91,0.34,2.12,0.69,2.89,1.29,0,4.82
3.91,0.34,2.12,0.69,2.89,1.29,0,4.82
3.91,0.34,2.12,0.69,2.89,1.29,0,4.82
3.91,0.34,2.12,0.69,2.89,1.29,0,4.82
3.91,0.34,2.12,0.69,2.89,1.29,0,4.82
3.91,0.34,2.12,0.69,2.89,1.29,0,4.82
3.91,0.34,2.12,0.69,2.89,1.29,0,4.82
3.91,0.34,2.12,0.69,2.89,1.29,0,4.82
3.91,0.34,2.12,0.69,2.89,1.29,0,4.82
3.91,0.34,2.12,0.69,2.89,1.29,0,4.82
3.91,0.34,2.12,0.69,2.89,1.29,0,4.82
3.91,0.34,2.12,0.69,2.89,1.29,0,4.82
3.91,0.34,2.12,0.69,2.89,1.29,0,4.82
3.91,0.34,2.12,0.69,2.89,1.29,0,4.82
3.91,0.34,2.12,0.69,2.89,1.29,0,4.82
3.91,0.34,2.12,0.69,2.89,1.29,0,4.82
3.91,0.34,2.12,0.69,2.89,1.29,0,4.82
3.91,0.34,2.12,0.69,2.89,1.29,0,4.82
3.91,0.34,2.12,0.69,2.89,1.29,0,4.82
3.91,0.34,2.12,0.69,4.04,1.29,0,4.82
3.91,0.34,2.12,0.69,4.04,1.29,0,4.82
3.91,0.34,2.12,0.69,4.04,1.29,0,4.82
3.91,0.34,2.12,0.69,4.04,1.29,0,4.82
3.91,0.34,2.12,0.69,4.04,1.29,0,4.82
3.91,0.34,2.12,0.69,4.04,1.29,0,4.82
3.91,0.34,2.12,0.69,4.04,1.29,0,4.82
3.91,0.34,2.12,0.69,4.04,1.29,0,4.82
3.91,0.34,2.12,0.69,4.04,1.29,0,4.82
3.91,0.34,2.12,0.69,4.04,1.29,0,4.82
3.91,0.34,2.12,0.69,4.04,1.29,0,4.82
3.91,0.34,2.12,0.69,4.04,1.29,0,4.82
3.91,0.34,2.12,0.69,4.04,1.29,0,4.82
3.91,0.34,2.12,0.69,4.04,1.29,0,4.82
3.91,0.34,2.12,0.69,4.04,1.29,0,4.82
3.91,0.34,2.12,0.69,4.04,1.29,0,4.82
3.91,0.34,2.12,0.69,4.04,1.29,0,4.82
3.91,0.34,2.12,0.69,4.04,1.29,0,4.82
3.91,0.34,2.12,0.69,4.04,1.29,0,4.82
3.91,0.34,2.12,0.69,4.04,1.29,0,4.82
3.91,0.34,2.12,0.69,4.04,1.29,0,4.61
3.91,0.34,2.12,0.69,4.04,1.29,0,4.61
3.91,0.34,2.12,0.69,4.04,1.29,0,4.61
3.91,0.34,2.12,0.69,4.04,1.29,0,4.61
3.91,0.34,2.12,0.69,4.04,1.29,0,4.61
3.91,0.34,2.12,0.69,4.04,1.29,0,4.61
3.91,0.34,2.12,0.69,4.04,1.29,0,4.61
3.91,0.34,2.12,0.69,4.04,1.29,0,4.61
3.91,0.34,2.12,0.69,4.04,1.29,0,4.61
3.91,0.34,2.12,0.69,4.04,1.29,0,4.61
3.91,0.34,2.12,0.69,4.04,1.29,0,4.61
3.91,0.34,2.12,0.69,4.04,1.29,0,4.61
3.91,0.34,2.12,0.69,4.04,1.29,0,4.61
3.52,0.34,2.12,0.69,4.04,1.29,0,4.61
3.52,0.34,2.12,0.69,4.04,0.69,0,4.61
3.52,0.34,2.12,0.69,4.04,0.69,0,4.61
3.52,0.34,2.12,0.63,4.04,0.69,0,4.61
3.52,0.34,2.12,0.63,4.04,0.69,0,4.61
3.52,0.34,2.12,0.63,4.04,0.69,0,4.61
3.52,0.34,2.12,0.63,4.04,0.69,0,4.61
3.52,0.34,2.12,0.63,4.04,0.69,0,4.61
3.52,0.34,2.12,0.63,4.04,0.69,0,4.61
3.52,0.34,2.12,0.63,4.04,0.69,0,4.61
3.52,0.34,2.12,0.63,4.04,0.69,0,4.61
3.52,0.34,2.12,0.63,4.04,0.69,0,4.61
3.52,0.34,2.12,0.63,4.04,0.69,0,4.61
3.52,0.34,2.12,0.63,4.04,0.69,0,4.61
3.52,0.34,2.12,0.63,4.04,0.69,0,4.61
3.52,0.34,2.12,0.63,4.04,0.69,0,4.61
3.52,0.34,2.12,0.63,4.04,0.69,0,4.61
3.52,0.34,2.12,0.63,4.04,0.69,0,4.61
3.52,0.34,2.12,0.63,4.04,0.69,0,4.61
3.52,0.34,2.12,0.63,4.04,0.69,0,4.61
3.52,0.34,2.12,0.63,4.04,0.69,0,4.61
3.52,0.34,2.12,0.63,4.04,0.69,0,4.61
3.52,0.4,2.12,0.63,4.04,0.69,0,4.61
3.52,0.4,2.12,0.63,4.04,0.69,0,4.61
3.52,0.4,2.12,0.63,4.04,0.69,0,4.61
3.52,0.4,2.12,0.63,4.04,0.69,0,4.61
3.52,0.4,2.12,0.63,4.04,0.69,0,4.61
3.52,0.4,2.12,0.63,4.04,0.69,0,4.61
3.52,0.4,2.12,0.63,4.04,0.69,0,4.61
3.52,0.4,2.12,0.63,0,0.69,0,4.61
3.52,0.4,2.12,0.63,0,0.69,0,4.61
3.52,0.4,2.12,0.63,0,0.69,0,4.61
3.52,0.4,2.12,0.63,0,0.69,0,4.61
3.52,0.4,2.12,0.63,0,0.69,0,4.61
3.52,0.4,2.12,0.63,0,0.69,0,4.61
3.52,0.4,2.12,0.63,0,0.69,0,4.61
3.52,0.4,2.12,0.63,0,0.69,0,4.61
3.52,0.4,2.12,0.63,0,0.69,0,4.61
3.52,0.4,2.12,0.63,0,0.69,0,4.61
3.52,0.4,2.12,0.63,0,0.69,0,4.91
3.52,0.4,2.12,0.63,0,0.69,0,4.91
3.52,0.4,2.12,0.63,0,0.69,0,4.91
3.52,0.4,2.12,0.63,0,0.69,0,4.91
3.52,0.4,2.12,0.63,0,0.69,0,4.91
3.52,0.4,2.12,0.63,0,0.69,0,4.91
3.52,0.4,2.12,0.63,0,0.51,0,4.91
3.52,0.4,2.12,0.63,0,0.51,0,4.91
3.52,0.4,2.12,0.63,0,0.51,0,4.91
3.52,0.4,2.12,0.63,0,0.51,0,4.91
3.52,0.4,2.12,0.63,0,0.51,0,4.91
3.52,0.4,2.12,0.63,0,0.51,0,4.91
3.52,0.4,2.12,0.63,0,0.51,0,4.91
3.52,0.4,2.12,0.63,0,0.51,0,4.91
3.52,0.4,2.12,0.63,0,0.51,0,4.91
3.52,0.4,2.12,0.63,0,0.51,0,4.91
3.52,0.4,2.12,0.52,0,0.51,0,4.91
3.52,0.4,2.12,0.52,0,0.51,0,4.91
3.52,0.4,2.12,0.52,0,0.51,0,4.91
3.52,0.4,2.12,0.52,0,0.51,0,4.91
3.52,0.4,2.12,0.52,0,0.51,0,4.91
3.52,0.4,2.12,0.52,0,0.51,0,4.91
3.52,0.4,2.12,0.52,0,0.51,0,4.91
3.52,0.4,2.12,0.52,0,0.51,0,4.91
3.52,0.4,2.12,0.52,0,0.51,0,4.91
3.52,0.4,2.12,0.52,0,0.51,0,4.91
3.52,0.4,2.12,0.52,0,0.51,0,4.91
3.52,0.4,2.12,0.52,0,0.51,0,4.91
3.52,0.4,2.12,0.52,0,0.51,0,4.91
3.52,0.4,2.12,0.52,0,0.51,0,4.91
3.52,0.4,2.12,0.52,0,0.51,0,4.91
3.52,0.4,2.12,0.52,0,0.51,0,4.91
3.52,0.4,2.12,0.52,0,0.51,0,4.91
3.52,0.4,2.12,0.52,0,0.51,0,4.91
3.52,0.4,2.12,0.52,0,0.51,0,4.91
3.52,0.4,2.12,0.52,0,0.51,0,4.91
3.52,0.4,2.12,0.52,0,0.51,0,4.91
3.52,0.4,2.12,0.52,0,0.51,0,4.91
3.52,0.4,2.12,0.52,0,0.51,0,4.91
3.52,0.4,2.12,0.52,0,0.51,0,4.91
3.52,0.4,2.12,0.52,0,0.51,0,4.91
3.52,0.4,2.12,0.52,0,0.51,0,4.91
3.52,0.4,2.12,0.52,0,0.51,0,4.91
3.52,0.4,2.12,0.52,0,0.51,0,4.91
3.52,0.4,2.12,0.52,0,0.51,0,4.91
3.52,0.4,2.12,0.52,0,0.51,0,4.91
3.52,0.4,2.12,0.52,0,0.51,0,4.91
3.52,0.4,2.12,0.52,0,0.51,0,4.91
3.52,0.4,2.12,0.52,0,0.51,0,4.91
3.52,0.4,2.12,0.52,0,0.51,0,4.91
3.52,0.4,2.12,0.52,0,0.51,0,4.91
3.52,0.4,2.12,0.52,0,0.51,0,4.91
3.52,0.4,2.12,0.52,0.29,0.51,0,4.91
3.52,0.4,2.12,0.52,0.29,0.51,0,4.91
3.52,0.4,2.12,0.52,0.29,0.51,0,4.91
3.52,0.4,2.12,0.52,0.29,0.51,0,4.91
3.52,0.4,2.12,0.52,0.29,0.51,0,4.91
3.52,0.4,2.12,0.52,0.29,0.51,0,4.91
3.52,0.4,2.12,0.52,0.29,0.51,0,4.91
3.52,0.4,2.12,0.52,0.29,0.51,0,4.91
3.52,0.4,2.12,0.52,0.29,0.51,0,4.91
3.52,0.4,2.12,0.52,0.29,0.51,0,4.91
3.52,0.4,2.12,0.52,0.29,0.51,0,4.91
3.52,0.4,2.12,0.52,0.29,0.51,0,4.91
3.52,0.4,2.12,0.52,0.29,0.51,0,4.91
3.52,0.4,2.12,0.52,0.29,0.51,0,4.91
3.52,0.4,2.12,0.52,0.29,0.51,0,4.67
3.52,0.4,2.12,0.52,0.29,0.51,0,4.67
3.52,0.4,2.12,0.52,0.29,0.51,0,4.67
3.52,0.4,2.12,0.52,0.29,0.51,0,4.67
3.52,0.38,2.12,0.52,0.29,0.51,0,4.67
3.52,0.38,2.12,0.52,0.29,0.51,0,4.67
3.89,0.38,2.12,0.52,0.29,0.51,0,4.67
3.89,0.38,2.12,0.52,0.29,0.32,0,4.67
3.89,0.38,2.12,0.52,0.29,0.32,0,4.67
3.89,0.38,2.12,0.52,0.29,0.32,0,4.67
3.89,0.38,2.12,0.52,0.29,0.32,0,4.67
3.89,0.38,2.12,0.52,0.29,0.32,0,4.67
3.89,0.38,2.12,0.52,0.29,0.32,0,4.67
3.89,0.38,2.12,0.52,0.29,0.32,0,4.67
3.89,0.38,2.12,0.52,0.29,0.32,0,4.67
3.89,0.38,2.12,0.52,0.29,0.32,0,4.67
3.89,0.38,2.12,0.44,0.29,0.32,0,4.67
3.89,0.38,2.12,0.44,0.29,0.32,0,4.67
3.89,0.38,2.12,0.44,0.29,0.32,0,4.67
3.89,0.38,2.12,0.44,0.29,0.32,0,4.67
3.89,0.38,2.12,0.44,0.29,0.32,0,4.67
3.89,0.38,2.12,0.44,0.29,0.32,0,4.67
3.89,0.38,2.12,0.44,0.29,0.32,0,4.67
3.89,0.38,2.12,0.44,0.29,0.32,0,4.67
3.89,0.38,2.12,0.44,0.29,0.32,0,4.67
3.89,0.38,2.12,0.44,0.29,0.32,0,4.67
3.89,0.38,2.12,0.44,0.29,0.32,0,4.67
3.89,0.38,2.12,0.44,0.29,0.32,0,4.67
3.89,0.38,2.12,0.44,0.29,0.32,0,4.67
3.89,0.38,2.12,0.44,0.29,0.32,0,4.67
3.89,0.38,2.12,0.44,0.29,0.32,0,4.67
3.89,0.38,2.12,0.44,0.29,0.32,0,4.67
3.89,0.38,2.12,0.44,0.29,0.32,0,4.67
3.89,0.38,2.12,0.44,0.29,0.32,0,4.67
3.89,0.38,2.12,0.44,0.29,0.32,0,4.67
3.89,0.38,2.12,0.44,0.29,0.32,0,4.67
3.89,0.38,2.12,0.44,0.29,0.32,0,4.67
3.89,0.38,2.12,0.44,0.29,0.32,0,4.67
3.89,0.38,2.12,0.44,0.29,0.32,0,4.67
3.89,0.38,2.12,0.44,0.29,0.32,0,4.67
3.89,0.38,2.12,0.44,0.29,0.32,0,4.67
3.89,0.38,2.12,0.44,0.29,0.32,0,4.67
3.89,0.38,2.12,0.44,0.29,0.32,0,4.67
3.89,0.38,2.12,0.44,0.29,0.32,0,4.67
3.89,0.38,2.12,0.44,0.29,0.32,0,4.67
3.89,0.38,2.12,0.44,0.29,0.32,0,4.67
3.89,0.38,2.12,0.44,0.29,0.32,0,4.67
3.89,0.38,2.12,0.44,0.29,0.32,0,4.67
3.89,0.38,2.12,0.44,0.29,0.32,0,4.67
3.89,0.38,2.12,0.44,0.29,0.32,0,4.67
3.89,0.38,2.12,0.44,0.29,0.32,0,4.67
3.89,0.38,2.12,0.44,0.29,0.32,0,4.67
3.89,0.38,2.12,0.44,5.49,0.32,0,4.67
3.89,0.38,2.12,0.44,5.49,0.32,0,4.67
3.89,0.38,2.12,0.44,5.49,0.32,0,4.67
3.89,0.38,2.12,0.44,5.49,0.32,0,4.67
3.89,0.38,2.12,0.44,5.49,0.32,0,4.67
3.89,0.38,2.12,0.44,5.49,0.32,0,4.67
3.89,0.38,2.12,0.44,5.49,0.32,0,4.67
3.89,0.38,2.12,0.44,5.49,0.32,0,4.67
3.89,0.38,2.12,0.44,5.49,0.32,0,4.67
3.89,0.38,2.12,0.44,5.49,0.32,0,4.67
3.89,0.38,2.12,0.44,5.49,0.32,0,4.67
3.89,0.38,2.12,0.44,5.49,0.32,0,4.67
3.89,0.38,2.12,0.44,5.49,0.32,0,4.67
3.89,0.38,2.12,0.44,5.49,0.32,0,4.93
3.89,0.38,2.12,0.44,5.49,0.32,0,4.93
3.89,0.38,2.12,0.44,5.49,0.32,0,4.93
3.89,0.38,2.12,0.44,5.49,0.32,0,4.93
3.89,0.34,2.12,0.44,5.49,0.32,0,4.93
3.89,0.34,2.12,0.44,5.49,0.4,0,4.93
3.89,0.34,2.12,0.44,5.49,0.4,0,4.93
3.89,0.34,2.12,0.44,5.49,0.4,0,4.93
3.89,0.34,2.12,0.44,5.49,0.4,0,4.93
3.89,0.34,2.12,0.44,5.49,0.4,0,4.93
3.89,0.34,2.12,0.44,5.49,0.4,0,4.93
3.89,0.34,2.12,0.45,5.49,0.4,0,4.93
3.89,0.34,2.12,0.45,5.49,0.4,0,4.93
3.89,0.34,2.12,0.45,5.49,0.4,0,4.93
3.89,0.34,2.12,0.45,5.49,0.4,0,4.93
3.89,0.34,2.12,0.45,5.49,0.4,0,4.93
3.89,0.34,2.12,0.45,5.49,0.4,0,4.93
3.89,0.34,2.12,0.45,5.49,0.4,0,4.93
3.89,0.34,2.12,0.45,5.49,0.4,0,4.93
3.89,0.34,2.09,0.45,5.49,0.4,0,4.93
3.89,0.34,2.09,0.45,5.49,0.4,0,4.93
3.89,0.34,2.09,0.45,5.49,0.4,0,4.93
3.89,0.34,2.09,0.45,5.49,0.4,0,4.93
3.89,0.34,2.09,0.45,5.49,0.4,0,4.93
3.89,0.34,2.09,0.45,5.49,0.4,0,4.93
3.89,0.34,2.09,0.45,5.49,0.4,0,4.93
3.89,0.34,2.09,0.45,5.49,0.4,0,4.93
3.89,0.34,2.09,0.45,5.49,0.4,0,4.93
3.89,0.34,2.09,0.45,5.49,0.4,0,4.93
3.89,0.34,2.09,0.45,5.49,0.4,0,4.93
3.89,0.34,2.09,0.45,5.49,0.4,0,4.93
3.89,0.34,2.09,0.45,5.49,0.4,0,4.93
3.89,0.34,2.09,0.45,5.49,0.4,0,4.93
3.89,0.34,2.09,0.45,5.49,0.4,0,4.93
3.89,0.34,2.09,0.45,5.49,0.4,0,4.93
3.89,0.34,2.09,0.45,5.49,0.4,0,4.93
3.89,0.34,2.09,0.45,5.49,0.4,0,4.93
3.89,0.34,2.09,0.45,5.49,0.4,0,4.93
3.89,0.34,2.09,0.45,5.49,0.4,0,4.93
3.89,0.34,2.09,0.45,5.49,0.4,0,4.93
3.89,0.34,2.09,0.45,5.49,0.4,0,4.93
3.89,0.34,2.09,0.45,5.49,0.4,0,4.93
3.89,0.34,2.09,0.45,5.49,0.4,0,4.93
3.89,0.34,2.09,0.45,5.49,0.4,0,4.93
3.89,0.34,2.09,0.45,5.49,0.4,0,4.93
3.89,0.34,2.09,0.45,5.49,0.4,0,4.93
3.89,0.34,2.09,0.45,5.49,0.4,0,4.93
3.89,0.34,2.09,0.45,5.49,0.4,0,4.93
3.89,0.34,2.09,0.45,5.49,0.4,0,4.93
3.89,0.34,2.09,0.45,5.49,0.4,0,4.93
3.89,0.34,2.09,0.45,5.49,0.4,0,4.93
3.89,0.34,2.09,0.45,5.49,0.4,0,4.93
3.89,0.34,2.09,0.45,5.49,0.4,0,4.93
3.89,0.34,2.09,0.45,5.49,0.4,0,4.93
3.89,0.34,2.09,0.45,5.49,0.4,0,4.93
3.89,0.34,2.09,0.45,5.49,0.4,0,4.93
3.89,0.34,2.09,0.45,5.49,0.4,0,4.93
3.89,0.34,2.09,0.45,9.47,0.4,0,4.93
3.89,0.34,2.09,0.45,9.47,0.4,0,4.93
3.89,0.34,2.09,0.45,9.47,0.4,0,4.93
3.89,0.34,2.09,0.45,9.47,0.4,0,4.93
3.89,0.34,2.09,0.45,9.47,0.4,0,4.93
3.89,0.34,2.09,0.45,9.47,0.4,0,4.93
3.89,0.34,2.09,0.45,9.47,0.4,0,4.93
3.89,0.34,2.09,0.45,9.47,0.4,0,4.93
3.89,0.34,2.09,0.45,9.47,0.4,0,4.93
3.89,0.34,2.09,0.45,9.47,0.4,0,4.93
3.89,0.34,2.09,0.45,9.47,0.4,0,4.93
3.89,0.34,2.09,0.45,9.47,0.4,0,4.93
3.89,0.34,2.09,0.45,9.47,0.4,0,4.93
3.89,0.34,2.09,0.45,9.47,0.4,0,4.93
3.89,0.34,2.09,0.45,9.47,0.4,0,4.93
3.89,0.34,2.09,0.45,9.47,0.4,0,4.93
3.89,0.34,2.09,0.45,9.47,0.4,0,4.93
3.89,0.34,2.09,0.45,9.47,0.4,0,4.93
3.89,0.34,2.09,0.45,9.47,0.4,0,4.93
3.89,0.34,2.09,0.45,9.47,0.4,0,4.93
3.89,0.34,2.09,0.45,9.47,0.4,0,5.16
3.89,0.34,2.09,0.45,9.47,0.4,0,5.16
3.89,0.34,2.09,0.45,9.47,0.4,0,5.16
3.89,0.34,2.09,0.45,9.47,0.4,0,5.16
3.89,0.34,2.09,0.45,9.47,1.67,0,5.16
3.89,0.34,2.09,0.45,9.47,1.67,0,5.16
3.89,0.34,2.09,0.45,9.47,1.67,0,5.16
3.88,0.34,2.09,0.45,9.47,1.67,0,5.16
3.88,0.34,2.09,0.45,9.47,1.67,0,5.16
3.88,0.34,2.09,0.45,9.47,1.67,0,5.16
3.88,0.34,2.09,0.45,9.47,1.67,0,5.16
3.88,0.34,2.09,0.45,9.47,1.67,0,5.16
3.88,0.34,2.09,0.45,9.47,1.67,0,5.16
3.88,0.34,2.09,0.45,9.47,1.67,0,5.16
3.88,0.34,2.09,0.45,9.47,1.67,0,5.16
3.88,0.34,2.09,0.45,9.47,1.67,0,5.16
3.88,0.34,2.09,0.45,9.47,1.67,0,5.16
3.88,0.34,2.09,0.6,9.47,1.67,0,5.16
3.88,0.34,2.09,0.6,9.47,1.67,0,5.16
3.88,0.34,2.09,0.6,9.47,1.67,0,5.16
3.88,0.34,2.09,0.6,9.47,1.67,0,5.16
3.88,0.34,2.09,0.6,9.47,1.67,0,5.16
3.88,0.34,2.09,0.6,9.47,1.67,0,5.16
3.88,0.34,2.09,0.6,9.47,1.67,0,5.16
3.88,0.34,2.09,0.6,9.47,1.67,0,5.16
3.88,0.34,2.09,0.6,9.47,1.67,0,5.16
3.88,0.34,2.09,0.6,9.47,1.67,0,5.16
3.88,0.34,2.09,0.6,9.47,1.67,0,5.16
3.88,0.34,2.09,0.6,9.47,1.67,0,5.16
3.88,0.34,2.09,0.6,9.47,1.67,0,5.16
3.88,0.34,2.09,0.6,9.47,1.67,0,5.16
3.88,0.34,2.09,0.6,9.47,1.67,0,5.16
3.88,0.34,2.09,0.6,9.47,1.67,0,5.16
3.88,0.34,2.09,0.6,9.47,1.67,0,5.16
3.88,0.34,2.09,0.6,9.47,1.67,0,5.16
3.88,0.34,2.09,0.6,9.47,1.67,0,5.16
3.88,0.34,2.09,0.6,9.47,1.67,0,5.16
3.88,0.28,2.09,0.6,9.47,1.67,0,5.16
3.88,0.28,2.09,0.6,9.47,1.67,0,5.16
3.88,0.28,2.09,0.6,9.47,1.67,0,5.16
3.88,0.28,2.09,0.6,9.47,1.67,0,5.16
3.88,0.28,2.09,0.6,9.47,1.67,0,5.16
3.88,0.28,2.09,0.6,9.47,1.67,0,5.16
3.88,0.28,2.09,0.6,9.47,1.67,0,5.16
3.88,0.28,2.09,0.6,9.47,1.67,0,5.16
3.88,0.28,2.09,0.6,9.47,1.67,0,5.16
3.88,0.28,2.09,0.6,9.47,1.67,0,5.16
3.88,0.28,2.09,0.6,9.14,1.67,0,5.16
3.88,0.28,2.09,0.6,9.14,1.67,0,5.16
3.88,0.28,2.09,0.6,9.14,1.67,0,5.16
3.88,0.28,2.09,0.6,9.14,1.67,0,5.16
3.88,0.28,2.09,0.6,9.14,1.67,0,5.16
3.88,0.28,2.09,0.6,9.14,1.67,0,5.53
3.88,0.28,2.09,0.6,9.14,1.67,0,5.53
3.88,0.28,2.09,0.6,9.14,1.67,0,5.53
3.88,0.28,2.09,0.6,9.14,1.67,0,5.53
3.88,0.28,2.09,0.6,9.14,1.67,0,5.53
3.88,0.28,2.09,0.6,9.14,1.67,0,5.53
3.88,0.28,2.09,0.6,9.14,2.04,0,5.53
3.88,0.26,2.09,0.6,9.14,2.04,0,5.53
3.88,0.26,2.09,0.6,9.14,2.04,0,5.53
3.88,0.26,2.09,0.6,9.14,2.04,0,5.53
3.88,0.26,2.09,0.6,9.14,2.04,0,5.53
3.88,0.26,2.09,0.6,9.14,2.04,0,5.53
3.88,0.26,2.09,0.6,9.14,2.04,0,5.53
3.88,0.26,2.09,0.6,9.14,2.04,0,5.53
3.88,0.26,2.09,0.82,9.14,2.04,0,5.53
3.88,0.26,2.09,0.82,9.14,2.04,0,5.53
3.88,0.26,2.09,0.82,9.14,2.04,0,5.53
3.88,0.26,2.09,0.82,9.14,2.04,0,5.53
3.88,0.26,2.09,0.82,9.14,2.04,0,5.53
3.88,0.26,2.09,0.82,9.14,2.04,0,5.53
3.88,0.26,2.09,0.82,9.14,2.04,0,5.53
3.88,0.26,4.17,0.82,9.14,2.04,0,5.53
3.88,0.26,4.17,0.82,9.14,2.04,0,5.53
3.88,0.26,4.17,0.82,9.14,2.04,0,5.53
3.88,0.26,4.17,0.82,9.14,2.04,0,5.53
3.88,0.26,4.17,0.82,9.14,2.04,0,5.53
3.88,0.26,4.17,0.82,9.14,2.04,0,5.53
3.88,0.26,4.17,0.82,9.14,2.04,0,5.53
3.88,0.26,4.17,0.82,9.14,2.04,0,5.53
3.88,0.26,4.17,0.82,9.14,2.04,0,5.53
3.88,0.26,4.17,0.82,9.14,2.04,0,5.53
3.88,0.26,4.17,0.82,9.14,2.04,0,5.53
3.88,0.26,4.17,0.82,9.14,2.04,0,5.53
3.88,0.26,4.17,0.82,9.14,2.04,0,5.53
3.88,0.26,4.17,0.82,9.14,2.04,0,5.53
3.88,0.26,4.17,0.82,9.14,2.04,0,5.53
3.88,0.26,4.17,0.82,9.14,2.04,0,5.53
3.88,0.26,4.17,0.82,9.14,2.04,0,5.53
3.88,0.26,4.17,0.82,9.14,2.04,0,5.53
3.88,0.26,4.17,0.82,9.14,2.04,0,5.53
3.88,0.26,4.17,0.82,9.14,2.04,0,5.53
3.88,0.26,4.17,0.82,9.14,2.04,0,5.53
3.88,0.26,4.17,0.82,9.14,2.04,0,5.53
3.88,0.26,4.17,0.82,9.14,2.04,0,5.53
3.88,0.26,4.17,0.82,9.14,2.04,0,5.53
3.88,0.26,4.17,0.82,9.14,2.04,0,5.53
3.88,0.26,4.17,0.82,9.14,2.04,0,5.53
3.88,0.26,4.17,0.82,9.14,2.04,0,5.53
3.88,0.26,4.17,0.82,9.14,2.04,0,5.53
3.88,0.26,4.17,0.82,9.14,2.04,0,5.53
3.88,0.26,4.17,0.82,9.14,2.04,0,5.53
3.88,0.26,4.17,0.82,9.14,2.04,0,5.53
3.88,0.26,4.17,0.82,5.45,2.04,0,5.53
3.88,0.26,4.17,0.82,5.45,2.04,0,5.53
3.88,0.26,4.17,0.82,5.45,2.04,0,5.53
3.88,0.26,4.17,0.82,5.45,2.04,0,5.53
3.88,0.26,4.17,0.82,5.45,2.04,0,5.53
3.88,0.26,4.17,0.82,5.45,2.04,0,5.53
3.88,0.26,4.17,0.82,5.45,2.04,0,5.53
3.88,0.26,4.17,0.82,5.45,2.04,0,5.53
3.88,0.26,4.17,0.82,5.45,2.04,0,5.53
3.88,0.26,4.17,0.82,5.45,2.04,0,5.53
3.88,0.26,4.17,0.82,5.45,2.04,0,5.53
3.88,0.26,4.17,0.82,5.45,2.04,0,5.53
3.88,0.26,4.17,0.82,5.45,2.04,0,5.53
3.88,0.26,4.17,0.82,5.45,2.04,0,5.53
3.88,0.26,4.17,0.82,5.45,2.04,0,5.67
3.88,0.26,4.17,0.82,5.45,2.04,0,5.67
3.88,0.26,4.17,0.82,5.45,2.04,0,5.67
3.88,0.26,4.17,0.82,5.45,2.04,0,5.67
3.79,0.26,4.17,0.82,5.45,2.04,0,5.67
3.79,0.26,4.17,0.82,5.45,2.25,0,5.67
3.79,0.23,4.17,0.82,5.45,2.25,0,5.67
3.79,0.23,4.17,0.82,5.45,2.25,0,5.67
3.79,0.23,4.17,0.82,5.45,2.25,0,5.67
3.79,0.23,4.17,0.82,5.45,2.25,0,5.67
3.79,0.23,4.17,0.82,5.45,2.25,0,5.67
3.79,0.23,4.17,1.27,5.45,2.25,0,5.67
3.79,0.23,4.17,1.27,5.45,2.25,0,5.67
3.79,0.23,4.17,1.27,5.45,2.25,0,5.67
3.79,0.23,4.17,1.27,5.45,2.25,0,5.67
3.79,0.23,4.17,1.27,5.45,2.25,0,5.67
3.79,0.23,4.17,1.27,5.45,2.25,0,5.67
3.79,0.23,4.17,1.27,5.45,2.25,0,5.67
3.79,0.23,4.17,1.27,5.45,2.25,0,5.67
3.79,0.23,4.17,1.27,5.45,2.25,0,5.67
3.79,0.23,4.17,1.27,5.45,2.25,0,5.67
3.79,0.23,4.17,1.27,5.45,2.25,0,5.67
3.79,0.23,4.17,1.27,5.45,2.25,0,5.67
3.79,0.23,4.17,1.27,5.45,2.25,0,5.67
3.79,0.23,4.17,1.27,5.45,2.25,0,5.67
3.79,0.23,4.17,1.27,5.45,2.25,0,5.67
3.79,0.23,4.17,1.27,5.45,2.25,0,5.67
3.79,0.23,4.17,1.27,5.45,2.25,0,5.67
3.79,0.23,4.17,1.27,5.45,2.25,0,5.67
3.79,0.23,4.17,1.27,5.45,2.25,0,5.67
3.79,0.23,4.17,1.27,5.45,2.25,0,5.67
3.79,0.23,4.17,1.27,5.45,2.25,0,5.67
3.79,0.23,4.17,1.27,5.45,2.25,0,5.67
3.79,0.23,4.17,1.27,5.45,2.25,0,5.67
3.79,0.23,4.17,1.27,5.45,2.25,0,5.67
3.79,0.23,4.17,1.27,5.45,2.25,0,5.67
3.79,0.23,4.17,1.27,5.45,2.25,0,5.67
3.79,0.23,4.17,1.27,5.45,2.25,0,5.67
3.79,0.23,4.17,1.27,5.45,2.25,0,5.67
3.79,0.23,4.17,1.27,5.45,2.25,0,5.67
3.79,0.23,4.17,1.27,5.45,2.25,0,5.67
3.79,0.23,4.17,1.27,5.45,2.25,0,5.67
3.79,0.23,4.17,1.27,5.45,2.25,0,5.67
3.79,0.23,4.17,1.27,5.45,2.25,0,5.67
3.79,0.23,4.17,1.27,5.45,2.25,0,5.67
3.79,0.23,4.17,1.27,5.45,2.25,0,5.67
3.79,0.23,4.17,1.27,5.45,2.25,0,5.67
3.79,0.23,4.17,1.27,5.45,2.25,0,5.67
3.79,0.23,4.17,1.27,5.45,2.25,0,5.67
3.79,0.23,4.17,1.27,5.45,2.25,0,5.67
3.79,0.23,4.17,1.27,5.45,2.25,0,5.67
3.79,0.23,4.17,1.27,5.45,2.25,0,5.67
3.79,0.23,4.17,1.27,5.45,2.25,0,5.67
3.79,0.23,4.17,1.27,5.45,2.25,0,5.67
3.79,0.23,4.17,1.27,5.45,2.25,0,5.67
3.79,0.23,4.17,1.27,5.45,2.25,0,5.67
3.79,0.23,4.17,1.27,2.89,2.25,0,5.67
3.79,0.23,4.17,1.27,2.89,2.25,0,5.67
3.79,0.23,4.17,1.27,2.89,2.25,0,5.67
3.79,0.23,4.17,1.27,2.89,2.25,0,5.67
3.79,0.23,4.17,1.27,2.89,2.25,0,5.67
3.79,0.23,4.17,1.27,2.89,2.25,0,5.67
3.79,0.23,4.17,1.27,2.89,2.25,0,5.67
3.79,0.23,4.17,1.27,2.89,2.25,0,5.67
3.79,0.23,4.17,1.27,2.89,2.25,0,5.75
3.79,0.23,4.17,1.27,2.89,2.25,0,5.75
3.79,0.23,4.17,1.27,2.89,2.25,0,5.75
3.79,0.23,4.17,1.27,2.89,2.25,0,5.75
3.79,0.23,4.17,1.27,2.89,2.25,0,5.75
3.79,0.23,4.17,1.27,2.89,2.25,0,5.75
3.79,0.23,4.17,1.27,2.89,2.46,0,5.75
