"U.MGM.P.","U.LVS.P.","X.WYNN.P.","X.BJK.P.","X.GDEN.P.","U.BYD.P.","U.BALY.P.","X.RRR.P."
21.76,48.44,67.3,33.34,9.31,20,0,0
22.8,48.85,69.9,33.42,9.34,19.98,0,0
23.19,49.51,69.95,33.66,9.35,19.99,0,0
23.78,50.61,72.19,33.95,9.35,20.41,0,0
24.14,50.91,74.26,34.63,9.33,20.65,0,0
24.03,49.69,72.87,34.04,9.44,20.67,0,0
23.91,49.55,72.98,34.35,9.75,20.89,0,0
23.84,49.78,73.99,34.01,9.63,21.12,0,0
23.32,46.61,68.15,33.2,9.65,20.57,0,0
23.43,46.93,67.25,32.73,9.67,20.83,0,0
23.3,46.49,65.8,32.83,9.93,20.68,0,0
22.8,46.03,64.7,32.77,10.02,20.34,0,0
22.51,45.69,62.2,32.33,9.69,19.9,0,0
22.63,46.02,63.49,32.14,9.9,19.58,0,0
22.25,45.35,61.56,32.39,10.05,19.98,0,0
22.72,45.99,61.31,32.29,10.18,20.57,0,0
22.53,46.07,61.78,32.4,10.3,20.37,0,0
22.46,45.08,59.56,32.47,10.3,20.17,0,0
22.67,45.19,60.23,32.02,10.19,19.95,0,0
22.96,44.9,62.95,32.11,10.22,20.17,0,0
22.92,44.82,62.25,32.34,10.36,20.22,0,0
22.92,44.82,62.25,32.34,10.36,20.22,0,0
22.77,44.32,61.05,32.21,10.4,20.35,0,0
22.74,44.06,62.77,32.17,10.5,19.59,0,0
23.28,44.8,66.81,32.81,10.6,19.7,0,0
23.43,45.18,68.5,32.65,10.6,20.07,0,0
22.39,43.54,65.08,32.45,10.64,19.53,0,0
22.63,43.69,64.6,32.48,10.66,19.69,0,0
22.32,43.12,64.6,32.29,10.52,19.23,0,0
21.91,42.55,61.8,31.64,10.6,18.91,0,0
22.06,43.7,69.91,31.75,10.57,18.9,0,0
22.06,42.8,66.46,31.8,10.51,18.66,0,0
21.05,41.26,63.13,30.9,10.25,18,0,0
20.81,40.42,62.77,30.79,10.24,16.82,0,0
21.15,41.49,66.04,31.28,10.01,17.21,0,0
22.08,43.4,68.99,31.91,9.89,18.94,0,0
21.45,41.82,64.27,31.59,9.62,19.1,0,0
21.17,41.53,63.4,31.55,9.95,18.7,0,0
21.62,42.04,65.76,30.74,9.59,19.39,0,0
21.74,42.93,67.65,30.88,9.73,19.07,0,0
22.5,44.51,68.95,31.36,9.82,19.31,0,0
22.51,44.36,69.17,31.62,9.85,19.72,0,0
22.51,44.36,69.17,31.62,9.85,19.72,0,0
22.63,44.12,68.34,31.1,10.09,19.56,0,0
22.94,44.38,70.12,31.5,10.17,19.83,0,0
22.52,43.99,68.64,31.59,10.14,19.92,0,0
22.72,43.84,69.19,31.73,10.23,19.87,0,0
22.72,43.84,69.19,31.73,10.23,19.87,0,0
22.25,43.4,68.77,31.03,10.04,19.01,0,0
22.75,44.04,70.07,31.24,10.18,19.07,0,0
22.39,42.69,66.44,30.31,10.1,19.11,0,0
20.62,38.78,60.19,29.04,10.02,17.78,0,0
20.49,39.01,57.74,28.8,10.02,18.58,0,0
20.83,38.99,56.79,28.9,10.02,18.55,0,0
21.13,38.91,55.62,29,10.1,18.14,0,0
20.02,36.97,52.47,28.08,9.94,17.38,0,0
20.27,37.45,51.5,28.38,10.03,17.84,0,0
19.86,38.72,58.37,27.74,10.04,17.89,0,0
19.86,38.72,58.37,27.74,10.04,17.89,0,0
19.63,38.43,59.13,28.12,10.02,17.27,0,0
19.11,37.21,56.33,27.61,10.06,16.52,0,0
19.02,37.64,56.68,27.78,9.88,16.46,0,0
19.34,39.03,59.17,28.58,9.94,16.87,0,0
18.89,39.11,61,28.48,9.88,16.4,0,0
19.11,40.87,63.41,29.02,9.92,16.69,0,0
19.47,41.59,62.23,29.2,10,16.96,0,0
19.28,42.79,63.15,29.67,9.98,17.24,0,0
20.08,45.1,67.34,30.73,9.97,17.81,0,0
20.05,44.63,67.1,30.78,10,17.85,0,0
19.09,42.2,62,30.01,9.94,17.03,0,0
18.55,42.56,63.17,30.05,9.99,16.64,0,0
18.77,42.68,63.78,29.87,10.07,16.83,0,0
17.88,41.98,61.91,29.27,10.01,15.86,0,0
16.87,40.53,58.8,28.75,9.89,15.04,0,0
16.56,39.58,58.45,28.3,9.85,15.04,0,0
17.17,40.13,58.14,28.24,9.81,15.36,0,0
16.93,40.25,59.69,28.05,9.98,14.96,0,0
18.11,44.09,69.14,29,10.08,15.98,0,0
18.11,44.09,69.14,29,10.08,15.98,0,0
19.15,45.82,74.65,29.95,10.05,16.81,0,0
20.07,46.32,76.21,30.49,10.05,17.25,0,0
18.4,46.02,78.45,30.53,9.97,17.07,0,0
18.06,45.86,77.18,30.41,10,16.3,0,0
18.76,47.51,79.53,31.4,10.05,16.68,0,0
18.22,47.23,79.65,30.95,9.92,16.22,0,0
18.25,46.92,79.67,30.9,9.99,16.27,0,0
18.34,47.44,80.63,30.77,10,16.36,0,0
18.87,47.92,82.17,31.1,10.22,17.64,0,0
18.93,48.28,82.48,31.18,10.35,17.32,0,0
19.93,50.7,84.51,31.98,10.45,17.99,0,0
20.27,51.04,85,32.15,10.68,18.05,0,0
20.33,52.6,88.35,32.49,10.39,18.06,0,0
19.81,51.8,85.44,32.2,10.22,17.88,0,0
19.82,50.83,83.99,32.09,10.25,17.45,0,0
19.33,48.97,80.27,31.17,10.22,17.27,0,0
20.05,50.07,81.56,31.83,10.3,17.84,0,0
20.34,50.6,84.06,31.91,10.25,17.79,0,0
20.81,51.58,86.06,32.59,10.3,18.68,0,0
20.94,52.34,85.22,32.41,10.33,18.81,0,0
20.67,51.94,83.25,31.9,10.37,18.34,0,0
21.2,53.35,86.3,32.71,10.4,19.07,0,0
20.95,54.09,88.8,32.98,10.38,19.03,0,0
21.42,53.62,94.02,33.64,10.45,18.99,0,0
20.97,53.27,92.74,33.33,10.53,18.77,0,0
21.24,53.28,95,33.33,10.55,19.85,0,0
20.76,52.38,91.76,32.57,10.51,19.47,0,0
20.52,52.47,93.47,32.61,10.54,19.79,0,0
20.52,52.47,93.47,32.61,10.54,19.79,0,0
20.45,51.94,92.83,32.77,10.57,19.74,0,0
21.22,52.53,94.14,33.49,10.5,20.7,0,0
21.29,52.23,93.99,33.86,10.76,20.74,0,0
21.44,51.68,93.43,34.03,10.84,20.66,0,0
21.92,51.72,94.74,34.03,10.76,20.87,0,0
21.62,50.51,93.4,33.21,10.58,20.84,0,0
21.27,49.95,90.92,32.72,10.51,20.74,0,0
21.36,49.78,89.55,33.38,10.61,20.87,0,0
21.67,50.22,99.99,33.38,10.65,20.91,0,0
22.39,49.48,98.78,33.27,10.64,21.2,0,0
22.06,49.31,98.31,33.12,10.61,20.74,0,0
22.65,49.53,97.19,33.61,10.55,21.22,0,0
23.1,50.98,97.68,34.1,10.66,21.35,0,0
22.81,50.7,97.67,34.07,10.65,21.05,0,0
22.79,50.94,97.67,34.2,10.75,21.1,0,0
22.87,51.16,96.48,34.5,10.98,20.99,0,0
23.03,52.5,99.99,34.97,11.48,21.06,0,0
22.79,52.18,99.39,34.64,11.81,21.12,0,0
22.29,47.39,95.79,33.49,11.84,20.93,0,0
22.17,46.87,96,32.95,11.82,20.03,0,0
21.76,45.82,90.94,33.02,11.99,20.2,0,0
21.84,46.1,89.66,33.29,12.05,20.62,0,0
21.93,45.67,89.17,33.11,11.97,19.61,0,18.7
21.35,45.86,89.22,32.73,11.88,19.19,0,18.73
21.3,45.15,88.3,32.43,12.1,18.64,0,18.64
21.67,46.75,94.28,33.11,11.94,19.22,0,18.87
21.44,45.77,94.45,32.54,12.3,18.63,0,18.96
21.47,45.21,91.23,32.19,12.5,18.68,0,18.78
21.87,44.45,89.62,32.43,12.68,18.77,0,18.8
22.01,45.49,91.21,32.07,12.3,18.73,0,18.87
21.85,44.95,89.62,32.11,12.66,19.05,0,18.9
22.58,46.12,94.03,32.23,12.8,19.48,0,18.99
22.01,45.46,92.96,32.31,12.63,19.19,0,19.23
21.94,45.64,93.42,32.4,12.46,19.1,0,19.5
21.63,44.89,89.95,32.19,12.38,18.96,0,19.17
22.08,45.58,90.88,32.69,12.6,18.8,0,19.54
21.98,45.42,91.23,32.76,12.31,18.52,0,19.4
21.7,44.84,88.45,31.9,12,18.69,0,19.44
21.51,44.32,88.45,31.78,12.07,18.4,0,19.31
21.76,44.99,88.96,32.06,12.09,18.23,0,19.32
22.13,45.05,91.48,32.26,12.08,18.36,0,19.37
22.67,45.55,93.22,32.47,12.21,18.4,0,19.58
22.8,46.3,96.65,32.97,12.12,18.54,0,19.74
22.51,45.42,94.62,32.84,12.26,18.44,0,19.84
22.93,46.19,95.96,33.03,12.42,18.82,0,20.11
22.93,46.19,95.96,33.03,12.42,18.82,0,20.11
22.85,46.24,96.18,33.42,12.26,18.91,0,20.39
23.42,46.36,96.73,33.36,12.52,19.42,0,20.16
24.1,46.77,99.41,33.57,12.88,19.71,0,20.49
24.06,46.75,98.5,33.7,13.1,19.48,0,20.46
24.4,46.61,98.69,33.72,13.14,19.32,0,20.5
24.65,47.38,101.11,33.97,13.08,19.36,0,20.85
24.97,47.6,101.32,34.04,13.1,19.41,0,21.18
25.09,47.27,100.79,33.76,13.08,19.2,0,21.69
24.55,46.25,100.45,33.08,13.29,18.84,0,21.72
24.12,46.01,100.15,32.56,12.88,18.47,0,22.01
24.05,46.9,101.54,32.29,12.76,18.6,0,22.09
24.52,46.96,101.6,32.77,12.72,18.6,0,22.52
24.16,46.48,101.2,32.38,12.47,18.35,0,22.41
24.61,46.96,103.19,32.38,12.27,18.69,0,22.05
24.28,44.31,100.29,32.91,13.13,18.85,0,22.45
24.53,45.19,101.81,33.02,13.22,19.18,0,22.83
24.32,44.93,100.72,32.99,13.23,18.76,0,22.7
24.48,46.16,101.7,33.5,13.27,19.07,0,22.5
22.91,43.31,92.29,31.61,13.21,18.26,0,21.38
21.54,41.82,87.69,30.15,13.28,17.45,0,20.95
22.09,42.49,88.28,30.63,11.43,17.95,0,21.06
22.74,43.63,91.28,31.25,11.33,18.26,0,21.16
22.63,43.49,90.64,31.4,11.69,18.4,0,21.98
22.78,43.71,91.79,31.53,11.64,18.3,0,22.05
22.78,43.71,91.79,31.53,11.64,18.3,0,22.05
22.55,42.8,89.1,31.03,11.52,18.13,0,21.77
22.95,43.6,89.93,31,11.5,18.24,0,22.15
22.98,43.56,88.96,31,11.5,18.29,0,22.16
22.96,44.13,89.75,31.59,11.62,18.74,0,22.27
22.99,45.92,94.1,31.81,12.09,18.72,0,22.27
23.27,46.53,96.5,32.43,12.16,18.93,0,22.51
23.13,45.83,94.88,32.5,12.15,19.09,0,22.42
23.29,46.01,92.02,32.65,12.45,19.17,0,22.34
23.34,46.18,92.22,32.56,12.42,19.18,0,22.41
23.39,46.94,96.66,32.89,12.88,19.25,0,22.53
23.15,46.34,95.17,32.78,12.95,18.87,0,22.51
23.5,46.96,94.18,32.97,13.3,19.17,0,22.48
23.17,46.71,93.89,32.91,13.08,18.86,0,22.05
23.19,47.32,95.77,33.09,13.3,18.92,0,22.09
23.32,47.8,97.41,33.38,13.25,18.72,0,22.11
24.01,50.62,103.47,34.07,13.52,19.1,0,22.69
23.82,50.19,102.24,33.93,13.87,19.18,0,23.14
24.23,50.77,104.66,34.13,13.86,19.7,0,22.9
23.98,50.65,97.95,34.34,13.61,19.61,0,23.01
23.96,50.24,97.93,34.12,13.43,19.44,0,22.65
23.8,49.78,96.92,33.81,13.35,19.06,0,22.97
23.78,49.97,97.66,33.89,13.4,18.99,0,23.2
24.06,50.19,98.25,34.35,13.17,18.4,0,22.63
24.45,49.87,97.51,34.41,13.22,18.75,0,22.75
24.64,50.96,100.05,34.77,13.14,18.84,0,22.93
24.9,51.84,100.19,35.04,13.49,19.38,0,22.74
24.63,51.72,99.59,35.18,13.22,19.39,0,22.21
24.89,52.08,102.66,35.51,13.36,20,0,22.34
24.5,51.8,99.75,35.61,13.27,19.82,0,22.03
24.84,52.56,103.74,35.57,13.28,19.74,0,21.91
24.49,52.36,101.42,35.41,12.93,19.57,0,23.05
24.43,52.49,101.33,35.41,12.87,19.57,0,22.89
24.36,52.12,99.68,35.61,12.81,19.69,0,22.92
24.16,52.21,97.38,35.16,12.41,19.8,0,22.81
24.23,52.58,97.1,35.32,12.02,19.76,0,22.84
24.31,52.22,96.39,35.45,12.38,20.26,0,22.68
23.55,50.36,90.81,35.08,12.51,20.04,0,22.21
23.66,50.76,90.51,34.85,12.5,19.95,0,22.23
23.76,50.33,89.85,34.52,12.51,19.92,0,22.23
23.76,50.9,90.72,34.69,12.43,19.71,0,22.15
23.81,50.96,90.15,34.18,12.51,19.52,0,22.31
23.89,50.21,89.32,33.99,12.52,19.5,0,22.54
24.65,53.81,93.17,34.91,12.72,19.73,0,22.84
24.58,53.93,92.38,35.07,12.67,19.66,0,22.37
24.58,53.93,92.38,35.07,12.67,19.66,0,22.37
24.72,54.73,92.79,35.37,12.71,19.63,0,22.31
25.17,55.05,94.35,35.59,12.89,19.77,0,22.21
25.3,55.68,95.78,36,12.97,19.8,0,21.98
24.76,55.64,98.41,35.53,12.77,19.03,0,21.44
25.08,56.89,104.01,35.92,12.94,19.13,0,21.55
24.86,56.54,103.71,34.91,12.66,18.54,0,20.8
25.22,58.31,107.25,35.49,12.6,18.69,0,21.05
25.54,58.43,108.68,36.07,12.66,18.73,0,21.31
25.44,58.31,108.57,35.9,12.71,18.48,0,21.49
24.94,57.33,103.96,35.65,12.83,18.61,0,21.88
24.97,56.28,103.49,35.76,12.87,18.51,0,21.83
25.08,56.76,103,36.11,12.74,18.74,0,21.98
25.79,57.17,102.29,36.39,12.94,19.24,0,22.72
25.65,57.38,102.14,36.04,12.88,19.09,0,23.07
25.36,56.46,100.81,35.73,12.67,19.01,0,23.13
25.57,56.89,100.74,36.01,12.77,19.26,0,22.89
26.35,57.48,101.66,36.33,12.68,19.75,0,22.99
25.85,56.93,100.59,36.07,12.44,19.34,0,22.88
26.03,57.54,97.42,36.31,12.47,19.78,0,23.59
26.19,58.87,99.28,36.45,12.44,19.63,0,23.05
26.23,58.81,96.38,36.36,12.18,19.59,0,22.92
26.64,58.87,97.94,36.47,12.43,19.77,0,23.41
26.8,58.8,97.74,36.57,12.19,19.78,0,23.31
26.42,58.38,97.01,36.16,12.12,19.44,0,23.07
26.79,59.07,98.67,36.25,12.36,19.69,0,23.29
26.55,58.96,97.7,35.64,12.13,19.34,0,22.96
26.33,58.76,96.43,35.81,12.14,19.31,0,22.75
26.06,58.09,94.95,35.65,11.95,19.09,0,22.5
25.75,57.73,93.37,35.57,11.99,19,0,22.41
25.98,57.57,93.1,35.08,11.88,19,0,22.24
25.86,57.45,92.98,35.35,11.78,19.04,0,22.01
26.09,58.16,95.52,35.72,11.88,19.04,0,22.04
26.12,57.9,96,35.38,11.9,18.98,0,22.4
26.1,57.16,95.27,35.37,11.88,18.65,0,22.52
26.28,57.95,96.8,35.38,11.84,18.83,0,22.67
26.08,58,95.57,35.31,11.75,18.7,0,22.5
26.13,58.02,95.75,35.36,11.65,18.51,0,22.43
25.98,57.04,94.18,34.95,11.62,17.96,0,22.12
26.07,57.75,94.18,34.83,11.51,17.99,0,22.35
26.17,57.88,94.55,35.09,11.46,17.86,0,21.9
26.4,58.63,98.23,35.19,11.41,17.6,0,22.21
25.94,57.59,96.52,35.05,11.38,17,0,21.87
25.77,56.74,87.53,35.01,10.87,17.11,0,21.33
26.41,59.08,88.04,35.1,10.51,17.3,0,21.66
27.18,58.89,87.86,35.82,10.26,17.59,0,22.32
28,59.48,86.67,36.1,10.28,17.75,0,22.2
28.32,59.71,87.84,36.05,10.36,18.35,0,22.56
27.87,58.59,85.3,35.2,10.23,18.22,0,22.05
27.5,58,84.98,34.82,11.95,18.69,0,22.25
27.37,57.04,84.51,34.72,11.81,18.78,0,21.69
27.83,58.95,86.87,35.02,11.64,18.61,0,22.02
27.71,58.15,86.57,34.87,11.95,18.67,0,22.24
28.03,59.8,90.44,35.47,11.93,18.82,0,22.25
28.43,60.59,92.35,35.89,12.27,18.56,0,22.77
28.97,61.71,97.38,36.33,12.26,18.65,0,22.73
28.71,62.67,98.1,36.6,12.75,18.67,0,23.14
28.47,62.42,101.32,36.58,12.85,18.95,0,23.16
28.47,62.42,101.32,36.58,12.85,18.95,0,23.16
28.67,62.84,101.55,36.96,12.94,19.28,0,23.58
28.73,62.55,102,36.91,12.57,19.22,0,23.21
28.87,62.15,99.79,37.14,12.67,19.27,0,23.38
28.71,62.67,101.99,37.1,12.42,18.84,0,22.92
28.52,62.18,99.27,36.76,12.22,18.7,0,22.53
29.01,60.99,98.64,36.38,12.29,18.9,0,22.95
28.97,61.12,98.37,36.75,12.65,19.24,0,23.38
29.63,62.47,102.18,36.9,12.67,19.63,0,23.18
29.95,62.68,101.99,37.49,12.77,20.28,0,23.17
28.65,54.67,90.72,36.24,12.77,21,0,23.1
29.27,55.34,91.88,35.83,12.7,21.46,0,23.52
29.19,56.13,91.5,35.58,12.54,20.81,0,23.08
29.79,57.85,93.5,35.87,12.51,21.04,0,23.19
29.72,57.71,92.16,35.7,12.47,20.76,0,22.97
28.97,56.19,90.88,35.2,12.62,20.71,0,22.72
28.86,57.01,91.9,35.12,12.88,20.84,0,22.73
28.59,54.7,90.12,33.99,12.49,20.78,0,23.08
28.63,54.26,88.31,33.92,12.54,20.69,0,23.09
29.28,54.52,89.27,34.01,12.47,20.73,0,23.75
29.33,54.22,88.25,34,12.47,20.64,0,23.77
29.36,54.25,88.34,33.78,12.47,20.49,0,23.64
29.36,54.25,88.34,33.78,12.47,20.49,0,23.64
29.01,54.19,88.24,33.86,12.49,20.32,0,23.36
28.72,53.87,87.08,33.85,12.34,20.18,0,23.19
28.5,54.06,87.17,33.85,12.27,20.28,0,23.13
28.83,53.41,86.51,33.84,12.11,20.17,0,23.19
28.83,53.41,86.51,33.84,12.11,20.17,0,23.19
29.48,53.33,87.46,34.04,12.29,20.41,0,23.85
29.46,54.98,90.28,34.45,12.22,20.82,0,24.41
29.37,55.08,91.44,34.86,11.78,20.88,0,23.88
29.52,55.47,92.43,34.71,11.76,20.24,0,23.93
29.16,55.71,92.75,34.73,11.45,19.64,0,23.34
29.62,56.61,94.83,35.08,11.56,19.6,0,23.5
29.03,55.69,92.93,34.88,11.62,19.45,0,23.56
28.63,55.46,91.94,34.85,11.54,19.64,0,23.01
28.62,55.28,90.53,34.75,11.75,19.61,0,23.03
28.62,55.28,90.53,34.75,11.75,19.61,0,23.03
28.66,55.99,92.34,34.6,11.38,19.59,0,23.17
28.61,56.04,91.98,35.01,11.09,19.62,0,22.81
28.69,55.84,90.93,34.64,10.97,19.39,0,22.62
28.74,55.74,90.82,34.79,10.9,19.47,0,22.87
28.5,55.47,92.64,34.81,10.64,19.34,0,22.93
29.01,55.96,94.03,35.06,10.98,19.59,0,23.6
29.6,56.65,96.42,35.22,11.56,20.49,0,23.73
29.48,52.41,95.5,34.85,11.15,20.4,0,23.69
29.79,53.32,103.08,34.95,11.03,20.64,0,23.69
29.11,52.8,102.55,34.65,10.93,20.32,0,23.6
28.8,52.58,101.43,34.78,11.02,20.32,0,23.48
28.56,51.75,97.86,34.94,11.02,20.83,0,23.53
28.8,51.69,97.38,34.84,11.26,21.06,0,23.61
28.86,51.81,96.92,34.99,11.26,21.04,0,23.73
29.05,51.98,97.02,34.69,11.28,20.83,0,23.73
28.56,51.94,97.01,34.58,11.3,20.81,0,23.47
28.64,52.14,97.18,34.53,11.3,20.67,0,23.23
28.62,52.93,98.88,34.68,11.47,20.86,0,23.58
28.53,52.74,98.9,34.98,12.64,20.86,0,23.66
29.16,53.16,98.97,35.18,12.76,20.9,0,23.83
28.65,53.06,97.68,35.5,12.14,20.66,0,23.77
29.6,53,99.79,35.55,12.2,21.33,0,24.03
26.86,52.51,96.72,35.12,11.64,20.26,0,23.5
26.6,52.03,95.91,34.85,11.52,20.35,0,23.37
26.6,52.03,95.91,34.85,11.52,20.35,0,23.37
26.95,52.04,95.97,34.93,11.3,20.16,0,23.38
26.46,51.97,94.75,34.84,11.49,20.02,0,22.98
26.18,51.77,93.84,35.28,11.93,19.87,0,22.68
26.39,52.17,94.01,35.06,12.2,19.75,0,22.34
26.47,52.91,95.51,35.26,12.33,19.7,0,22.1
26.29,52.95,96.15,35.44,11.85,19.67,0,21.97
26.83,54.96,102.71,36.05,12.1,20.1,0,22.12
26.31,53.66,100.15,35.48,12.03,19.69,0,22.09
26.46,53.84,101.04,35.58,11.75,19.56,0,22.34
26.55,54.31,100.37,35.7,11.84,19.94,0,22.35
25.74,54.3,99.46,35.39,11.74,19.77,0,22.01
25.68,53.98,99.23,35.49,11.65,19.89,0,21.27
25.43,53.75,98.99,35.39,11.66,20.03,0,21.17
25.5,54.21,99.55,35.67,11.8,20.34,0,21.73
25.95,55.17,104.3,35.93,13.08,20.3,0,21.7
26.35,55.56,104.7,36.06,13.25,20.32,0,21.67
26.82,56.1,104.75,36.74,13.44,20.34,0,21.95
26.79,56.52,106.17,36.6,13.92,20.21,0,21.85
27.58,57.17,110.19,36.98,13.99,20.4,0,22.19
26.62,57.36,111.64,37.18,13.5,20.33,0,22.19
26.13,55.92,111.75,36.81,13.23,20.03,0,21.63
26.03,55.86,113.35,36.81,13,19.83,0,21.44
25.92,55.59,112.32,37.01,13.12,20.6,0,21.41
25.71,55.62,111.92,37.02,13.05,20.61,0,21.43
26.58,56.63,114.65,37.34,13.18,21.35,0,22
27.17,56.93,115.18,37.84,13.33,21.51,0,22.28
27.29,57.25,115.49,37.85,13.38,21.4,0,22.57
27.33,57.03,114.3,37.85,13.37,21.71,0,22.48
27.4,57.07,114.61,37.7,13.23,22.01,0,22.18
27.75,57.18,116.34,37.72,13.29,21.94,0,21.99
27.82,56.67,116.74,37.69,13.27,21.84,0,22
27.6,56.17,116.68,38.09,13,21.32,0,22
28.43,56.68,117.85,38.07,13.09,21.83,0,22.33
28.11,56.2,116.83,38.07,13.26,21.85,0,22.27
27.77,55.56,116.18,38.1,13.35,21.91,0,22.38
27.71,56.15,116.23,38.1,13.79,22.23,0,22.56
27.57,56.51,115.39,38.25,13.42,21.69,0,22.47
27.19,55.9,113.47,38.38,13.29,21.38,0,22.35
27.19,55.9,113.47,38.38,13.29,21.38,0,22.35
27.12,56.44,114.64,38.49,13.5,22.03,0,22.43
27.75,56.87,115.89,38.33,13.69,22.36,0,22.34
28.02,56.69,114.94,38.09,13.7,22.43,0,22.49
28.46,57.77,116.15,38.47,13.89,22.42,0,22.99
28.41,57.38,115.9,38.57,13.87,22.17,0,22.95
29,57.65,115.57,38.69,14.05,22.53,0,22.9
29.35,58.47,118.22,39.14,14.29,22.72,0,22.97
29.79,59.26,125.19,39.64,14.97,22.84,0,23.08
31.01,59.2,124.5,39.5,14.63,23.04,0,23.64
30.71,58.99,123.01,39.36,14.04,22.68,0,23.38
30.97,59.39,125.92,39.75,14.55,22.84,0,23.09
30.96,59.19,125.3,39.57,14.64,22.46,0,23
31.11,59.31,125.85,39.46,14.56,24.33,0,23.14
30.72,58.5,124.32,39.08,14.75,24.29,0,22.84
30.85,58.75,122.14,38.86,15.07,24.39,0,22.83
30.42,57.2,120.2,38.74,15.07,24.45,0,22.51
30.96,58.04,123.46,39.13,15.18,24.6,0,22.92
31.23,58.33,123.27,39.39,16.24,24.85,0,23.33
30.98,57.46,122.23,38.91,16.19,24.65,0,23.38
31.15,58.65,125.29,39.03,17.92,24.8,0,24.03
31.68,58.3,125.69,39.18,17.13,24.95,0,24.01
32.2,58.1,127.91,39.35,16.92,25.38,0,24.32
31.15,56.84,122.62,38.75,16.44,24.77,0,23.6
30.96,56.85,122.42,38.51,16.38,24.76,0,23.59
31.25,56.77,121.73,39,16.11,25.01,0,23.73
31.57,57.7,125.16,39.31,16.5,25.22,0,23.73
31.3,57.53,124.15,39.43,16.37,25.04,0,23.69
31.19,57.53,124,39.5,16.14,25.16,0,23.64
31.6,57.95,124.44,39.66,16.05,25.06,0,23.54
31.82,58.02,125.73,39.68,16.3,25.19,0,23.75
31.82,58.02,125.73,39.68,16.3,25.19,0,23.75
31.87,58.7,126.58,39.65,16.53,25.22,0,23.55
31.72,59.13,128.7,39.77,16.61,25.41,0,23.64
32.26,62.05,133.59,40.35,17.16,25.8,0,23.8
32.52,62.55,134.68,40.54,17.43,25.32,0,23.57
32.19,62.41,133.28,40.47,16.89,25.19,0,23.7
32.49,63.66,132.6,40.33,17.26,25.38,0,23.9
32.76,63.86,132.31,40.35,17.12,25.83,0,24.2
32.77,64.63,134.73,40.85,17.14,25.93,0,24.15
31.98,63.69,129.59,40.59,16.93,24.89,0,23.76
31.59,63.95,130.25,40.32,20,24.83,0,23.79
32.09,64.87,134.16,41.25,20.06,25.2,0,24.4
32.35,65.24,133.49,41.31,20.27,25.05,0,24.05
32.58,64.77,134.04,40.97,20.56,25.13,0,23.77
32.61,64.99,134.46,41.1,20.73,25.19,0,23.92
33.15,66.12,138.42,41.51,20.48,25.68,0,24.3
33.18,64.62,137.13,41.42,20.47,25.22,0,23.75
32.96,64.57,137.46,41.33,20.4,24.74,0,23.3
33.25,64.34,137.05,41.26,20.38,24.5,0,23.33
34.16,64.97,138.32,41.25,21.09,25.11,0,24
33.85,64.49,137.15,41.59,20.73,25.25,0,23.87
33.73,64.14,135.63,41.12,20.36,24.83,0,23.56
33.7,64.95,135.94,41.26,20.62,25.25,0,23.77
32.89,63.51,132.76,40.72,20.68,24.93,0,23.51
31.29,63.89,134.12,40.72,20.71,24.81,0,23.55
30.56,62.63,131.01,39.93,21.3,24.54,0,23.41
30.56,62.63,131.01,39.93,21.3,24.54,0,23.41
30.98,62.77,132.42,39.78,21.62,24.75,0,23.12
30.3,61.55,130.91,39.55,20.33,24.4,0,23.09
30.84,61.77,132.46,39.68,20.66,24.8,0,23.47
31.18,62.17,134.95,39.84,20.81,25.18,0,23.78
31.43,61.89,134.29,39.8,20.88,25.26,0,24.01
31.74,62.28,135.27,39.9,21.13,25.77,0,24.19
31.93,62.17,134.98,40,20.95,25.36,0,23.98
31.91,61.07,130.42,40.1,20.4,25.53,0,23.97
31.85,61.14,129.85,39.8,20.58,25.27,0,23.58
32.55,62.47,133.55,40.1,20.71,25.72,0,23.78
32.79,61.92,133.17,40.38,20.84,26,0,23.86
33.73,62.16,132,40.37,20.99,25.98,0,24.06
34.03,62.36,134.14,40.63,20.54,25.86,0,23.94
33.99,62.71,138.53,40.81,20.82,26.19,0,24.51
34.27,62.62,138.98,41.19,21.25,26.23,0,24.72
33.87,61.65,132,40.49,21.47,26.23,0,24.73
33.39,62.27,128.02,40.67,21.35,25.77,0,24.38
33.14,61.28,128.6,40.64,20.71,25.2,0,24.01
32.93,61.61,129.34,40.67,20.58,25.06,0,23.9
32.41,61.23,128,40.75,20.73,25.39,0,23.89
31.98,60.54,125.95,40.59,20.05,25.62,0,23.64
31.56,60.78,126.34,40.54,20.13,25.57,0,23.53
31.79,60.97,127.51,40.51,20.95,26.02,0,24.06
31.86,61.07,130.23,40.48,20.45,26.67,0,23.89
31.55,61,130.07,40.45,20.48,26.3,0,23.69
31.49,60.78,129.85,40.17,20.53,26.16,0,22.83
30.51,60.16,126.02,39.63,20.48,26.47,0,22.26
30.59,59.66,125.63,39.1,20.45,26.2,0,22
30.99,60.79,128.18,39.65,20.74,26.28,0,22.01
31.59,61.86,136.39,39.89,21.18,26.42,0,22.03
31.3,61.54,136.45,40.24,21.41,26.19,0,21.9
30.51,60.11,134.62,39.87,21.91,25.83,0,21.67
30.71,60.01,134.9,40.14,21.99,25.56,0,21.65
31.11,60.25,135.64,39.88,22,26.07,0,21.78
31.6,60.57,136.15,40.28,22.33,26.4,0,22.06
31.32,59.89,134.75,40.04,22.13,26.09,0,21.88
31.55,60.24,134.1,40.06,22.37,26.07,0,22.1
31.83,60.12,134.65,39.95,22.47,26.46,0,22.2
31.69,60.28,133.9,39.73,23.19,26.26,0,22.16
32.04,60.71,135.25,39.86,23.15,25.98,0,22.13
32.12,60.56,136.1,39.98,22.81,25.96,0,22.18
32.96,62.21,138.99,40.62,22.72,26.44,0,22.6
33.21,62.87,143.42,41.12,22.48,26.5,0,22.72
33.21,62.87,143.42,41.12,22.48,26.5,0,22.72
33.14,62.66,142.5,41.04,22.72,26.46,0,22.62
33.77,63.26,143.38,41.26,23.07,26.63,0,22.69
33.99,63.39,145.75,41.75,23.82,26.77,0,22.63
33.25,63.12,144.43,41.54,23.37,26.64,0,22.68
33.08,64.28,145.9,41.95,23.59,26.79,0,22.7
32.75,64.48,145.92,41.94,23.2,26.7,0,22.59
32.59,64.44,145.47,41.64,23.62,26.37,0,22.65
32.06,64.09,144.1,41.8,23.69,26.21,0,22.57
31.92,63.25,143.22,42,23.44,26.09,0,22.61
31.68,63.63,143.84,42,23.42,26.12,0,22.77
32.56,64.53,147.01,42.31,23.34,25.99,0,23.22
33.08,63.63,145.69,42.35,23.19,25.98,0,23.28
33.06,63.62,145.4,42.25,23.19,25.92,0,23.75
32.38,63.57,144.91,42.45,23.17,25.04,0,23.51
31.94,62.31,141.13,41.92,23.31,24.77,0,23.12
32.16,63.17,144.62,41.8,24.8,25.18,0,23.11
32.46,64.16,145.28,42.23,25.76,25.18,0,23.07
32.34,63.64,144.38,42.04,25.06,25.27,0,23.2
32.59,64.16,148.92,42.68,24.38,26.05,0,23.16
30.77,64.97,147.07,42.58,24.4,26.04,0,23.1
30.85,64.89,147.09,42.55,24.32,25.71,0,23.46
30.75,65.06,146.97,42.66,24.41,25.58,0,23.59
30.9,65.04,146.96,42.75,24.72,27.18,0,23.95
30.81,64.26,143.94,42.08,24.47,27.62,0,23.64
30.81,63.66,143.37,42.02,24.35,27.4,0,23.92
30.43,63.36,142.54,42.16,24.74,27.5,0,23.71
30.9,63.32,143.27,42.18,24.62,27.8,0,23.89
30.07,61.68,140.76,42.18,24.01,27.8,0,23.88
29.74,62.01,142.33,42.2,23.93,27.69,0,23.88
29.69,62.8,146.81,42.32,24.04,27.9,0,24
30.49,62.31,146.4,42.15,24.33,27.95,0,23.78
30.44,61.89,145.33,42.05,24.73,28.6,0,23.89
30.48,62.34,145.53,42.15,24.85,28.4,0,23.73
31.03,62.69,144.44,42.18,25.08,28.7,0,23.74
30.9,63.13,144.76,42.25,25.06,28.46,0,23.79
31.22,63.15,144.91,42.08,25.91,28.38,0,23.74
30.97,62.91,143.51,41.66,26.47,27.7,0,23.7
30.83,62.58,145.34,41.89,26.7,27.31,0,23.45
31.25,61.75,143.15,42.03,27.36,29.11,0,24.14
30.57,61.46,141.21,41.82,26.57,28.62,0,23.88
31.35,63.38,147.49,42.56,26.68,29.23,0,24.63
30.82,64.37,151.55,43.25,26.59,29.1,0,24.74
30.71,64.9,150.05,43.11,28.36,28.94,0,24.51
31.26,65.88,150.09,43.05,28.28,29.2,0,24.73
31.71,66.55,151.39,43.41,29.3,29.35,0,24.9
31.46,67.34,152.19,43.54,27.87,29.08,0,24.75
33.06,67.9,152.79,44.09,28.79,29.52,0,26.48
32.75,67.42,153.59,43.91,30.91,29.27,0,26.5
32.88,67.4,154.03,44.03,30.66,28.89,0,26.48
33.06,67.25,155.24,43.99,30.88,29.11,0,26.6
32.85,67.27,153.6,43.76,31.16,29.41,0,26.86
32.89,66.25,151.62,43.7,30.59,29.01,0,27.05
33,66.68,153.2,44.22,30.8,29.7,0,27.67
33,66.5,152.28,43.99,30.9,29.99,0,28.12
33.18,67.08,156.96,44.5,31.48,30.42,0,28.31
33.34,67.79,158.57,44.82,32.92,30.39,0,28.32
33.45,67.7,158.69,44.86,31.91,30.23,0,28.67
33.45,67.7,158.69,44.86,31.91,30.23,0,28.67
33.89,67.65,159.42,45.1,33.61,30.38,0,28.85
33.67,67.76,158.49,44.85,32.79,30.7,0,29.3
33.25,68.36,157.5,44.99,34.24,30.99,0,30.59
33.65,67.56,156.07,45.04,32.81,31.27,0,30.52
34.12,69.29,158.08,44.75,34.32,31.89,0,30.85
34.02,69.84,159.01,44.9,33.89,32.05,0,31.11
34.22,69.78,158.07,44.68,33.51,32.04,0,31.73
33.94,69.44,159.45,44.95,33.52,32.07,0,31.57
33.1,68.75,157.85,44.12,33.2,31.65,0,31.36
33.34,69.6,158.92,44.95,32.75,32.02,0,31.37
33.18,70.36,159.54,45.38,33.2,32.03,0,31.88
33.34,71.07,164.26,45.91,33.22,32.1,0,32.45
32.71,70.08,162.31,45.69,32.74,31.47,0,32.7
33.16,70.83,164.85,46.57,32.67,32.39,0,32.98
32.83,70.55,165,46.46,31.86,31.82,0,31.98
32.88,70.5,166.03,46.74,32.16,32.33,0,32.6
32.95,71.12,165.13,46.32,33.07,34.77,0,33.53
32.84,71.97,166.14,46.18,33.4,35.09,0,33.57
33.16,70.76,168.95,46.23,33.68,34.47,0,33.43
33.73,70.3,168.51,46.54,33.95,35.81,0,34.39
33.34,69.74,167.75,46.07,33.6,35.26,0,34.3
33.34,69.74,167.75,46.07,33.6,35.26,0,34.3
33.35,70.13,168.62,46.21,33.39,35.55,0,34.51
33.71,70.84,170.21,46.42,33.42,35.41,0,34.42
33.63,69.98,168.48,46.56,33.16,35.35,0,34.52
33.39,69.49,168.59,46.65,32.65,35.05,0,33.74
33.39,69.49,168.59,46.65,32.65,35.05,0,33.74
33.51,69.1,164.3,46.2,32.21,34.48,0,33.58
33.33,68.32,162.52,46.3,31.2,34.92,0,32.69
33.66,68.15,163.4,46.15,32.18,35.11,0,32.91
33.89,67.92,164.49,46.39,32.9,36.8,0,34
33.1,68,162.3,46.15,32.56,35.99,0,34.33
33.63,69.52,163.4,46.47,32.15,36.12,0,33.88
33.92,70.04,162,46.25,32.06,35.98,0,34.14
35.11,70.63,162.5,46.49,32.17,36.81,0,34.45
35.03,71.02,165.54,46.71,32.18,36.48,0,34.47
35.03,71.02,165.54,46.71,32.18,36.48,0,34.47
36.03,72.67,168.73,47.51,31.7,36.16,0,34.13
36.54,73.51,173.59,48.26,28.81,37.21,0,34.12
36.07,73.73,175.48,48.28,28.21,37.16,0,33.8
36.35,74.51,179.64,48.65,28.59,37.74,0,33.88
37.12,77.1,195.23,49.52,29.4,37.49,0,34.1
37.02,77.66,194.95,49.67,29.69,38.47,0,34.14
37.63,77.44,200.58,49.98,30.23,38.82,0,34.33
36.81,75.36,200.6,49.63,30.75,39.6,0,34.57
37.05,75.5,180.29,49.43,29.82,39.32,0,34.4
38.03,79.03,163.48,49.05,30,39.18,0,34.21
37.11,78.38,171.39,48.86,30.77,38.85,0,33.94
36.45,77.52,165.59,49.02,31.32,39.47,0,34.73
36.83,78.21,170.49,49.43,31.73,39.91,0,35.51
35.58,75.18,166.56,48.09,31.36,38.58,0,34.38
34.47,72.38,165.48,46.72,29.85,37.06,0,32.65
34.88,74.11,163.22,47.25,30.04,38.02,0,33.41
34.68,73.43,177.32,46.85,30.73,37.79,0,33.25
33.5,70.99,169.28,45.83,30.5,36.24,0,31.3
33.43,71,166.22,45.29,28.95,35.5,0,31.72
33.2,71.54,162.92,45.65,28.44,35.23,0,31.68
33.13,73.15,164.66,46.08,28.48,35.91,0,31.32
34.44,74.45,164.16,47.06,28.91,36.39,0,32.28
35,74.84,164.01,47.61,28.84,37.32,0,32.46
34.47,75.02,164.28,47.77,28.74,37.34,0,34.23
34.47,75.02,164.28,47.77,28.74,37.34,0,34.23
34.71,75.04,164.92,47.89,29.44,37.6,0,34.8
34.4,75.06,166.36,47.97,28.75,35.01,0,34.59
34.51,72.95,164.19,47.14,28.27,34.05,0,33.76
35.38,74.33,167.13,47.68,28.42,35.27,0,33.42
35.33,73.95,169,47.77,28.91,35.29,0,34.54
34.27,73.04,168.75,47.08,28.97,34.96,0,33.51
34.23,72.81,167.5,46.69,27.89,35.38,0,33.5
33.28,70.85,163.42,46.02,28.21,34.93,0,32.09
33.73,71.51,163.06,46.19,28.25,35.31,0,32.51
33.85,71.57,165.06,46.12,27.58,35.29,0,32.51
34.75,72.64,166.78,46.6,28.27,35.65,0,32.44
34.86,73.04,168.41,46.41,27.81,35.8,0,32.51
35.91,76.62,179.11,47.76,28.28,35.71,0,32.75
36.79,76.47,188.89,48.65,28.34,35.4,0,32.91
36.77,75.63,191.79,48.8,28.36,34.4,0,33.3
35.79,73.86,185.41,47.95,28.88,33.36,0,32.02
35.69,73.9,185.22,47.63,28.72,33.86,0,31.98
35.68,74.77,186.21,47.65,29.21,33.11,0,31.37
35.99,75.05,184.76,47.57,28.43,33.2,0,31.28
36.28,75.05,181.62,47.42,26.45,33.6,0,31.02
36.73,75.15,184.19,47.42,25.52,33.53,0,31.25
36.12,73.32,178.92,47.25,25.33,33.58,0,31.09
34.53,71.34,175.54,46.02,24.23,32.2,0,30.21
33.26,69.32,175.88,45.13,23.56,31.04,0,29.4
34.92,70.45,177,46.24,24.07,31.99,0,29.81
34.86,71.66,177.73,45.96,23.84,31.81,0,29.58
34.1,70.78,176.04,45.42,23.35,31.33,0,28.94
35.02,71.9,182.36,46.05,23.23,31.86,0,29.28
35.02,71.9,182.36,46.05,23.23,31.86,0,29.28
33.88,70.58,181,45.11,22.79,30.76,0,28.47
34.44,70.95,180.3,45.47,23.4,31.4,0,28.24
34.93,70.04,179.58,45.45,24.09,32.03,0,28.73
35.57,71.11,181.24,45.53,25.06,33.12,0,29.55
34.13,69.22,178.49,44.83,24.58,32,0,28.97
34.37,69.88,180.38,45.55,24.15,31.84,0,28.64
34.67,71.41,183.28,46.17,24.16,32.37,0,28.89
33.68,70.85,179.83,46.05,23.42,32.49,0,28.69
34.93,72.37,186.64,46.74,23.72,33.18,0,29.24
34.4,71.82,183.81,47.02,23.12,32.74,0,28.83
34.77,72.95,188.7,47.3,24.14,33.93,0,29.56
36.11,73.5,190.65,47.51,25.15,34.4,0,29.62
36.41,74.42,192.91,48.27,25.32,35.04,0,30.12
35.56,73.84,191.65,47.88,25.24,35.03,0,30.31
35.44,73.89,192.51,47.63,26.09,34.99,0,30.21
36.17,74.44,193.24,47.92,25.75,35.02,0,30.74
35.52,73.79,190,47.33,25.8,34.24,0,30.32
35.33,72.34,182.89,46.84,25.57,33.75,0,30.19
32.29,73.11,184.26,46.73,26.05,33.45,0,30.41
31.28,72.33,185.11,46.91,26.32,33.11,0,30.04
31.42,73.33,186.19,46.83,26.75,33.21,0,30.19
31.4,74.86,191.85,47.03,26.8,34.04,0,30.2
31.22,75.25,191.03,47.73,27.65,33.95,0,32.36
31.28,75.36,191.62,47.56,27.15,33.44,0,32.21
31.86,76.38,192.41,47.75,26.82,33.7,0,32.73
31.61,76.88,191.91,47.67,28.02,33.4,0,32.96
32.06,76.64,191.75,47.46,27.6,33.96,0,33.2
32.9,77.89,199.21,47.63,27.61,33.61,0,33.46
33.37,79,201.51,48.39,29,35.27,0,34.04
31.8,78.14,195.65,48.45,28.65,34.99,0,33.72
32.32,77.49,191.63,49.52,28.84,36.06,0,33.7
31.73,77.88,190.92,49,29.79,36.16,0,33.88
31.92,78.36,192.51,49.31,30.14,36.3,0,34.36
32.18,78.06,189.98,49.47,30.59,36.88,0,34.8
32.34,77.91,189.03,49.35,30.9,36.55,0,34.7
32.01,79.26,194.18,50.29,30.97,37.01,0,34.64
31.58,79,193.88,50,30.31,36.44,0,34.08
31.6,79.3,194.61,49.55,30.49,36.25,0,33.81
31.32,79.31,193.65,49.71,30.44,36.58,0,34.08
31.45,79.35,194.21,49.86,30.12,37.17,0,34
31.45,79.35,194.21,49.86,30.12,37.17,0,34
31.3,79.58,193.39,49.35,29.68,37.33,0,33.83
31.89,80.26,195.67,49.6,30.1,37.9,0,34.16
31.45,80.61,196.01,49.84,30.52,37.75,0,34.44
31.79,80.47,192.5,49.42,31.07,38.61,0,35.22
31.54,79.82,182.83,49.12,31.32,38.22,0,35.36
30.86,78.7,176.88,48.28,31.42,36.99,0,35.32
31.55,78.9,179.51,48.8,31.46,38.03,0,35.18
31.35,77.68,176.25,48.67,30.81,37.45,0,34.46
30.78,78,178.12,48.22,30.19,36.58,0,33.93
31.59,79.13,180.82,48.88,29.73,36.95,0,34.09
31.64,80.29,179.39,49,30.1,37.13,0,34.3
30.95,80.32,176.42,48.19,29.74,36.88,0,34.05
31.43,80.6,176.25,48.52,30.14,36.19,0,33.93
31.23,80.37,173.31,47.68,30.17,36.57,0,34.81
31.32,81.27,175.09,47.9,31.23,36.85,0,34.8
29.91,79.34,172.42,47.26,30.9,36.68,0,34.64
30.54,80.02,174.44,47.72,29.58,36.88,0,34.84
30.31,79.4,172,47.55,29.61,36.77,0,34.81
30.07,79.8,170.14,47.52,28.69,36.58,0,34.72
29.27,75.86,166.54,46.29,27.94,34.79,0,33.22
29.16,77.23,167.2,46.11,28.24,35.43,0,33.43
28.37,75.93,163.91,45.54,27.15,34.6,0,32.85
28.38,75.62,164.01,45.39,27.11,34.5,0,32.94
29.03,76.36,167.34,45.85,26.99,34.66,0,33.5
28.16,71.27,154.14,44.36,26.67,34.48,0,33.72
27.98,70.95,152.17,44,26.9,35.14,0,34.13
27.98,70.95,152.17,44,26.9,35.14,0,34.13
28.41,72.22,154.84,44,28.17,35.74,0,34.3
28.97,72.37,156.86,44.64,28.21,36.79,0,34.45
29.46,73.32,160.13,45.44,28.63,37.08,0,35.73
29.93,73.63,165.38,45.71,28.27,37.26,0,35.98
29.89,72.3,161.19,45.19,28.98,37.34,0,36.12
30.5,73.18,164.53,45.93,28.99,38.19,0,36.64
30.95,73.73,165.24,46.09,29.35,38.17,0,36.57
31.12,74.08,166.03,46.31,31.28,37.93,0,35.71
31.25,74.49,164.96,46.14,33.15,38.34,0,35.63
31.02,74.67,164.95,46.08,33.83,37.91,0,35.26
30.82,74.05,163.57,45.87,34.15,38.11,0,35.7
31.2,73.85,163.92,46.14,34.01,38.35,0,35.92
30.97,73.86,163.74,45.9,33.92,37.83,0,35.83
30.77,74.5,163.56,46.15,33.03,37.64,0,35.04
31.52,75.12,165.8,47,33.1,37.72,0,35.1
31.22,71.3,165.26,46.11,32.16,36.51,0,34.31
30.72,71.53,163.39,45.96,31.28,35.39,0,34.23
30.77,70.26,161.82,45.87,30.52,35.92,0,34.5
31.37,71.9,166.78,46.09,31.13,37.35,0,35.34
28.51,69.01,159.99,45,29.8,35.48,0,34.07
28.97,68.44,149.54,44.25,28.89,36.16,0,32.86
28.53,68.65,149.19,43.83,29,36.78,0,33.46
29.33,69.2,152.95,43.59,29.15,36.68,0,32.99
29.63,69.03,153.29,43.87,28.58,36.03,0,31.96
28.95,68.66,153.89,43.75,28.51,35.87,0,32.21
29.11,68.52,152.32,43.89,25.69,35.7,0,31.88
28.86,67.85,148.52,43.35,25.97,35.08,0,30.86
29.03,67.09,148,42.68,25.95,34.4,0,30.84
28.98,66.72,143.87,42.47,26.44,35.36,0,31.56
28.37,64.46,138.17,41.26,26.43,35.18,0,31.53
28.28,65.11,139.6,41.46,27.33,35.66,0,32.12
28.55,65.86,142.33,41.86,26.61,35.8,0,32.31
28.58,65.63,145.78,42.2,27.48,36.57,0,32.09
29.01,66.26,145.33,42.57,27.8,36.56,0,32.39
28.83,65.64,145.05,42.77,27.83,36.93,0,32.5
28.55,65.51,145.14,42.34,29.09,36.97,0,32.9
28.5,65.54,145.9,42.7,29.11,36.88,0,33.03
29.23,66.72,148.73,43.37,28.5,36.08,0,32.45
29.16,66.2,147.96,43.2,28.85,36.24,0,32.84
29.6,66.22,148.76,43.42,29.01,36.4,0,32.95
28.88,65.71,148.53,42.85,28.47,36.21,0,32.62
28.99,65.42,148.34,42.76,29.01,36.42,0,32.64
28.99,65.42,148.34,42.76,29.01,36.42,0,32.64
27.96,64.5,143.03,42.03,27.56,35.3,0,31.19
27.66,63.11,140.37,41.59,26.99,34.49,0,30.83
27,61.08,127.85,40.4,24.83,32.97,0,29.1
26.75,60.62,128.38,39.78,24.21,32.84,0,29.79
26.95,61.2,134.2,39.74,23.59,33.25,0,29.89
26.93,60.5,133.49,39.36,25.29,33.45,0,30.27
27.26,61.24,134.94,39.24,26.49,34.46,0,30.41
27.48,61.25,135.18,39.92,26.29,33.78,0,28.94
27.68,61.41,135.28,40.04,26.5,33.57,0,28.01
27.42,61.23,132.45,39.97,26.43,33.14,0,28.33
27.59,60.41,132.97,40.34,26.97,33.72,0,28.22
28.37,60.95,135.73,40.75,26.81,33.37,0,27.62
28.53,60.97,137.31,40.91,24.73,34.46,0,27.96
28.49,60.95,136.73,41.01,23.3,34.36,0,28.03
27.91,60.46,132.98,40.44,23.02,33.68,0,27.53
27.87,60.66,133.94,40.47,23.4,34.05,0,27.48
27.6,59.82,131.67,40.38,22.9,33.92,0,27.39
27.72,59.76,128.94,39.93,23.7,33.83,0,27.08
27.91,59.33,127.06,39.7,24.01,33.85,0,26.65
26.93,59.75,125.29,39.63,24.74,33.51,0,26.19
26.82,59.2,123.81,39.01,24.69,33.16,0,25.87
27.53,60.82,127.14,39.48,25.5,34.05,0,26.21
26.91,59.35,123.44,38.9,25.53,33.67,0,26.29
26.24,58.7,120.63,38.36,24.02,32.04,0,25.06
26.47,58.31,116.27,37.6,23.08,31.73,0,23.86
27.34,58.28,118.96,37.77,23.19,32.21,0,24.38
26.23,56.33,115.11,36.91,22.27,31.08,0,23.67
25.95,55.49,116.22,36.65,22.21,31.69,0,23.75
26.45,56.15,116.58,37.2,22.08,31.84,0,24.58
26.79,55.82,114.67,37.08,21.28,31.7,0,24.72
27.61,57.27,117.83,37.9,21.67,32.71,0,25.22
27.92,57.36,118.29,38.04,22.11,32.94,0,25.74
27.33,56.04,113.87,37.65,21.6,31.74,0,25.9
26.65,55.66,110.2,37.53,20.91,31.08,0,24.87
26.1,54.89,108.7,37.42,18.83,30.5,0,23.71
25.32,53.37,102.69,36.12,17.79,29.29,0,22.35
24.21,52,99.42,35,18.02,27.66,0,21.72
25.3,54.26,103.22,35.42,18.97,29.59,0,23.18
24.94,52.39,100.51,34.89,18.55,26.01,0,22.54
24.23,50.73,94.18,34.27,17.06,24.41,0,21.74
25.19,50.89,97.6,34.37,17.82,25.06,0,22.18
26.68,51.03,100.6,35.49,18.17,26.56,0,23.14
27.9,57.06,112.63,37.21,19.27,28.41,0,25.07
28.17,56.25,111.69,37.59,18.63,27.79,0,24.91
27.62,55.12,109.3,37,17.61,27.04,0,24.37
27.38,55.41,109.69,36.77,17.43,27.45,0,24.33
27.93,56.57,113.99,37.3,17.3,27.33,0,24.08
26.95,53.71,99.02,36.19,17.69,26.75,0,25.47
25.54,52.09,98.32,35.12,14.44,24.95,0,23.78
25.18,51,99.5,34.43,14.77,23.65,0,23.06
25.73,51.55,101.99,34.92,14.32,23.62,0,24.11
25.94,52.48,103.24,35.3,14.9,24.63,0,24.63
26.4,53.73,106.4,35.9,15.45,25.17,0,24.19
26.58,53.81,107.76,36.2,16.03,24.87,0,23.43
25.67,50.45,104.22,35.58,15.04,23.75,0,22.86
25.11,50.33,100.95,34.58,14.94,22.5,0,21.87
26.06,51.96,105.73,35.6,15.18,23.46,0,22.93
26.06,51.96,105.73,35.6,15.18,23.46,0,22.93
25.81,50.74,104.33,35.55,15.31,23.07,0,22.94
27.11,54.44,111.52,36.72,15.91,23.92,0,23.78
27.43,54.11,112.83,36.57,16.4,23.59,0,23.81
27.78,55.15,112.8,37.19,17.64,24.95,0,25.64
27.32,54.47,108.12,36.65,18.24,24.86,0,26.16
26.96,54.94,109.4,36.45,18.09,24.82,0,26.16
28.02,58.34,119.79,38.01,18.41,25.75,0,26.26
27,55.57,110.36,36.88,17.65,24.42,0,24.32
27,55.57,110.36,36.88,17.65,24.42,0,24.32
27.42,55.69,112.41,36.35,18.19,24.37,0,24.26
25.99,53.34,104.99,35.45,17.52,23.75,0,23.2
25.82,53.46,106.24,35.24,17.48,24,0,23.48
25.63,54.24,105.54,35.36,17.13,23.41,0,22.94
26.87,55.43,109.4,35.98,17.96,24.02,0,23.55
26.64,55.1,108.11,35.93,16.81,24,0,22.5
26.46,54.84,106.7,35.7,16.92,23.92,0,22.45
25.61,52.61,104.48,35.14,16.42,22.82,0,22.12
25.71,52.96,103.09,35.06,16.2,22.35,0,22
24.51,51.22,98.39,34.37,15.9,20.8,0,21.21
23.52,50.34,97.8,32.56,14.95,20.38,0,20.54
22.38,48.51,93.41,32.1,14.05,19.69,0,19.55
21.84,48.44,92.01,31.53,13.73,19.26,0,18.78
21.84,48.44,92.01,31.53,13.73,19.26,0,18.78
23.2,51.45,99.23,32.62,15.49,21.01,0,20.11
23.74,51.14,98.12,32.38,15.47,20.45,0,20
23.73,50.88,97.24,32.9,15.82,20.39,0,20.11
24.26,52.05,98.91,33.02,16.02,20.78,0,20.31
24.26,52.05,98.91,33.02,16.02,20.78,0,20.31
25.19,54.16,104.4,33.47,16.68,21.27,0,21.4
24.7,52.22,103.39,33.02,16.7,21.06,0,21.36
25.77,55.17,107.56,34.18,17.58,22.26,0,22.09
26.51,55.47,109.47,34.51,18.32,23.39,0,22.72
27.21,56.58,112.9,34.89,18.48,24.52,0,23.12
27.61,56.92,114.37,35.74,18.46,25.61,0,23.62
28,56.73,111.4,35.84,18.58,26.08,0,23.75
28,56.96,113.55,35.76,18.5,26.24,0,24.19
27.4,55.81,108.1,35.17,18.23,25.39,0,23.42
27.34,56.6,107.77,35.22,18.26,25.28,0,23.26
27.48,56.78,111.5,35.73,19.27,25.79,0,24.19
27.74,57.05,114.27,35.76,20.03,25.81,0,24.43
28.56,57.7,115.18,36.4,20.05,26.71,0,24.73
28.56,57.7,115.18,36.4,20.05,26.71,0,24.73
27.87,57.05,111.96,35.73,18.6,26.02,0,24.3
27.81,57.29,113.05,36.07,18.18,25.65,0,24.37
27.89,56.37,114.41,36.1,18.4,25.98,0,24.79
28.7,56.95,118.53,36.67,18.42,26.72,0,24.89
28.46,56.26,118.17,36.39,18.08,26.59,0,24.86
28.36,56.27,116.68,36.45,18.32,26.18,0,24.72
28.99,59.01,120.48,37.05,18.53,26.66,0,25
29.44,58.36,123.01,37.63,18.7,27.32,0,25.38
29.75,59.89,126.07,37.85,19.61,27.68,0,26.07
29.55,59.1,124.39,37.93,18.97,27.92,0,26.09
29.51,59.65,127.23,38.25,19.28,27.71,0,26.26
29.61,60.86,131.45,38.15,18.6,27.56,0,26.46
28.9,59.45,126.88,37.48,18.02,27.19,0,26.23
28.97,59.01,125.21,37.39,17.02,26.62,0,25.75
28.99,59.6,125,37.4,18,27.18,0,26.21
28.87,60.13,126.13,37.38,18.15,27.44,0,26.5
29.23,60.37,127.55,37.5,18.11,27.56,0,27.35
27.37,59.37,123.43,37.09,17.77,27.45,0,27.24
28.21,60.31,124.51,36.94,18.14,27.85,0,27.84
28.21,60.31,124.51,36.94,18.14,27.85,0,27.84
28.47,61.15,128.36,37.34,18.28,28.1,0,28.48
28.81,61.35,129.18,37.68,18.03,28.4,0,28.91
28.35,61.51,129.63,38.1,17.96,28.28,0,28.78
27.71,61.61,131.75,38.29,19.03,31,0,29.37
27.7,61.07,129.2,38.14,18.58,30.86,0,28.92
27.68,61.78,130.45,38.26,18.51,31.12,0,28.69
27.16,61.43,127.71,38,17.86,30.88,0,28.47
26.75,61.43,126.54,37.68,18.22,29.76,0,28.12
26.98,60.4,125.12,37.7,17.87,30.11,0,28.39
26.84,59.66,125.57,37.52,18,29.75,0,27.51
26.89,59.61,124.14,37.52,17.35,29.26,0,27.08
26.97,60.66,123.55,37.38,17.24,28.68,0,26.23
26.45,59.99,118.67,36.45,17.31,28.49,0,25.77
26.5,60.24,119.59,36.08,17.35,28.94,0,26.06
26.57,60.15,119.37,36.38,17.58,29.32,0,26.95
26.61,59.16,117.35,36.07,17.54,28.8,0,26.43
26.57,59.34,116.99,35.89,17.09,29.06,0,26.27
26.45,59.42,115.64,35.66,16.45,28.38,0,25.72
26.02,59.76,115.79,36.16,13,28.23,0,26.5
26.25,60.08,116.15,36.38,14.13,28.05,0,26.42
26.57,59.3,117.82,36.66,14.91,27.76,0,26.35
26.25,59.14,118.14,36.52,15.79,27.61,0,26.41
26.9,61.2,121.14,37,15.45,27.92,0,26.68
26.09,59.57,116.91,36.25,14.86,27.35,0,25.78
25.75,59.28,116.45,36.14,14.6,27.64,0,25.76
25.78,60.1,117.36,36.18,14.3,27.93,0,26.16
25,59.03,116.56,36.05,14,26.88,0,25.52
25.46,60.33,117.62,36.32,14.35,27.32,0,25.79
25.66,60.96,119.32,36.71,14.16,27.36,29.95,25.85
26.59,63.35,129.34,37.8,14.9,28.34,30.98,26.31
26.77,64.85,135.03,38.34,15.58,28.58,31,26.33
27,64.17,137.63,38.75,15.56,29.15,31,26.42
27.15,65.61,139.67,38.75,15.83,29.02,31,26.69
27.44,65.92,140.94,38.95,16.52,29.15,31.47,27.47
27.56,66.04,144.85,38.83,16.09,28.89,31.7,26.93
26.48,65.53,139.26,38.59,15.64,28.34,31.7,26.36
26.64,65.85,141,38.8,15.99,29.19,32.22,27.36
26.94,66.08,141.02,38.6,15.95,29.4,33,27.27
27.35,66.87,143.78,39.05,16.33,29.87,33.4,27.9
27.28,66.53,141.82,39.01,15.93,29.57,33.19,27.67
27.44,68.16,144.72,39.2,16.03,29.89,32.96,27.87
27.56,67.91,143.36,39.34,16.23,29.6,32.67,28.47
27.52,68.22,142.44,39.21,16.33,29.8,32.9,27.8
27.52,68.22,142.44,39.21,16.33,29.8,32.9,27.8
27.2,66.83,140,38.84,16.14,29.82,32.7,27.48
27.51,67.07,142.9,39.33,16.11,30.53,32.7,27.88
27.79,67.04,144.4,39.21,16.01,30.93,32.59,27.92
27.75,67.14,147,39.18,15.93,30.57,32.44,27.6
28.31,67.86,149.3,39.63,16.25,30.54,32.38,28.18
28.6,68.07,148.77,39.96,16.28,30.07,32.42,27.63
26.63,67.05,144.45,39.27,15.73,28.78,32.3,26.98
25.84,67.87,146.14,39.03,15.15,27.8,31.63,26.07
25.67,67.43,145.56,39.17,15.01,27.96,31.63,25.98
25.99,68.44,147.36,39.39,15.27,28.07,31.41,26.48
25.5,66.57,141.36,38.39,14.9,27.52,30.93,26.07
24.87,64.45,135.7,37.51,14.41,26.49,30.39,25.52
25.67,65.32,135.96,37.56,14.38,26.71,30.42,25.49
25.55,64.88,136.33,37.27,14.49,26.98,30.55,25.16
25.63,65.47,129.89,37.4,14.7,27.17,30.25,25.14
25.36,62.11,121.87,36.3,14.02,26.04,29.94,23.66
25.93,62.72,123.32,36.25,14.02,25.98,30.07,23.18
26.1,62.95,125.25,36.45,13.94,26.52,30.1,23.14
26.53,63.4,127.31,36.6,13.98,26.73,31,23.32
25.89,60.31,121.42,35.98,13.75,26.16,31.19,22.48
25.35,59.22,120.18,35.39,13.55,25.96,31.89,22.19
25.78,58.68,120.87,35.49,13.74,26.15,31.81,23.09
25.82,58.59,119.92,35.57,13.82,25.64,31.96,22.83
25.37,56.97,113.86,35.23,13.57,25.51,31.74,23.03
25.54,57.43,114.2,35.28,13.33,25.89,31.09,22.9
25.54,57.43,114.2,35.28,13.33,25.89,31.09,22.9
25.32,56.84,114.11,35.39,13.01,25.5,31.33,22.17
25.36,56.66,114.39,35.1,12.98,25.08,31,22.03
25.34,55.54,111.43,34.94,13.04,24.25,31,21.34
24.82,55,107.33,34.85,12.9,23.92,30.14,20.88
23.87,52.94,103.57,34.22,12.55,22.97,30.02,20.66
25.64,55.62,112.87,34.99,13.4,24.04,30.11,21.73
25.96,55.07,110.46,35.04,13.04,23.83,30.01,21.19
26.49,54.62,109.98,35.17,12.8,24.17,29.77,21.17
26.28,56.08,111.02,35.54,13.63,25.07,30.08,21.56
27.42,58.13,116.67,36.53,13.58,25.67,31.03,21.72
27.97,58.69,118.15,36.45,13.89,26.74,31.18,22.47
27.7,57.04,114.74,36.01,13.56,26.03,31.12,22.6
27.72,57.32,117.21,36.07,14.29,26.43,31.06,22.95
27.66,57.28,115.61,35.94,13.82,26.36,31.16,22.79
27.55,57.06,115.68,35.95,14.17,27.11,30.45,22.93
28.22,59.48,122,36.64,14.28,27.52,30.38,22.94
27.74,58.98,122.32,37.03,13.88,27.88,28.92,21.78
28.01,59.43,122.45,37.43,13.9,27.91,29.82,21.68
27.7,59.23,121.5,37.08,13.68,27.26,30.29,21.01
27.92,58.75,122.02,36.77,13.52,27.48,29.17,20.94
27.62,57.4,118.96,36.24,13.47,26.59,30.38,20.4
27.87,58.68,121.26,36.55,13.55,26.84,30.21,20.88
28.44,58.78,123.95,37.19,13.94,27.42,30.32,21.39
28.57,59.09,123.99,37.4,14,26.94,29.75,21.48
28.69,61.97,131.25,37.94,13.78,27.02,29.13,21.51
28.88,62.13,132.97,38.4,14.15,27.56,29.19,21.5
28.89,62.22,133.38,38.59,14.19,27.89,29.17,21.4
28.89,62.22,133.38,38.59,14.19,27.89,29.17,21.4
29.23,61.84,132.81,38.44,14.49,27.57,29.13,21.65
28.9,62.02,133.06,38.32,14.4,27.36,29.1,21.66
29.23,62.9,133.73,38.3,14.51,27.24,28.9,22.05
29.13,62.25,130.34,38.35,14.5,26.52,28.7,22.03
28.79,62.6,130.65,38.14,14.29,26.06,27.37,21.54
29.02,63.23,133.89,38.25,14.66,26.43,28.97,22.36
29.38,63.96,137.77,38.58,14.75,27.06,28.95,22.49
29.41,64.73,139.34,38.93,15.04,27.22,28.5,22.86
28.86,64.19,135.89,38.72,14.6,26.45,28.28,22.51
28.76,64.33,135.09,38.71,14.32,25.92,28.5,22.55
28.59,63.92,134.65,38.57,14.15,25.48,27.94,22.12
28.35,63.99,133.81,38.4,14.09,25.05,28.13,21.27
29.2,65.22,138.27,38.7,14.27,25.96,28.2,21.15
29.71,64.93,140.88,39,14.46,26.8,28.13,22
29.37,62.65,137.89,38.42,14.19,26.36,27.52,21.53
30.47,63.16,139.43,38.67,14.52,27,27.63,21.95
30.47,62.36,138.27,38.43,14.49,26.87,26.32,21.49
30.55,61.4,135.61,38.09,14.49,27.94,26.07,21.57
30.02,60.44,130.07,37.53,14.02,26.49,26.39,20.84
29.4,58.8,122.92,36.97,13.9,25.85,26.2,19.83
28.65,56.88,119.7,36.2,13.73,26.1,25.32,19.45
27.94,54.53,111.1,34.81,13.37,25.37,24.6,18.99
28.23,54.49,111.87,35.06,13.29,24.8,23.51,18.5
28.27,53.99,109.9,34.79,13.09,24.12,23.46,17.56
28.9,55.33,111.51,35.49,13.65,24.61,23.68,18.67
28.85,53.97,108.91,34.98,13.95,24.41,23.41,19.03
28.43,52.27,107.06,34.44,13.26,23.89,20.65,19.57
28.86,53.62,108.93,34.66,13.26,23.66,21.07,19.55
27.74,51.79,104.33,33.7,12.67,22.48,21.28,18.68
27.93,51.41,102.5,33.73,12.56,21.78,21.44,17.98
28.31,52.4,105.55,34.22,13.12,23.01,21.46,18.74
28.77,54.67,112.41,35.09,13.61,23.3,21.81,19.27
28.81,55.11,114.01,35.07,13.73,23.45,22.25,19.42
28.51,55.13,113.56,35.43,14.21,23.4,22.2,19.69
28.51,54.41,110.13,35.17,14.28,23.54,22.25,19.7
27.78,53.11,105.33,34.47,13.52,22.7,21.33,19.16
28.04,53.67,105.41,34.9,13.66,23.02,21.35,20.13
27.89,54.29,104.15,35.26,13.28,22.5,21.57,20.07
28.14,54.5,105.32,35.27,13.64,23.42,21.86,20.7
28.15,55.14,106.32,35.68,14.31,24.11,22.5,21.59
28.06,55.47,110.15,35.59,14.18,24.04,22.65,20.85
28.06,55.47,110.15,35.59,14.18,24.04,22.65,20.85
27.09,54.28,105.33,35.23,13.31,23.44,22.19,20.24
27.48,55.07,108.92,35.94,13.67,23.45,21.8,20.77
27.98,56.13,111.33,36.59,13.74,24.01,22.78,21.17
28.3,56.19,111.44,36.84,13.49,23.91,22.91,20.87
28.4,58.08,114.65,37.19,14,24.96,22.75,21.71
28.8,59.01,116.89,37.28,13.97,25.57,23.4,22.19
28.75,59.3,114.32,37.56,14.42,26.5,24.11,22.23
29.17,60.15,117.08,37.77,14.57,26.71,24.08,22.21
29.07,59.34,117.46,38.05,14.74,27.13,24.14,22.5
29.69,59.64,116.6,37.77,14.52,27.17,23.94,22.64
29.6,59.11,113.93,37.6,14.29,26.94,23.72,22.35
29.51,58.38,112.9,37.68,13.99,26.77,23.35,21.85
29.06,57.58,111.48,37.58,13.95,26.38,23.21,21.8
28.85,56.33,108.75,37.3,13.44,25.86,23.1,21.24
28.62,56.19,108.11,37.04,13.97,25.65,23.06,21.88
28.4,55.67,109.36,36.73,13.5,25.08,22.71,20.88
28.27,57.08,111,36.65,13.59,24.86,22.44,21.1
27.68,55.88,110.35,36.48,13.26,24.33,22.07,20.47
27.27,57.11,108.25,36.31,13.12,23.68,22.07,20.19
27.72,57.76,108.72,36.44,13.29,23.95,22.83,20.3
27.68,57.21,109.92,36.37,13.2,23.92,22.66,20.18
27.11,56.5,111.19,36.5,13.11,23.86,22.18,19.65
27.25,55.95,109.86,36.92,12.98,24.02,21.38,19.69
27.29,56,108.91,36.98,12.92,24.58,22.08,19.7
27.25,54.95,107.02,36.84,13.01,24.93,22.96,20.05
26.35,53.47,102.57,36.21,12.88,24.69,22.44,19.89
26.8,54.17,104.42,36.42,12.87,25.1,22.57,19.75
27.43,54.79,106.06,36.74,12.83,25.11,22.56,20.18
28.08,57.58,112.78,37.7,13.07,26.02,23.08,20.82
27.97,57.01,112.32,37.58,13.19,26.02,23.23,20.77
27.87,57.31,114.88,37.86,13.5,26.29,23.54,21.1
27.43,57.41,113.83,37.98,13.71,26.23,22.89,20.49
27.64,57.35,114.05,38.07,13.83,26.24,22.91,20.69
27.87,57.46,113.52,37.89,13.68,26.02,23.39,20.82
28,57.97,116.87,38.26,13.65,25.89,23.74,20.89
27.71,58.62,115.7,38.48,13.06,26.16,24.4,21.35
28.03,59.22,115.86,38.36,13.99,26.8,24.45,21.32
28.22,61.16,117.11,39,14.25,26.24,24.3,21.44
28.15,61.22,120.85,39.23,14.67,26.98,24.2,21.72
28.55,62.4,123,39.59,14.69,27.25,24.78,21.46
28.53,62,120.22,39.39,14.19,27.35,24.71,21.43
28.63,62.54,123.72,39.45,14.42,27.62,24.54,21.58
28.5,61.84,121.34,39.44,14.48,27.25,25.1,21.78
28.83,63.05,123.19,40,15.09,27.39,25.1,22.81
29.77,64.05,126.72,40.18,15.57,28.11,25.43,23.04
30.39,63.73,126.6,40.35,15.78,27.85,25.18,23.34
30.52,63.15,122.56,39.83,15.33,27.3,25.08,21.46
30.82,63.81,125.49,40.37,15.56,28.1,25.1,21.31
31.41,64.08,126.47,40.27,16.06,28.62,24.88,21.52
31.44,63.14,121.62,40.11,16.61,28.87,24.9,21.64
30.99,62.48,120.74,39.99,16.66,28.9,24.81,21.44
31.04,62.16,118.84,39.56,16.97,29.06,24.78,21.3
31.1,62.39,118.68,39.78,18.1,29.07,24.28,21.89
31.18,62.67,117.7,39.9,18.15,29.28,22.81,22.43
31.53,62.14,120.15,40.15,17.94,30.11,23.11,23.13
31.81,61.91,120.25,40.32,17.9,30.41,22.7,23.38
31.82,60.69,117.55,40.3,17.95,30.35,22.57,23.49
31.7,60.35,118.35,40.17,18.03,30.02,22.93,22.8
31.94,61.3,119.16,40.2,18.05,29.9,23.17,22.48
32.05,63.41,123.97,40.58,18.27,29.86,23.25,22.98
31.95,62.98,121.55,40.66,17.96,29.49,23.4,23.23
32.18,63.42,121.97,40.81,18.18,29.8,23.81,23.49
32.18,63.42,121.97,40.81,18.18,29.8,23.81,23.49
31.95,62.75,120.85,40.29,18.12,29.41,24.3,23.4
31.96,62.69,119.39,40.3,17.82,29.25,23.89,23.31
31.62,61.93,116.6,39.92,17.82,29.1,23.73,23
31.77,62.69,118.74,40.19,18.08,28.96,23.39,22.98
31.93,63.27,118.27,40.19,17.86,28.67,23.65,22.55
32.17,64.15,121.68,40.63,18.17,29.38,23.88,23.39
31.86,64.17,120.39,40.56,18.41,29,23.6,23.14
31.99,64.15,119.41,40.23,18.34,29.15,23.99,23.26
32.11,65.44,120.83,40.47,18.43,29.38,24.12,23.31
32.54,68.7,132.27,41.5,18.61,29.9,24.71,23.86
32.75,69.04,129.78,42.18,18.65,29.7,25.2,23.38
32.95,68.1,130.94,42.67,18.66,29.66,25.18,23.78
33.08,68.21,133.5,42.63,18.77,29.7,24.8,23.88
33.26,68.97,138.71,42.83,19.15,30.41,25.84,24.36
33.26,69.18,139.84,42.9,19.25,30.78,25.39,24.4
33.3,68.53,138.05,42.73,19.06,30.34,25.86,23.63
33.49,69.42,140.23,41.56,19.4,30.35,26.12,23.83
33.42,69.29,139.44,41.38,19.36,30.41,25.94,23.71
33.42,69.29,139.44,41.38,19.36,30.41,25.94,23.71
33.53,69.94,140.94,41.8,19.33,30.63,26.14,23.99
33.59,69.74,139.81,41.84,19.18,30.37,26.03,24
33.32,69.3,139.38,41.94,19.12,29.97,25.72,24.14
33.27,69.04,138.87,41.75,19.22,29.94,25.65,23.95
33.27,69.04,138.87,41.75,19.22,29.94,25.65,23.95
33.66,70.8,143.6,42.83,18.99,30.05,25.28,24.48
33.29,69.72,141.47,42,18.68,29.68,25.19,24.31
32.89,70.09,141.19,42.1,19.18,29.73,25.83,23.65
32.91,70.16,141.86,42.25,18.95,29.53,25.72,23.36
33.24,70.8,142.75,42.54,18.89,29.79,26,23.66
33.44,71.52,142.15,42.57,18.61,29.61,26.17,23.49
33.21,70.91,143.01,42.74,18.42,28.64,26.57,22.99
33.37,72.16,147.21,42.59,18.48,28.68,25.76,23.16
33.29,73.36,150.03,43.02,18.4,28.82,25.65,23.09
33.09,72.77,150.02,43.26,18.77,29.32,25.91,23.28
34.02,73.4,152.21,43.55,19.04,29.83,25.99,24.04
34.54,74.06,151.62,43.71,18.92,29.26,25.81,24
34.54,74.06,151.62,43.71,18.92,29.26,25.81,24
32.39,70.06,142.31,41.9,18.44,28.55,25.64,23.1
31.95,69.45,140.09,42.19,18.24,28.42,25.9,23.24
32.32,69.45,139.11,41.58,18.75,29.2,26.15,24.52
31.57,67.85,134.75,40.99,18.46,29.51,26.22,24.7
30.35,63.27,123.89,39.88,18.1,28.78,26.27,24.42
30.97,64.41,124.97,39.96,18.19,29.67,26.66,24.98
31.27,64.7,123.85,40,18.15,29.83,26.74,25.28
31.3,66.2,126.62,40.09,17.95,30.88,27.11,24.98
31.06,65.31,126.16,39.62,17.16,29.85,26.65,24.51
31.21,66.56,128.58,40.06,18.06,30.42,26.16,24.81
32.25,67.84,132.7,40.67,18.82,31.31,26,26.71
32.37,67.89,132.28,40.91,19.57,32.06,26.44,27.5
32.48,69.47,134.19,41.31,19.6,32.79,26.53,26.76
31.36,66.8,126.91,40.58,19.58,31.71,26.41,26.45
32.11,68.16,127.88,41.13,20.2,32.64,26.64,26.9
32.71,68.85,131.99,41.65,20.62,33.06,29.54,27.22
33.66,71.13,136.82,42.76,20.99,33.5,29.87,26.78
31.8,69.31,133.62,42.23,20.75,33.44,29.6,27.11
31.52,68.07,132.14,41.9,20.89,33.28,29.73,26.35
31.52,68.07,132.14,41.9,20.89,33.28,29.73,26.35
32.02,68.16,133.46,41.88,21.16,33.7,29.7,26.6
32.09,69.1,136.17,42.24,21.34,34.09,29.72,26.72
32.34,67.44,133.33,41.84,21,34.74,29.61,27.39
31.39,65.6,127.95,41.62,20.55,33.91,29.49,26.87
29.7,62.21,120.17,39.8,19.41,31.46,29.21,25.59
27.89,60.16,113.89,38.62,18.31,29.5,27.83,23.76
26.71,59.16,110.75,38.07,17.25,27.55,27.19,22.13
25.52,58.43,111.16,36.65,16.74,26.63,26.64,21.68
24.56,58.31,107.98,36.34,16.28,26.71,26,20.61
25.05,58.26,107.94,36.22,15.26,26.21,25.89,20.25
23.3,55.9,102.44,35.8,14.39,24.73,25.86,18.94
23.3,57.25,105.66,36.37,14.33,24.73,25.15,19.19
20.6,54.94,95.58,35.02,12.3,22.45,22.89,16.53
20.39,54.86,94.03,34.6,12.27,22.33,22.68,15.7
17.88,49.66,81.93,31.69,10.48,20.17,21,12.48
20.79,53.38,90.17,33.56,11.37,21.95,21.07,13.61
18.08,48.63,80.87,31.6,9.81,18.56,19.49,11.29
15.26,44.15,68.02,28.18,7.89,14.54,16.53,8.16
15.44,49.01,72.52,27.95,8.86,15.34,16.55,8.8
10.25,40.39,54.8,24.3,5.25,10.84,12.47,6.15
9.55,40.86,54.38,23.62,5.75,11.13,11.14,5.76
7.14,37.68,43.02,20.58,4.34,7.84,7.67,3.76
7.7,40.36,46.58,21.65,4.39,11.21,8.67,5.78
9.11,43.31,51.97,22.9,3.78,11.6,7.65,7.05
9.15,43.45,57.57,22,4.27,12.17,7.78,7.54
12.18,44.84,66.56,24.58,6.48,15.01,10.76,8.71
12.95,47.35,75.06,26.44,7.74,15.38,13.03,9.83
13.45,48.36,71.51,27.45,8.09,16.92,14.38,10.94
12.19,42.1,63.31,25.65,6.64,15.3,13.15,9.93
11.53,43.49,61.1,25.78,6.08,15.11,12.65,9.31
11.8,42.47,60.19,25.88,6.61,14.42,13.01,8.55
11.77,40.3,54,24.87,6,13.02,11.08,7.82
11.51,40.27,52.67,24.39,5.41,12.1,10.67,7.65
10.58,37.92,48.5,23.74,5.26,11.22,10.23,7.46
12.91,40.7,56.73,25.92,6.24,12.4,12,9.34
13.63,42.7,60.85,26.62,6.02,12.68,12.08,9.4
15,46.55,69.07,27.86,6.3,15.58,13.6,9.89
14.55,47.86,70.65,29.01,7.05,15.28,13.97,10.96
14.55,47.86,70.65,29.01,7.05,15.28,13.97,10.96
13.91,46.49,69.3,28.66,6.66,14.87,13.16,10.43
15.04,48.13,74.48,29.19,7.39,14.98,13.56,10.5
14.42,47.1,71.85,28.75,6.96,14.61,12.35,10.3
13.82,45.9,72.29,28.53,6.72,14.5,11.92,9.8
14.08,47.01,78.46,29.89,7.35,15.08,11.85,9.97
13.53,43.13,73.29,29.2,7.51,14.4,11.36,9.46
13.19,40.69,70.4,28.22,7.55,14.15,11.43,9.25
13.29,41.03,70.03,28.54,7.28,14.12,11.36,8.87
13.78,45.96,76.05,29.23,7.48,14.57,11.57,9.47
13.94,43.78,76.61,29.34,7.89,15.46,13.72,9.88
15.23,46.38,82.77,30.54,8.66,16.44,14.1,10.47
15.81,46.58,82.16,30.81,8.87,16.87,14.93,10.31
17.46,48.89,89.03,32.25,9.74,17.57,16,11.1
16.83,48.02,85.53,31.71,9.44,16.69,15.78,10.96
15.01,45.61,80.83,30.62,8.83,16.23,14.98,9.86
14.78,45.45,80.45,30.53,7.71,15.76,14.94,10.24
14.27,46.39,79.67,30.51,7.92,15.46,15.01,10.24
13.91,46.44,79.25,30.38,7.34,15.25,14.82,9.24
14.93,47.37,79.6,31.01,7.86,17.19,15.38,10.2
15.59,50.94,86.94,32.27,8.79,17.98,16.25,10.56
14.65,48.5,82.67,32,8.29,17.69,16.46,10.11
13.84,45.96,78.66,31.3,8,16.7,16.03,9.61
12.68,44.42,76.77,30.3,7.47,15.38,15.01,8.34
13.52,45.68,78.3,30.57,7.62,15.45,15.18,8.96
13.85,44.76,77.7,30.71,8.23,16.02,15.45,9.2
15.31,48.39,81.47,32.3,9.07,17.81,17,10.09
15.16,48.25,82.03,32.35,9.08,18.65,17.58,10.74
16.5,50.17,86.86,33.75,10.79,19.84,18.55,11.75
15.99,48.57,83.15,32.77,10.83,19.77,18.79,12.11
15.9,46.9,78.25,32.55,11.4,19.69,19.1,13.11
15.9,46.9,78.25,32.55,11.4,19.69,19.1,13.11
17.65,49.93,84.89,34.17,11.45,20.38,20.03,13.44
18.11,50.93,86.93,34.37,12.1,21.96,21.04,14.3
17.23,48.55,83.2,34,12.09,21.8,20.67,14.21
17.18,47.94,83.28,33.78,12.2,21.38,20.91,13.8
17.8,49.03,86.47,34.9,12.82,22.08,21.79,13.85
18.2,47.79,84.1,35.33,12.55,21.77,22.01,13.6
20.26,51.79,93.5,36.9,13.51,22.9,22.79,14.99
21.72,52.35,95.38,37.29,13.38,23.43,22.74,15.05
21.72,52.97,101.61,38,13.88,24.61,23.88,15.62
23.76,55.64,108.8,38.56,14.79,24.8,24.79,15.8
22.06,53.66,102.76,37.76,13.61,23.69,24.02,14.82
20.51,51.77,98.93,37.2,12.86,22.54,23.83,13.72
17.84,49.09,89.74,34.48,10.51,20.4,21.69,12.5
19.17,49.87,92.31,35.5,11.08,21.12,22.31,13.24
19.45,49.06,92,35.5,11.25,21.35,22.55,13.55
19.35,49.4,90.51,35.48,11.19,22.07,23.35,13.82
18.97,48.9,88.7,35.66,10.75,22.16,23.86,13.31
18.58,48.2,88.37,35.38,10.25,21.69,23.45,12.89
18.21,47.19,86.79,35.23,9.82,21.14,23.12,12.07
17.77,46.29,83.32,34.84,10.26,21.3,23.31,12.15
18.46,46.88,84.51,35.38,10.6,22.43,23.77,12.94
16.93,44.94,75.21,34.01,9.45,21.21,21.55,11.77
16.7,44.99,73.56,33.76,8.66,20.29,21.51,10.94
15.72,43.33,69.05,32.77,8.14,19.63,20.88,10.25
16.82,44.65,74.22,33.08,8.85,20.55,21.78,10.78
16.8,45.54,74.49,33.3,8.92,20.9,22.29,10.91
16.77,45.04,73.79,33.69,9.22,20.25,22.19,10.79
16.86,46.34,77.32,34.28,9.13,19.94,22.15,10.79
16.86,46.34,77.32,34.28,9.13,19.94,22.15,10.79
16.71,47.07,76.7,34.5,8.91,19.33,22.03,10.7
16.14,45.03,73.37,33.43,8.22,18.36,20.65,10.21
16.3,45.61,74.18,33.65,8.33,18.51,20.58,10.34
16,44.68,71.13,33.09,8.12,18.39,20,9.98
16.2,45.72,74.13,33.23,8.42,18.39,20.1,10.06
16.38,48.53,81.26,34.33,8.45,18.19,19.93,10.16
16.16,47.39,79.3,34.19,8.37,18.43,20.04,10.02
18.2,50.25,86.74,35.55,9.4,21.84,22.3,11.89
17.6,49.71,84.6,35.36,9.24,21.26,21.85,11.53
16.81,48.69,82.76,35.32,9.18,21.03,21.2,11.03
16.33,47.28,79.97,34.66,8.75,20.74,20.5,10.65
16.69,48,79.19,35.04,9.33,21.99,21.38,11.36
16.33,46.84,76.1,34.81,9.09,22.4,21.46,11.14
15.89,44.88,73.9,34.09,8.87,21.88,20.93,10.86
15.79,44.36,73.41,33.83,8.78,22.2,21.04,10.98
14.96,43.48,70.69,33.44,8.37,21.63,20.56,10.55
15.41,44.22,73.37,33.47,8.6,22.11,20.7,11
16.25,44.32,75.29,34.2,9.05,24.54,23.17,11.97
16.64,45.5,76.42,34.68,9.04,24.38,23.16,11.72
16.09,43.64,72.43,33.85,8.55,23.67,21.56,10.96
16.32,44,73.05,34.4,8.75,24.92,21.99,11.69
16.72,43.73,72.75,34.88,9.07,24.87,22.6,12.24
16.72,43.34,71.28,34.9,9.61,24.81,22.99,12.52
18.46,45.22,76.57,35.9,10.49,25.76,23.45,13.45
19.03,44.2,74.1,35.91,10.72,25.65,23.82,13.92
21.65,47.52,81.48,36.69,11.25,26.15,24.26,14.19
21.5,51,88.29,37.54,11.2,26.52,25.3,14.59
21.13,49.07,85.8,37.74,11.82,26.91,25.01,15.25
21.34,48.62,86.67,37.77,11.78,26.85,25.83,15.32
21.81,48.37,84.98,37.63,12.06,27.02,25.58,16.22
21.38,47.72,83.5,37.82,12.11,27.01,25.7,16.42
20.95,47.69,81.63,37.99,12.01,26.83,25.89,16.32
20.9,47.47,81.26,37.67,12.21,26.68,26.91,16.54
20.83,47.46,80.28,37.71,12.6,26.83,25.62,17.29
21.16,48.52,82.79,38.1,12.04,26.04,24.83,16.86
22.27,49.81,86.79,38.35,12.26,26.32,24.71,16.79
22.09,49.96,86.21,38.9,12.3,26.07,24.79,16.91
21.99,49.86,84.8,38.92,12.51,26.27,24.85,17.42
22.81,50.53,86.52,39.02,12.7,26.88,25.29,17.61
23.86,52.16,91.55,39.5,13.23,27.77,25.85,18.07
22.5,50.71,87.45,38.79,12.84,26.78,23.93,17.08
22.77,49.65,86.28,38.97,13.86,27.65,24.4,18.41
23.72,51.33,89.33,39.56,13.83,27.65,24.65,18.35
23.07,50.63,87.36,38.44,13.1,26.78,22.6,17.26
23.52,51.96,87.72,38.6,13.23,27.41,22.32,17.55
23.52,51.96,87.72,38.6,13.23,27.41,22.32,17.55
23.17,51.67,82.68,38,12.78,26.65,22.3,17.15
23.11,50.84,82.95,38.52,12.88,27.59,23.05,17.61
22.84,52.32,83.33,38.73,12.73,28.18,23.41,17.48
22.73,51.91,82.11,38.79,12.47,27.88,22.94,17.15
23.06,53.1,83.8,39.92,13.24,29.1,23.98,17.9
23.74,51.85,82.28,40.49,13.99,29.17,24.37,18.42
23.01,49.67,79.66,40.05,13.46,28.41,23.9,17.96
22.52,49.08,79.3,40.03,13.02,27.8,23.57,17.78
22.02,49,77.7,39.7,13.13,27.31,22.64,17.33
21.09,46.44,72.3,38.1,12.99,27.27,22.74,16.3
21.62,46.25,73.42,38.3,13.82,28.72,23.9,17.26
21.38,45.04,70.69,37.58,13.23,27.68,23.36,16.64
21.19,45.91,71.07,37.3,13.18,28.17,23.84,16.62
22.1,46.96,72.36,38.92,14.01,29.79,25.34,17.13
22.63,47.62,73.62,39.4,14.22,30.92,25.75,17.53
21.72,46.72,70.98,38.95,13.59,30.07,25.61,16.68
21.75,46.66,71.81,39.13,13.83,30.69,26.27,17.1
21.82,46.22,72.07,39.65,14.04,31.44,26.85,17.58
21.66,46.15,73.2,39.64,14.17,31.97,27.52,17.91
21.55,46.22,73.85,39.67,14.14,32.23,26.73,17.92
21.05,46.42,74.32,39.29,13.78,30.91,25.48,17.34
21.5,46.18,75.06,39.64,13.86,31.29,25.95,17.77
21.93,46.11,74.32,39.83,13.85,32.4,25.39,17.9
21.36,45.72,72.67,39.49,13.62,32.28,24.75,17.64
21.4,46.17,74.11,39.53,13.16,32.51,23.39,18
20.97,44.81,71.74,39.2,13.71,32.98,24.2,18.06
21.09,44.98,71.7,39.16,13.57,32.63,24.05,18.19
21.16,45.74,72.7,38.96,13.65,34.09,24.44,18.38
21.24,45.37,71.12,39,13.61,35.03,24.1,19.04
20.8,44.96,69.67,38.29,13.01,34.31,23.36,18.39
21.41,46.2,72.44,38.55,13.15,33.76,23.65,18.68
21.41,45.94,72.85,38.53,13.01,33.67,22.41,18.32
22.62,49.81,76.42,39.49,13.15,34.49,23.79,19.46
23.36,50.68,76.56,39.38,13.28,34.7,24.59,20.23
22.13,49.13,73.52,38.26,13.36,34.06,24.64,19.57
21.04,48.29,71.83,37.71,13,32.34,23.95,18.75
20.1,46.86,69.01,36.55,12.81,31.24,23.75,17.98
21.29,47.84,72.19,37.32,13.02,31.36,24.34,18.78
20.57,48.06,72.43,36.56,12.86,31.72,24.27,19.12
20.97,49.17,75.85,37.15,13.47,31.5,24.88,19.45
21.75,49.02,74.57,38.06,14.4,32.6,25.75,19.93
21.44,49.91,76.12,39,15.65,32.57,26.5,19.91
21.84,52.6,80.13,40.21,16,33.64,28.05,21.13
22.02,52.98,80.07,40.33,16.17,33.23,27.14,21.04
25.3,57.87,102.24,42.47,16.18,34.09,27.9,21.73
24.78,58.57,96.66,41.92,15.89,34.28,27.93,21.21
23.98,56.95,91.71,42.24,15.82,33.74,27,20.54
23.69,55.56,86.67,41.3,14.82,33.46,28.28,19.94
25.9,58.28,92.19,42.49,15.52,34.81,28.89,20.95
26.51,58.38,94.74,42.97,15.94,35.64,30,21.05
26.42,57.5,94.23,43.2,16.15,35.69,30.41,21.49
26.91,57.33,95.64,43.45,16.24,36.05,30.61,21.95
27.24,58.56,98.75,43.91,16.5,37.54,37.01,21.98
26.21,55.9,95.29,43.56,16.28,37.55,48.4,21.72
26.15,56.69,95.48,43.27,16.31,38.1,45.54,21.71
28.45,58.08,102.76,44.42,16.7,39.53,46,22.73
28.39,56.54,100.4,44.41,16.69,39.4,47.51,22.13
28.39,56.54,100.4,44.41,16.69,39.4,47.51,22.13
28.62,56.59,101.22,44.94,16.8,39.54,46.6,22.3
28.25,55.71,100.5,44,16.65,38.49,44.43,21.75
28.81,56.62,102.36,44.57,16.9,38.7,44.27,21.94
29.35,57.61,105.13,44.64,17.07,39.03,44.11,22.16
29.91,58.66,108.49,45.41,17.38,40.14,44.86,22.75
30.72,60.11,113.5,46.04,18.11,42.3,45.71,24.04
29.83,58.94,111.32,45.58,17.81,42.02,48.5,23.63
29.89,58.58,111.31,45.99,18.36,42.39,48.48,24.4
29.94,57.99,111.16,45.36,18.63,41.98,48.76,24.35
30.93,57.3,112.88,45.9,18.45,41.79,44.38,24.4
30.18,56.75,110.98,45.41,18.07,41.03,44.19,24.08
29.51,56.53,107.54,45.89,17.91,40.72,44.02,24.17
30.76,57.87,114.1,46.69,19.05,42.62,46.45,24.87
30.98,57.64,115.23,47.36,19.8,43.11,46.8,24.08
31.12,57.34,114.81,47.62,19.92,43.05,47.75,24.24
31.67,57.43,115.93,47.34,20.25,42.69,45.49,24.62
30.49,56.88,112.54,46.41,19.45,42.54,44.5,23.93
30.35,56.25,112.61,45.93,19.4,42.55,47.48,24.79
30.98,57.19,115.3,46.75,19.97,42.59,49.14,25.7
30.74,57.01,114.39,46.94,20.16,42.6,48.82,25.53
30.74,57.01,114.39,46.94,20.16,42.6,48.82,25.53
31.29,58.98,115.47,46.76,19.6,42.03,46.9,25.21
30.77,58.11,114.31,46.61,19.15,41.47,45.65,24.52
31.19,58.74,113.4,46.95,19.45,42.19,48.16,24.7
31.51,59.6,112.83,46.84,19.89,42.92,50.23,25.04
31.51,59.6,112.83,46.84,19.89,42.92,50.23,25.04
29.7,57.95,106.9,46.12,19.26,42.12,46.5,24.5
30.36,59.44,110.19,47.17,20.02,43.01,48.98,25.5
31.18,58.54,110.85,47.9,21.12,45.45,49.63,25.67
30.6,58.15,109.75,47.64,20.51,47.03,48.18,25.41
31.36,57.92,109.03,48.35,20.3,48.02,47.36,25.33
30.79,56.41,108.03,47.92,20.51,47.9,49.52,24.84
30.29,56.62,110,47.8,20.84,49.44,51.51,26.16
30.04,55.3,107.9,47.68,20.5,48.08,51.43,24.74
30.28,55.68,109,47.95,20.44,49.58,51.62,25.51
29.8,53.44,106.23,46.96,19.45,48.34,52.41,25.03
29.8,53.44,106.23,46.96,19.45,48.34,52.41,25.03
30.53,54.45,107.17,46.65,19.93,47.7,48.71,24.16
31.06,54.43,110.07,47.86,19.99,49.18,48.57,25.66
31.53,55.38,109.16,47.97,20,49.81,50.66,25.88
31.39,54.18,107.45,47.59,19.95,50.09,53.26,25.75
29.98,52.98,108.06,47,18.79,48.95,55.5,24.88
29.59,52.42,105.91,46.7,18.02,47.37,52.87,24.55
28.36,49.04,100.8,45.32,17.01,45.76,51.27,23.97
29.56,49.08,102.05,46.37,17.71,46.01,53.72,24.62
28.56,48.09,99.53,45.4,17,45.16,52.48,23.48
29.27,49.07,101.76,45.98,17.33,46.11,52.36,23.36
30.64,52.16,106.1,47.91,18.51,47.89,54.4,23.9
30.89,53.8,108.42,48.27,18.77,48.02,55.52,24.47
32.48,52.95,108.69,48.75,19.73,50.4,54.96,25.56
34.25,55.57,116.99,50.55,19.69,53.06,54.91,26.86
35.6,55.3,117.41,50.73,19.97,54.6,56.56,27.96
35.82,54.4,113.38,50.69,19.87,53.44,59.8,27.81
36.47,55.51,116.44,50.77,20.27,53.72,60.38,27.89
35.3,55,114.58,50.33,20.34,53.81,57.62,27.79
35.93,56.02,117.85,51.3,20.98,54.09,59.61,28.72
35.93,56.02,117.85,51.3,20.98,54.09,59.61,28.72
34.99,57.46,121.42,51.3,21.9,54.61,61.07,29.12
34.96,57.99,122.17,51.62,21.73,52.76,60.02,29.19
35.04,58.24,119.87,51.09,21.4,51.78,58.79,28.66
36.42,60.18,123.66,52,21.83,52.91,60.08,29.2
37.52,61.74,126.75,52.8,22.56,56.88,60.49,29.06
39.59,64.38,136.48,54.24,23.25,57.43,62.95,29.38
38.63,64.81,134.21,54.3,23.79,60.42,65.84,30.18
36.7,62.55,128.66,52.51,23.22,55.7,63.47,29.54
37.79,62.6,131.73,53.08,23.63,58.7,59.52,30.17
38.3,63.05,131.79,54.5,24.31,62.12,64.42,31.47
38.54,64.95,133,54.6,23.93,61.94,62.75,31.4
38.83,65.82,135.62,54.97,24.21,60.9,60.61,31.95
37.29,62.35,132.89,53.25,23.2,58.79,52.3,30.56
37.14,62.44,133.32,53,23.26,60.42,59.57,30.75
37.85,63.26,133.74,52.89,23.85,60.97,64.64,32.12
37.48,62.12,134,53.73,23.74,58.37,63.61,31.45
37.62,62.02,134.84,54.84,25.5,60.88,69.13,32.77
39.19,63.16,137.92,56.45,26.06,65.6,72.7,34.71
38.98,62.45,137.05,55.77,29,63.94,71.58,34.78
40.96,66.2,139.8,57,28.53,64.88,72.61,35.6
39.91,64.97,137.57,56.3,30.03,62.35,69.38,34.66
41.23,65.93,140,57,30.31,64.57,72.12,35.05
39.51,64.77,135.65,55.9,28.45,60.93,67.34,34.21
40.03,63.74,135.48,56.1,27.92,62.59,68.7,34.5
39.03,62.87,132.87,55.83,27.2,60.55,68.97,33.94
37.34,59.35,125.15,54.31,26.27,58.78,66.34,33
36.9,59.16,125.18,53.2,25.24,57.02,68.06,33
37.96,60.72,128.1,54.01,26.36,60.24,73.63,34.03
37.68,61,127.43,54.13,27.61,59.97,69.85,34.77
37.16,59.72,123.5,52.8,25.08,56.87,63.74,31.95
38.21,61.22,125.45,53.43,25.63,59.04,66.07,32.68
37.99,60.76,125.37,53.4,25.26,58.96,64.98,32.59
39.7,61.85,128.1,54.32,26.44,61.53,65.29,33.34
39.7,61.85,128.1,54.32,26.44,61.53,65.29,33.34
41.7,62.6,131.07,55.17,27.64,61.91,66.95,33.82
41.52,63.61,136.37,55.42,28.26,62.93,64.38,34.15
41.09,62.13,132.68,54.65,27.95,62.55,62.01,34.52
42.14,62.6,133.49,55.23,28.54,63.72,62,34.76
41.77,61.94,131.39,54.97,28.82,64.06,61.7,35.27
41.16,61.61,129.94,54.01,28.23,63.39,60.8,34.58
40.99,61,129.82,54.33,28.47,63.57,54.3,34.36
41.26,61.31,129.05,54.48,28.91,64.12,53.26,34.09
39.69,61.29,127.92,54.5,29.35,65.14,57.82,34.22
40.26,61,127.28,54.6,29.26,65.62,58.78,34.49
39.75,60.62,126.28,53.84,29.59,63.76,56.84,33.59
39.55,59.04,121.64,53.23,28.07,63.06,54.98,32.67
41.2,60.76,125.99,54.5,29.64,65.32,57.29,34.19
40.75,58.33,124.38,53.93,29.7,65.23,57.72,33.99
41.51,59.76,124.15,54.82,29.66,66.85,59.08,34.07
41.47,59.3,125,55.1,29.89,67.26,59.91,35.02
42.2,60.73,127.75,56.46,31.44,68.98,59.6,37.15
42.02,61.74,130.27,56.69,33.84,68.39,59.75,38.81
40.42,61.19,129.03,56.33,33.68,66.47,59.04,37.33
40.72,61.26,128.4,55.39,34.47,66.15,57.96,36.63
41.26,61.06,128.86,55.56,34.18,67.45,59.04,36.78
40.51,59.34,124.35,54.41,34.16,65.83,57.99,37.25
41.75,59.46,127.81,55.28,36.25,66.75,58.62,37.93
38.91,57.27,122.78,53.78,35.75,65.94,56.6,37.61
39.92,57.7,126.29,54.51,41.91,67.69,58.27,38.62
39.46,57.14,125.73,53.45,43.28,64.2,55.17,39.39
38.76,56.24,125,52.05,42.99,63.25,56.19,39.75
37.14,54.94,120.91,50.44,37.96,58.39,51.91,36.75
37.47,55.76,122.42,50.8,39.26,60.42,53.16,38.13
39.11,57.9,126.67,52.21,41.21,61.8,53.57,41.26
38.75,56.76,124.73,51.76,40.92,60.49,53.39,41.52
39.48,56.71,126.14,51.98,41.31,60.95,53.01,40.56
39.28,56.13,126.3,51.16,39.54,59.56,53.13,40.13
39.91,57.76,126.63,52.32,40.23,59.66,53.56,40.37
39.7,57.72,127.36,52.24,40.7,59.44,53.21,40.39
41.74,57.74,129.46,53.62,40.91,60.91,55.22,42.55
42.21,57.67,129.03,54,39.45,61.49,55.15,42.49
42.86,59.01,132.45,54.85,40.6,63.65,56.98,43.56
43.79,58.56,132.67,55.29,42.55,65.37,58.28,45.19
42.87,57.75,131.87,54.96,42.64,64.39,58.03,44.75
42.87,57.75,131.87,54.96,42.64,64.39,58.03,44.75
43.39,59.2,135.61,55.43,45.39,64.11,58.55,46.24
43.23,58.92,134.65,55.59,45.14,62.72,59.63,44.71
42.55,56.76,129.08,54.91,45,62.53,57.16,44.77
42.77,56.52,128.16,55,45.81,62.43,55.84,45.12
43.41,56.52,129.1,55.35,46.15,63,55.94,43.74
44.16,55.92,128.05,56.1,46.27,64.04,55.02,44.84
43.54,55.09,126.67,55.89,45.95,62.4,53.7,44.2
42.67,55.39,126.17,55.39,45.5,61.62,52.48,44.1
43.21,55.63,127.17,55.51,46.13,62.83,52.75,44.7
42.22,54.15,124.95,55.06,45.44,61.77,52.21,44.2
42.24,54.29,125.4,54.11,44.67,61.52,51.78,44.84
42.1,54.37,125.45,53.81,45.26,61.62,52.68,44.23
41.37,54.14,125.3,53.21,44.14,59.88,50.9,41.89
40.86,53,124.44,52.8,43.7,58.68,51.49,39.46
42.09,54.57,127.61,54.26,44.37,60.44,52.65,41.49
42.3,53.6,126.76,53.9,44.96,60.91,53.62,41.51
43.12,53.37,125.95,53.56,44.88,60.98,54.98,41.91
44.06,51.92,124.15,54.19,45.19,61.47,54.75,42.34
43.89,52.68,124.06,53.92,44.79,61.06,53.6,43.89
42.39,51.37,120.76,52.76,43.34,60.04,53.28,41.47
42.19,51.18,121.64,52.95,44.24,60.45,53.4,42.21
42.65,52.69,122.3,53.12,44.8,61.49,54.11,42.5
43.52,53.13,122.4,53.12,44.99,62.21,53.84,42.83
43.25,53.07,121.5,53.4,44.39,61.59,52.42,42.67
43.25,53.07,121.5,53.4,44.39,61.59,52.42,42.67
41.25,51.53,116.9,52.39,44.01,59.23,51.84,41.35
40.36,50.85,112.91,51.69,43.68,56.68,49.76,40.21
40.31,50.25,111.66,50.73,43.54,55.33,50.22,40.13
41.6,51.33,113.87,51.66,45.96,57.19,52.02,41.65
41.53,51.02,114.01,51.62,47.69,58.23,52.46,42.48
40.65,50.49,111.55,50.98,47,56.34,51.24,41.18
39.97,50.12,110.71,50.5,47.1,55.25,49.51,40.2
39.2,49.44,108.23,49.77,44.49,54.89,48.18,40.09
37.93,47.82,104.7,49.15,42,53.16,47.15,38.58
36.63,47.34,104.74,48.06,41.08,51.64,45.12,38.33
38.39,47.78,106.57,48.62,43.09,54.2,45.75,39.87
39.86,49.42,109.59,49.99,44.82,57.34,46.9,41.8
39.23,47.22,107.4,50.03,43.93,56.23,46.52,40.53
38.76,45.77,103.57,50.04,45.36,56.18,46.37,40.45
39.19,45.35,104.32,49.79,46.8,57.59,48.86,41.58
38.04,43.62,100.34,49.06,45.4,56.9,49.56,41.06
38.4,44.51,102.16,49.53,46.17,58.5,50.27,41.5
38.17,42.99,99.76,48.97,46.34,57.84,49.29,40.59
37.53,42.35,98.33,48.36,45.51,57,49.25,39.4
37.37,41.51,98.37,48.05,46.07,57.7,49.27,39.57
36.95,40.13,95.08,47.29,45.66,56.38,47.88,39.31
37.27,38.86,91.09,47.06,44.48,55.3,47.96,39.52
39.67,40.77,98.68,48.3,47.25,58.48,51.37,41.73
39.81,40.87,98.9,48.33,51.5,59.1,53.48,42.49
39.21,40.64,96.14,48.42,50.22,59.23,53.22,43.53
39.72,40.97,97.44,49.19,49.32,59.53,51.26,43.63
40.56,40.99,97.84,49.13,49.29,60.66,50.75,43.2
40.71,40.79,97.2,49.5,48.72,60.84,49.69,42.6
40.41,39.96,95.52,49.2,47.47,60.13,48.01,42.44
39.42,39.35,93.71,48.59,46.37,59.29,47.36,42.12
37.93,38.64,91.96,47.54,45.28,57.49,44.62,40.47
38.64,38.32,92.35,47.56,44.53,57.6,45.04,40.1
37.66,36.77,88.68,46.75,44.21,55.65,44.29,39.56
38.4,37.55,88.3,46.9,45.39,56.04,45.06,39.84
39.52,39.73,92.93,47.83,47.65,58.25,46.98,42.19
40.91,42.72,99.44,49.55,48.68,60.18,48.71,43.35
42.13,43.24,100.84,50.85,53.42,61.94,50.28,46.17
41.98,43.02,99.58,50.43,51.98,60.97,50.37,45.66
43.32,43.91,101.05,51.09,52.74,63.24,51.75,47.02
42.66,43.44,99.89,51.12,48.63,62.07,50.48,45.72
42.62,44.61,101.69,51.35,47.72,61.37,50.24,46.81
42.2,44.12,100.98,51.99,46.93,61.11,48.76,47.38
42.56,44.01,102,52.53,46.45,61.4,48.87,47.35
42.54,43.13,100.3,52.22,47.24,60.66,48,46.41
42.54,43.13,100.3,52.22,47.24,60.66,48,46.41
43.44,44.93,105.93,53.33,46.73,62.37,50.04,47.04
42.44,43.94,104.62,53.14,44.62,60.8,47.58,45.23
42.76,43.67,103.93,52.59,43.86,61.5,48.29,44.09
42.29,41.84,101.54,52.04,42.8,59.25,47.25,42.75
43.1,42.89,103.48,51.47,43.09,58.51,45.77,43.23
41.41,38.71,92.25,50.2,43.51,58.58,45.09,44.63
40.38,38.05,86.44,49.35,45.74,59.59,44.82,45.7
41.3,37.52,84.37,49.79,45.96,61.37,44.67,46.68
41.54,38.17,83.29,49.62,45.39,61.49,44.17,47.56
41.28,37.69,82.11,48.5,45.65,60.89,42.91,47.13
40.55,35.59,78.77,49.2,45.17,60.46,44.33,47
43.02,36.12,80.79,50.25,47.12,62.9,47.25,49.65
44.65,37.28,83.83,50.65,48.86,64.14,49.59,50.32
44.62,36.9,82.88,50.06,49.93,64.29,50.97,50.72
45.09,37.9,85.38,49.82,50.15,66.39,53.82,52.03
44.88,37.3,84.31,48.88,48.79,65.56,52.97,52.59
43.85,36.4,83.63,48.47,49.24,64.55,51.62,51.89
43.15,36.6,84.75,48.53,49.09,63.26,50.14,51.22
44.86,38.18,87.21,49.8,49.26,66.4,53.08,53.67
44.51,36.91,83.56,48.87,48.92,66.01,53.16,54.12
44.96,37.47,85.05,48.81,50.02,64.86,51.51,53.63
44.64,36.75,84.25,48.35,49.84,64.38,53.39,53.68
44.77,37.12,85.49,48.57,51.46,64.62,52.72,54.79
44.43,38.22,86.06,48.32,51.36,64.2,51.15,53.83
44.42,39.09,88.98,48.04,49.71,64,50.01,54.66
48.69,40.23,91.44,49.11,50.35,66.75,50.57,56.61
48.15,40.05,92.44,49.75,50.59,66.95,49.37,55.92
48.44,40.37,91.64,49.98,51.57,67.32,49.65,56.74
47.95,40.1,90.71,50.26,50.35,66.35,51.06,57.22
48.24,40.04,90.8,50.32,50.58,66.61,51.17,57.42
47.47,40.3,91.62,50.95,49.77,65.78,50.8,56.53
47.07,39.52,90.94,51.02,49.13,66.31,49.63,57.16
48.09,38.77,91.08,50.83,48.36,66.31,49.23,57.14
48.03,38,89.1,50.59,48.73,66.05,49.5,56.72
48.15,37.99,90.42,50.6,50.78,66.34,49.66,57.58
47.24,39.03,92.16,51.03,52.35,66.6,52.01,56.99
47.02,40.3,91.79,50.93,52.18,67.21,50.61,55.39
46.97,39.74,90.78,50.39,52.5,64.91,47.34,54.76
