"X.AMRS.P.","X.GRWG.P.","U.YOLO.P.","U.CNBS.P.","U.MJ.P.","X.POTX.P.","U.STZ.P.","U.IIPR.P.","X.CARA.P.","X.TLRY.P.","X.SNDL.P.","X.CNTTQ.P."
25.35,0,0,0,0,0,135.61,0,15.58,0,0,0
25.5,0,0,0,0,0,135.11,0,15.13,0,0,0
25.35,0,0,0,0,0,134.8,0,14.17,0,0,0
25.8,0,0,0,0,0,135.08,0,15.56,0,0,0
27.6,0,0,0,0,0,134.41,0,15.32,0,0,0
25.5,0,0,0,0,0,133.2,0,16.27,0,0,0
25.35,0,0,0,0,0,133.26,0,15.49,0,0,0
25.35,0,0,0,0,0,132.11,0,15.41,0,0,0
24.45,0,0,0,0,0,132.27,0,15.78,0,0,0
24.9,0,0,0,0,0,134.78,0,17.25,0,0,0
23.85,0,0,0,0,0,134.98,0,15.88,0,0,0
22.95,0,0,0,0,0,133.38,0,15.03,0,0,0
22.65,0,0,0,0,0,132.2,0,16.12,0,0,0
23.25,0,0,0,0,0,135.26,0,15.32,0,0,0
23.4,0,0,0,0,0,138.11,0,15.08,0,0,0
23.1,0,0,0,0,0,138.29,0,15.71,0,0,0
23.4,0,0,0,0,0,137.46,0,15.11,0,0,0
23.1,0,0,0,0,0,137.62,0,15.72,0,0,0
24,0,0,0,0,0,142.08,0,15.84,0,0,0
24.9,0,0,0,0,0,141.34,0,16.47,0,0,0
24.9,0,0,0,0,0,143.19,0,16.77,0,0,0
24.9,0,0,0,0,0,143.19,0,16.77,0,0,0
23.4,0,0,0,0,0,143.79,0,17.06,0,0,0
25.05,0,0,0,0,0,140.26,0,16.55,0,0,0
25.2,0,0,0,0,0,142.85,0,15.79,0,0,0
24.15,0,0,0,0,0,141.84,0,15.49,0,0,0
24.3,0,0,0,25.66,0,140.5,0,14.59,0,0,0
24,0,0,0,25.54,0,144.67,0,14.31,0,0,0
22.8,0,0,0,25.54,0,141.8,0,13.78,0,0,0
22.95,0,0,0,25.05,0,142.99,0,15.18,0,0,0
23.1,0,0,0,25.05,0,140.18,0,16,0,0,0
22.95,0,0,0,25.35,0,139.98,0,16.22,0,0,0
22.8,0,0,0,24.96,0,138.3,0,15.17,0,0,0
22.65,0,0,0,24.96,0,137.69,0,14.67,0,0,0
22.65,0,0,0,24.96,0,139.28,0,15.33,0,0,0
22.35,0,0,0,24.55,0,142.96,0,15.79,0,0,0
22.95,0,0,0,24.55,0,139.89,0,15.32,0,0,0
22.65,0,0,0,24.55,0,138.57,0,15.34,0,0,0
24.6,0,0,0,24.55,0,141.4,0,15.66,0,0,0
25.95,0,0,0,24.55,0,142.63,0,15.3,0,0,0
24.75,0,0,0,24.55,0,143.69,0,15.6,0,0,0
24.75,0,0,0,24.5,0,143.03,0,15.42,0,0,0
24.75,0,0,0,24.5,0,143.03,0,15.42,0,0,0
25.35,0,0,0,24.5,0,143.27,0,15.37,0,0,0
25.65,0,0,0,24.5,0,144.25,0,16.12,0,0,0
24.9,0,0,0,24.5,0,144.17,0,15.79,0,0,0
24.3,0,0,0,24.5,0,142.44,0,16.86,0,0,0
24.3,0,0,0,24.5,0,142.44,0,16.86,0,0,0
23.7,0,0,0,24.5,0,140.69,0,16.69,0,0,0
24.75,0,0,0,24.5,0,143.62,0,17.54,0,0,0
24.75,0,0,0,24.5,0,143.12,0,16.91,0,0,0
23.4,0,0,0,24.5,0,149.61,0,15.04,0,0,0
22.95,0,0,0,24.5,0,147,0,14.92,0,0,0
22.65,0,0,0,24.5,0,147.05,0,13.53,0,0,0
21.3,0,0,0,24.5,0,147.04,0,13.52,0,0,0
19.35,0,0,0,24.5,0,144.13,0,11.31,0,0,0
19.35,0,0,0,24.5,0,143.25,0,11.15,0,0,0
19.65,0,0,0,24.5,0,142.75,0,11.95,0,0,0
19.65,0,0,0,24.5,0,142.75,0,11.95,0,0,0
18.3,0,0,0,24.5,0,145.62,0,10.97,0,0,0
19.2,0,0,0,24.5,0,145.14,0,11.45,0,0,0
19.95,0,0,0,22,0,143.45,0,11.01,0,0,0
20.4,0,0,0,22.29,0,148.76,0,11.65,0,0,0
18.45,0,0,0,22.1,0,148.25,0,11.03,0,0,0
22.8,0,0,0,22.31,0,148.38,0,10.83,0,0,0
22.2,0,0,0,21.99,0,146.11,0,10.16,0,0,0
22.95,0,0,0,21.99,0,151.82,0,9.44,0,0,0
22.05,0,0,0,21.99,0,152.48,0,9,0,0,0
22.35,0,0,0,21.99,0,154.36,0,8.58,0,0,0
21.45,0,0,0,21.99,0,152.51,0,8.6,0,0,0
21.75,0,0,0,21.99,0,150.4,0,8.82,0,0,0
21.75,0,0,0,23.94,0,146.95,0,8.7,0,0,0
21.75,0,0,0,23.94,0,137.95,0,7.88,0,0,0
21.75,0,0,0,23.94,0,134.95,0,6.95,0,0,0
21.15,0,0,0,23.94,0,136.09,0,7.17,0,0,0
21.6,0,0,0,23.1,0,138.8,0,7.15,0,0,0
20.85,0,0,0,23.1,0,135.61,0,7.21,0,0,0
20.85,0,0,0,23.1,0,138.03,0,7.46,0,0,0
20.85,0,0,0,23.1,0,138.03,0,7.46,0,0,0
22.05,0,0,0,23.1,0,139.29,0,7.47,0,0,0
22.35,0,0,0,23.1,0,142.01,0,8.07,0,0,0
22.8,0,0,0,23.1,0,140.33,0,7.3,0,0,0
23.85,0,0,0,23.1,0,139.51,0,7.6,0,0,0
23.25,0,0,0,23.1,0,140.6,0,7.41,0,0,0
22.8,0,0,0,23.1,0,139.47,0,6.99,0,0,0
22.05,0,0,0,23.1,0,139.08,0,7.17,0,0,0
22.5,0,0,0,23.1,0,143.64,0,6.91,0,0,0
22.95,0,0,0,23.1,0,142.05,0,4.76,0,0,0
22.65,0,0,0,24.13,0,141.43,0,4.92,0,0,0
21.9,0,0,0,24.13,0,144.52,0,5.09,0,0,0
22.8,0,0,0,24.13,0,143.78,0,5.82,0,0,0
19.35,0,0,0,25.7,0,144.45,0,5.64,0,0,0
18.45,0,0,0,26.43,0,143.9,0,5.39,0,0,0
19.2,0,0,0,26.27,0,138.71,0,5.53,0,0,0
18,0,0,0,26.27,0,139.97,0,5.13,0,0,0
18.75,0,0,0,26.42,0,140.28,0,5.3,0,0,0
17.1,0,0,0,26.9,0,140.5,0,5.23,0,0,0
17.02,0,0,0,27.32,0,142.06,0,4.76,0,0,0
17.85,0,0,0,27.13,0,141.9,0,5.03,0,0,0
17.7,0,0,0,26.29,0,144.13,0,4.67,0,0,0
17.4,0,0,0,26.29,0,144.54,0,4.75,0,0,0
16.95,0,0,0,26.29,0,146.84,0,4.96,0,0,0
18,0,0,0,28.18,0,147.04,0,5.17,0,0,0
17.1,0,0,0,28.11,0,147.2,0,6.27,0,0,0
17.4,0,0,0,28.31,0,149.42,0,6.52,0,0,0
17.25,0,0,0,28.31,0,150.11,0,5.77,0,0,0
18.75,0,0,0,27.17,0,149.9,0,5.84,0,0,0
18.75,0,0,0,27.17,0,149.9,0,5.84,0,0,0
18.6,0,0,0,27.17,0,149.41,0,5.74,0,0,0
17.85,0,0,0,28.1,0,149.71,0,6.07,0,0,0
17.55,0,0,0,28.1,0,151.6,0,6,0,0,0
16.65,0,0,0,28.1,0,151.09,0,6.22,0,0,0
16.35,0,0,0,28.32,0,152.68,0,6.6,0,0,0
15.15,0,0,0,27.74,0,151.47,0,6.84,0,0,0
14.45,0,0,0,27.45,0,151.36,0,6.69,0,0,0
15.75,0,0,0,27.45,0,160.34,0,6.91,0,0,0
15.75,0,0,0,27.13,0,157.37,0,6.8,0,0,0
16.05,0,0,0,27.13,0,159.01,0,6.66,0,0,0
19.5,0,0,0,28.49,0,157.47,0,6.61,0,0,0
17.55,0,0,0,28.54,0,156.95,0,7.06,0,0,0
16.35,0,0,0,29.17,0,156.05,0,7.44,0,0,0
16.5,0,0,0,29.17,0,156.84,0,7.52,0,0,0
15.75,0,0,0,28.87,0,156.71,0,7.4,0,0,0
15.9,0,0,0,28.87,0,158.05,0,8.12,0,0,0
16.2,0,0,0,28.9,0,157.3,0,8.22,0,0,0
15.9,0,0,0,28.9,0,156.01,0,7.68,0,0,0
16.5,0,0,0,28.9,0,155.16,0,7.11,0,0,0
16.2,0,0,0,28.59,0,154.85,0,6.63,0,0,0
16.35,0,0,0,28.61,0,156.84,0,6.86,0,0,0
16.05,0,0,0,29.09,0,156.25,0,6.34,0,0,0
15.75,0,0,0,29.38,0,156.64,0,6.08,0,0,0
15.15,0,0,0,29.42,0,155.58,0,6.52,0,0,0
15.3,0,0,0,29.98,0,156.06,0,6.1,0,0,0
14.93,0,0,0,29.26,0,157.77,0,6.11,0,0,0
14.47,0,0,0,29.26,0,158.49,0,6.13,0,0,0
13.05,0,0,0,28.69,0,158.83,0,5.81,0,0,0
12.3,0,0,0,28.95,0,159.19,0,5.57,0,0,0
12.6,0,0,0,28.98,0,159.59,0,5.56,0,0,0
12.2,0,0,0,28.36,0,161.11,0,5.48,0,0,0
12.16,0,0,0,29.22,0,163.52,0,5.77,0,0,0
10.2,0,0,0,29.18,0,162.94,0,5.64,0,0,0
9.48,0,0,0,29.8,0,161.9,0,5.21,0,0,0
9.6,0,0,0,29.29,0,161.47,0,5.22,0,0,0
8.85,0,0,0,29.31,0,162.53,0,5.48,0,0,0
8.85,0,0,0,28.85,0,158.15,0,5.5,0,0,0
8.07,0,0,0,28.62,0,154.48,0,5.66,0,0,0
8.18,0,0,0,27.84,0,156.09,0,5.5,0,0,0
8.12,0,0,0,28.26,0,154.1,0,5.8,0,0,0
8.24,0,0,0,27.78,0,154.29,0,6.15,0,0,0
7.85,0,0,0,27.65,0,157.7,0,6.19,0,0,0
7.61,0,0,0,27.29,0,156.9,0,6.24,0,0,0
8.4,0,0,0,27.29,0,157.95,0,6.25,0,0,0
8.84,0,0,0,27.29,0,157.83,0,6.37,0,0,0
8.84,0,0,0,27.29,0,157.83,0,6.37,0,0,0
8.6,0,0,0,27.58,0,153.15,0,6.46,0,0,0
8.11,0,0,0,27.39,0,153.81,0,6.14,0,0,0
8.03,0,0,0,27.36,0,154.15,0,6.45,0,0,0
8.03,0,0,0,27.36,0,153.4,0,6.25,0,0,0
9.68,0,0,0,28.1,0,155.1,0,6.33,0,0,0
9,0,0,0,28.3,0,151.11,0,6.09,0,0,0
8.41,0,0,0,29.13,0,154.06,0,6.12,0,0,0
8.05,0,0,0,28.85,0,154.1,0,5.82,0,0,0
7.82,0,0,0,28.85,0,153.4,0,5.44,0,0,0
8.55,0,0,0,27.95,0,152.88,0,5.37,0,0,0
7.76,0,0,0,27.94,0,157.12,0,5.26,0,0,0
7.66,0,0,0,27.94,0,156.24,0,5.32,0,0,0
7.5,0,0,0,27.84,0,156.76,0,5.26,0,0,0
7.64,0,0,0,28.15,0,154.05,0,5.01,0,0,0
7.47,0,0,0,28.15,0,154.33,0,5.14,0,0,0
6.75,0,0,0,28.47,0,154.84,0,4.96,0,0,0
6.21,0,0,0,28.47,0,153.65,0,4.89,0,0,0
6,0,0,0,28.47,0,155.99,0,5.07,0,0,0
6,0,0,0,27.97,0,152.53,0,4.84,0,0,0
5.25,0,0,0,27.97,0,153.1,0,4.47,0,0,0
5.62,0,0,0,28.48,0,157.65,0,4.79,0,0,0
6.14,0,0,0,28.48,0,159.39,0,4.94,0,0,0
6.76,0,0,0,29.2,0,165.4,0,4.81,0,0,0
6.8,0,0,0,29.57,0,163.61,0,5.11,0,0,0
6.8,0,0,0,29.57,0,163.61,0,5.11,0,0,0
6.25,0,0,0,29.57,0,165.9,0,4.93,0,0,0
6.05,0,0,0,29.57,0,165.34,0,5.09,0,0,0
6.14,0,0,0,28.33,0,166.01,0,5.09,0,0,0
6.21,0,0,0,28.33,0,165.99,0,5.18,0,0,0
6.23,0,0,0,29.25,0,164.21,0,5.11,0,0,0
6.09,0,0,0,29.25,0,163.73,0,5.17,0,0,0
6.08,0,0,0,29.25,0,163.52,0,5.06,0,0,0
6.02,0,0,0,29.25,0,162.91,0,4.96,0,0,0
6.3,0,0,0,29.25,0,163.09,0,4.94,0,0,0
5.96,0,0,0,30.52,0,163.12,0,5,0,0,0
6.02,0,0,0,30.68,0,164.01,0,4.83,0,0,0
5.92,0,0,0,30.68,0,166.34,0,5.02,0,0,0
5.85,0,0,0,31.07,0,165.39,0,5,0,0,0
5.82,0,0,0,31.13,0,167.66,0,6.09,0,0,0
5.3,0,0,0,31.13,0,166.32,0,6.08,0,0,0
5.55,0,0,0,30.91,0,165.39,0,5.85,0,0,0
5.33,0,0,0,30.64,0,162.97,0,6.21,0,0,0
5.45,0,0,0,30.6,0,163.59,0,6.01,0,0,0
5.25,0,0,0,31.2,0,164.63,0,5.93,0,0,0
5.1,0,0,0,31.2,0,163.93,0,6.04,0,0,0
4.92,0,0,0,30.83,0,162.63,0,5.78,0,0,0
5.15,0,0,0,31.12,0,162.7,0,6.08,0,0,0
5.7,0,0,0,31.36,0,163.62,0,5.94,0,0,0
5.76,0,0,0,31.83,0,163.08,0,5.99,0,0,0
5.96,0,0,0,31.79,0,162.65,0,5.87,0,0,0
5.86,0,0,0,32.1,0,164.65,0,6.04,0,0,0
6.04,0,0,0,32.1,0,166.11,0,5.91,0,0,0
5.85,0,0,0,32.1,0,165.14,0,6.02,0,0,0
5.7,0,0,0,32.1,0,165.51,0,6.18,0,0,0
5.73,0,0,0,32.08,0,165,0,6.56,0,0,0
6.67,0,0,0,31.79,0,164.47,0,6.29,0,0,0
6.38,0,0,0,31.79,0,165.29,0,6.02,0,0,0
6.46,0,0,0,31.34,0,165.27,0,6.13,0,0,0
6.41,0,0,0,31.21,0,165.5,0,5.91,0,0,0
6.58,0,0,0,31.21,0,165.78,0,6.06,0,0,0
6.86,0,0,0,31.26,0,166.37,0,5.99,0,0,0
6.58,0,0,0,31.26,0,166.61,0,5.56,0,0,0
6.53,0,0,0,31.11,0,166.69,0,5.5,0,0,0
6.33,0,0,0,31.11,0,165.59,0,5.52,0,0,0
6.18,0,0,0,31.11,0,166.8,0,5.53,0,0,0
6.2,0,0,0,31.11,0,166.15,0,5.5,0,0,0
6.07,0,0,0,31.11,0,164.05,0,5.42,0,0,0
6.21,0,0,0,30.51,0,164.8,0,5.38,0,0,0
6.15,0,0,0,31.21,0,167,0,5.32,0,0,0
6.15,0,0,0,31.21,0,167,0,5.32,0,0,0
6.08,0,0,0,31.21,0,166.85,0,5.67,0,0,0
6.05,0,0,0,31.21,0,165.99,0,6.02,0,0,0
6.3,0,0,0,31.39,0,165.55,0,5.98,0,0,0
6.4,0,0,0,31.39,0,162.35,0,5.62,0,0,0
6.6,0,0,0,30.44,0,164.87,0,6.01,0,0,0
6.45,0,0,0,30.44,0,161.31,0,5.97,0,0,0
6.45,0,0,0,30.44,0,162.62,0,6.09,0,0,0
6.6,0,0,0,29.32,0,166.47,0,6.23,0,0,0
6.94,0,0,0,29.46,0,164.61,0,6.5,0,0,0
7.12,0,0,0,29.46,0,162.68,0,6.87,0,0,0
7.69,0,0,0,29.46,0,162.85,0,7.27,0,0,0
8.36,0,0,0,29.46,0,165.79,0,7.51,0,0,0
7.83,0,0,0,30.46,0,166.02,0,7.51,0,0,0
7.26,0,0,0,30.17,0,166.63,0,7.33,0,0,0
7.4,0,0,0,30.17,0,165.58,0,7.75,0,0,0
7.41,0,0,0,30.17,0,165.96,0,8.62,0,0,0
7.93,0,0,0,30.62,0,165.3,0,8.58,0,0,0
7.57,0,0,0,30.62,0,163.67,0,8.19,0,0,0
8.7,0,0,0,30.36,0,166.49,0,8.35,0,0,0
9,0,0,0,30.88,0,165.51,0,8.6,0,0,0
8.74,0,0,0,30.88,0,165.85,0,8.65,0,0,0
8.83,0,0,0,30.88,0,168.6,0,9.68,0,0,0
8.94,0,0,0,30.82,0,171.03,0,8.92,0,0,0
8.77,0,0,0,30.72,0,168.84,0,8.67,0,0,0
9.66,0,0,0,31.1,0,171.24,0,8.72,0,0,0
9.59,0,0,0,31.05,0,169.71,0,8.16,0,0,0
11.55,0,0,0,30.81,0,170,0,7.56,0,0,0
12.22,0,0,0,30.81,0,168.94,0,8.09,0,0,0
11.71,0,0,0,30.81,0,169.46,0,7.75,0,0,0
13.35,0,0,0,30.81,0,167.13,0,7.66,0,0,0
16.2,0,0,0,31.71,0,167.2,0,7.76,0,0,0
15.75,0,0,0,32.05,0,167.35,0,7.61,0,0,0
16.05,0,0,0,32.11,0,166.97,0,7.91,0,0,0
16.65,0,0,0,32.11,0,167.41,0,7.91,0,0,0
16.8,0,0,0,32.11,0,169.57,0,7.73,0,0,0
16.05,0,0,0,32.5,0,168.14,0,7.51,0,0,0
16.35,0,0,0,32.04,0,166.51,0,7.06,0,0,0
15.75,0,0,0,31.88,0,165.63,0,7.01,0,0,0
15.75,0,0,0,31.88,0,166.02,0,6.82,0,0,0
15.45,0,0,0,31.72,0,167.12,0,6.99,0,0,0
15.9,0,0,0,31.72,0,163.45,0,7.15,0,0,0
15.45,0,0,0,30.29,0,163.7,0,6.54,0,0,0
11.55,0,0,0,30.41,0,160.07,0,5.89,0,0,0
12.01,0,0,0,30.52,0,159.59,0,7.27,0,0,0
11.55,0,0,0,30.52,0,165.93,0,8.38,0,0,0
12.21,0,0,0,31.6,0,166.55,0,8.65,0,0,0
11.74,0,0,0,30.47,0,153.91,0,9.36,0,0,0
11.43,0,0,0,28.4,0,152.87,0,9.63,0,0,0
11.84,2.3,0,0,27.18,0,152.39,0,9.44,0,0,0
11.96,2.88,0,0,27.21,0,147.94,0,9.32,0,0,0
11.93,2.96,0,0,28,0,152.43,0,10.16,0,0,0
12.11,2.9,0,0,28,0,153.34,0,12.2,0,0,0
11.86,2.96,0,0,27.76,0,154.8,0,11.7,0,0,0
11.72,2.85,0,0,27.44,0,155.16,0,11.97,0,0,0
11.8,2.78,0,0,27.66,0,157.39,0,11.29,0,0,0
11.92,2.32,0,0,27.54,0,156.51,0,9.8,0,0,0
11.88,2.95,0,0,27.54,0,154.57,0,10.23,0,0,0
11.88,2.95,0,0,27.54,0,154.57,0,10.23,0,0,0
12.1,2.65,0,0,27.54,0,156.42,0,9.83,0,0,0
14.34,2.55,0,0,27.47,0,156.27,0,9.22,0,0,0
13.47,2.45,0,0,27.47,0,155.8,0,9.45,0,0,0
13.24,2.51,0,0,27.71,0,151.14,0,9,0,0,0
12.36,2.78,0,0,26.94,0,145.34,19.15,8.96,0,0,0
12.6,2.7,0,0,26.94,0,146.02,18.45,9.5,0,0,0
12.09,2.7,0,0,27.21,0,148.88,15.4,9.73,0,0,0
12.19,2.6,0,0,27.26,0,147.98,16.65,9.78,0,0,0
12.11,2.65,0,0,27.75,0,149.9,16.89,9.51,0,0,0
11.61,2.58,0,0,27.93,0,151.09,17.2,9.84,0,0,0
12,2.6,0,0,28.01,0,152.82,16.95,9.87,0,0,0
11.62,2.5,0,0,28.08,0,153.41,16.82,9.62,0,0,0
11.53,2.4,0,0,28.08,0,155.21,16.75,9.02,0,0,0
11.55,2.35,0,0,28.08,0,155.59,16.4,8.64,0,0,0
11.16,2.35,0,0,28.08,0,156.24,16.87,8.92,0,0,0
10.12,2.35,0,0,27.42,0,157.77,16.47,9.36,0,0,0
10.93,2.25,0,0,27.19,0,156.77,16.73,9.54,0,0,0
10.65,2.16,0,0,27.09,0,150.45,17.67,9.2,0,0,0
10.31,2.27,0,0,27.21,0,151.71,18.06,9.2,0,0,0
10.24,2.28,0,0,27.26,0,148.74,18.13,9.2,0,0,0
10.68,2.25,0,0,27.26,0,150.79,18.55,9.97,0,0,0
10.68,2.25,0,0,27.26,0,150.79,18.55,9.97,0,0,0
10.75,2.18,0,0,27.26,0,151.14,18.55,9.99,0,0,0
10.52,2.25,0,0,24.72,0,152.39,18.67,9.83,0,0,0
11.07,2.37,0,0,24.47,0,153.74,17.9,9.39,0,0,0
10.95,2.35,0,0,24.2,0,153.31,18.19,9.29,0,0,0
10.95,2.35,0,0,24.2,0,153.31,18.19,9.29,0,0,0
11.19,2.44,0,0,24.62,0,154.75,18.7,9.76,0,0,0
11.7,2.16,0,0,24.77,0,157.99,18.83,10.38,0,0,0
11.88,2.25,0,0,24.93,0,146.75,19.71,10.26,0,0,0
12.11,2.25,0,0,24.98,0,149.44,19.25,10.28,0,0,0
12.34,2.27,0,0,24.98,0,150.27,19.12,11.1,0,0,0
12.04,2.25,0,0,24.74,0,149.24,18.73,11.14,0,0,0
11.93,2.29,0,0,24.59,0,149,18.39,10.89,0,0,0
11.1,2.19,0,0,25.01,0,147.53,18.15,11.12,0,0,0
10.75,2.11,0,0,25.1,0,149.28,18.56,11.42,0,0,0
10.75,2.11,0,0,25.1,0,149.28,18.56,11.42,0,0,0
10.35,2.22,0,0,25.2,0,153.73,18.95,11.19,0,0,0
10.12,2.22,0,0,24.9,0,150.48,18.68,11.89,0,0,0
9.63,2.15,0,0,24.71,0,149.59,19.06,11.6,0,0,0
9.9,2.43,0,0,25.18,0,150.08,18.86,11.43,0,0,0
9.51,2.34,0,0,25.78,0,151.55,18.81,11.95,0,0,0
9.33,2.37,0,0,25.8,0,153.05,18.7,12.23,0,0,0
9.21,2.4,0,0,26.07,0,154.09,18.99,12.93,0,0,0
9.36,2.35,0,0,25.75,0,149.97,18.75,13.74,0,0,0
9.3,2.36,0,0,25.88,0,148.92,18.76,13.88,0,0,0
8.95,2.48,0,0,25.87,0,148.34,18.8,14.18,0,0,0
7.92,2.4,0,0,25.9,0,149.76,18.59,15.32,0,0,0
7.95,2.38,0,0,26.2,0,149.85,18.2,16.49,0,0,0
6.75,2.35,0,0,26.54,0,149.27,17.9,15.84,0,0,0
7.36,2.35,0,0,26.98,0,149.07,18.14,16.65,0,0,0
7.6,2.3,0,0,26.89,0,149.77,17.97,16.4,0,0,0
7.65,2.29,0,0,26.83,0,152,17.93,16.3,0,0,0
7.8,2.35,0,0,26.88,0,154.58,18.03,16.47,0,0,0
7.62,2.22,0,0,27.15,0,155.73,18.02,16.33,0,0,0
7.95,2.15,0,0,27.38,0,155.45,18.05,14.85,0,0,0
8.64,2.28,0,0,27.5,0,155.49,17.95,13.51,0,0,0
8.41,2.15,0,0,27.53,0,155.89,17.78,15.53,0,0,0
7.83,2.35,0,0,27.75,0,156.21,17.95,15.09,0,0,0
8.19,2.4,0,0,27.56,0,158.51,17.6,14.53,0,0,0
8.39,2.3,0,0,27.37,0,161.32,17.75,14.76,0,0,0
8.39,2.3,0,0,27.37,0,161.32,17.75,14.76,0,0,0
8.34,2.38,0,0,28.06,0,160.09,17.81,14.7,0,0,0
7.8,2.42,0,0,27.94,0,160.2,18,14.55,0,0,0
7.96,2.03,0,0,27.99,0,153.6,18.05,14.55,0,0,0
7.83,2.06,0,0,27.99,0,158.85,17.1,15.03,0,0,0
8.03,2,0,0,27.75,0,157.8,16.89,16.21,0,0,0
7.64,1.94,0,0,27.5,0,158.81,16.51,16.03,0,0,0
7.53,1.94,0,0,27.91,0,159.61,16.33,16.59,0,0,0
8.01,1.93,0,0,27.91,0,158.43,16.45,16.76,0,0,0
7.08,1.9,0,0,27.76,0,158.76,16.25,18.04,0,0,0
6.94,2,0,0,27.74,0,157.8,16.28,17.92,0,0,0
6.65,1.9,0,0,28.08,0,157.21,15.9,16.99,0,0,0
6.5,1.86,0,0,27.91,0,156.38,15.6,17.41,0,0,0
7.59,1.88,0,0,27.08,0,155.79,15.55,17.49,0,0,0
7.5,1.87,0,0,27.9,0,157.56,15.5,15.84,0,0,0
7.5,1.67,0,0,27.83,0,158.39,15.69,15.33,0,0,0
7,1.89,0,0,27.76,0,159.12,15.86,14.71,0,0,0
7.05,1.8,0,0,28.22,0,162.12,16.93,15.58,0,0,0
7.48,1.77,0,0,28.47,0,162.04,16.95,15.65,0,0,0
7.2,1.77,0,0,28.4,0,161.75,17.04,15.27,0,0,0
7.47,1.78,0,0,28.68,0,162.55,17.5,16.17,0,0,0
7.44,1.76,0,0,28.33,0,164.61,17,15.58,0,0,0
7.39,1.8,0,0,27.76,0,164.2,17.34,16.09,0,0,0
7.32,1.78,0,0,27.76,0,162.72,16.5,16.69,0,0,0
7.42,1.9,0,0,27.76,0,164.06,16.35,16.76,0,0,0
7.31,1.96,0,0,28.3,0,163.68,16.6,18.15,0,0,0
7.37,1.9,0,0,28.38,0,162.43,16.65,19.09,0,0,0
7.96,1.95,0,0,28.25,0,163.69,17.14,20.25,0,0,0
7.89,2.06,0,0,28.5,0,162.44,17.15,18.76,0,0,0
7.95,1.9,0,0,28.64,0,162.07,17.06,18.39,0,0,0
7.77,2.14,0,0,29,0,161.66,17.38,17.92,0,0,0
7.35,2.05,0,0,29,0,161.51,17.6,17.42,0,0,0
6.6,2.1,0,0,29.22,0,161.4,17.7,17.58,0,0,0
7.23,2.08,0,0,29.15,0,171.77,18.01,18.65,0,0,0
7.5,2,0,0,29.15,0,170.37,18,18.2,0,0,0
7.2,2.02,0,0,29.25,0,171.27,18.1,18.57,0,0,0
7.21,2.05,0,0,29.35,0,170.35,18.13,18.87,0,0,0
8.7,2.05,0,0,29.1,0,169.96,18.15,18.18,0,0,0
10.2,2.12,0,0,29.05,0,168.95,18.25,17.53,0,0,0
10.2,2.12,0,0,29.05,0,168.95,18.25,17.53,0,0,0
10.55,2.1,0,0,29.56,0,170.12,18.4,17.01,0,0,0
9,2.05,0,0,29.59,0,172.21,18.09,16.91,0,0,0
8.34,1.97,0,0,29.35,0,171.94,18.25,17.26,0,0,0
7.61,1.96,0,0,29.23,0,172.95,18.01,17.09,0,0,0
8.01,1.96,0,0,29.11,0,172.09,18.44,16.53,0,0,0
7.66,1.99,0,0,29.61,0,173.03,17.54,16.61,0,0,0
7.8,2,0,0,29.7,0,172.54,17.92,16.39,0,0,0
8.36,1.97,0,0,29.25,0,170.48,17.66,15.96,0,0,0
8.25,2.03,0,0,29.25,0,171.06,17.83,15.96,0,0,0
8.12,2.01,0,0,29.25,0,172.54,18,15.89,0,0,0
7.87,2.01,0,0,29.5,0,172.07,17.68,15.68,0,0,0
8.03,2,0,0,30.09,0,174.58,17.39,14.92,0,0,0
8.1,1.99,0,0,29.85,0,173.74,16.91,15.92,0,0,0
7.87,2,0,0,29.61,0,177.2,17.15,14.94,0,0,0
8.07,1.96,0,0,29.56,0,178.51,16.86,14.69,0,0,0
5.03,1.96,0,0,29.6,0,179.52,17.2,14.5,0,0,0
4.88,1.9,0,0,30.06,0,177.77,17.9,15.19,0,0,0
5.07,1.95,0,0,30.45,0,177.57,17.7,15.37,0,0,0
4.94,1.9,0,0,30.54,0,178.29,17.81,15.99,0,0,0
4.88,1.85,0,0,30.72,0,178.57,18,17.18,0,0,0
4.8,1.84,0,0,30.98,0,180.28,17.62,16.61,0,0,0
4.35,2.1,0,0,31.09,0,182.21,17.8,16.8,0,0,0
3.9,2,0,0,30.87,0,180.68,17.6,15.59,0,0,0
4.44,2,0,0,28.77,0,180.84,17.62,16.85,0,0,0
4.3,2,0,0,29.44,0,182.94,17.86,16.83,0,0,0
4.34,2.02,0,0,29.01,0,184.14,17.35,17.59,0,0,0
4.16,2,0,0,29.01,0,180.86,17.35,17.15,0,0,0
4.09,2.03,0,0,29.79,0,178.83,17.68,17.05,0,0,0
4.07,2.12,0,0,29.5,0,180.14,17.04,16.71,0,0,0
4.05,2.16,0,0,29.68,0,180.93,17.24,16.71,0,0,0
4.05,2.16,0,0,29.68,0,180.93,17.24,16.71,0,0,0
3.9,2.17,0,0,29.29,0,180.51,17.8,16.55,0,0,0
3.88,2.06,0,0,29.31,0,182.75,17.77,16.56,0,0,0
3.8,2.12,0,0,29.43,0,184.69,17.63,17.35,0,0,0
3.8,2.12,0,0,29.36,0,184.77,17.65,17.56,0,0,0
3.3,2.15,0,0,29.4,0,184.51,17.56,18.2,0,0,0
3.6,2.1,0,0,29.68,0,185.83,17.31,17.28,0,0,0
3.35,2.1,0,0,29.75,0,184.54,17.25,17.44,0,0,0
3.25,2.1,0,0,29.75,0,183.45,17.89,17.98,0,0,0
3.25,2.07,0,0,29.77,0,181,17.5,17.17,0,0,0
3.16,2.05,0,0,29.77,0,179.14,17.35,17.55,0,0,0
3.12,1.99,0,0,29.77,0,179.55,17.14,17.44,0,0,0
3.12,1.97,0,0,29.7,0,179.9,17.15,17.44,0,0,0
3.28,1.9,0,0,29.7,0,180.3,17.01,17.12,0,0,0
3.06,2.02,0,0,30,0,180.88,17.31,17.12,0,0,0
2.98,2,0,0,30.01,0,183.28,17.18,17.46,0,0,0
2.92,1.9,0,0,29.69,0,184.55,17.09,17.69,0,0,0
2.71,2,0,0,29.29,0,184.5,17.37,19.5,0,0,0
3.29,1.94,0,0,29.25,0,184.11,17.47,19.88,0,0,0
3.41,1.92,0,0,29.26,0,184.57,17.8,22.65,0,0,0
3.28,1.87,0,0,29.65,0,182.47,17.5,25.41,0,0,0
3.22,1.84,0,0,29.65,0,182.28,17.07,26.42,0,0,0
3.27,1.83,0,0,29.65,0,183.68,16.89,26.95,0,0,0
3.16,1.84,0,0,29.65,0,192.79,16.64,25.51,0,0,0
3.18,2,0,0,29.64,0,193.73,16.75,15.39,0,0,0
3.26,1.91,0,0,29.52,0,191.73,16.62,16.43,0,0,0
3.26,1.91,0,0,29.52,0,191.73,16.62,16.43,0,0,0
3.23,1.92,0,0,29.52,0,193.92,16.93,15.3,0,0,0
3.2,1.99,0,0,29.52,0,193.76,16.69,15.06,0,0,0
3.32,1.9,0,0,29.13,0,193.52,16.7,13.62,0,0,0
3.38,1.94,0,0,29.5,0,193.82,16.6,12.21,0,0,0
3.43,1.95,0,0,29.67,0,193.89,16.34,12.56,0,0,0
3.37,2,0,0,30.39,0,197.1,16.15,13.44,0,0,0
3.36,1.9,0,0,30.26,0,196.25,16.3,13.95,0,0,0
3.39,2.01,0,0,30.59,0,198.32,16.4,15.36,0,0,0
3.65,1.93,0,0,31.12,0,196.6,16.27,15.43,0,0,0
3.76,1.95,0,0,31.12,0,197.18,16.5,15.15,0,0,0
3.92,1.96,0,0,31.12,0,198.3,16.3,15.64,0,0,0
4.13,1.95,0,0,31.27,0,198.12,16.53,15.46,0,0,0
4.09,1.93,0,0,31.27,0,198.52,16.66,15.35,0,0,0
3.93,1.84,0,0,31.25,0,196,16.17,15.18,0,0,0
3.96,1.85,0,0,31.08,0,193.67,16.47,14.94,0,0,0
3.95,1.8,0,0,31.33,0,193.38,17.09,14.58,0,0,0
4.04,1.8,0,0,31.33,0,194.46,17.37,13.94,0,0,0
4.13,1.8,0,0,31.33,0,194.59,17.65,14.04,0,0,0
4.05,1.76,0,0,31.33,0,193.35,18.25,14.04,0,0,0
3.98,1.81,0,0,31.33,0,194.75,18.03,13.07,0,0,0
3.93,1.95,0,0,31.13,0,193.51,17.56,13.29,0,0,0
3.85,1.9,0,0,31.17,0,193.04,17.36,13.3,0,0,0
3.56,1.88,0,0,31,0,193.82,17.72,16.34,0,0,0
3.06,2,0,0,31.1,0,194.97,17.92,14.93,0,0,0
2.78,1.9,0,0,31.19,0,194.68,18,14.36,0,0,0
2.5,1.91,0,0,31.19,0,195.39,17.69,14.33,0,0,0
2.69,1.88,0,0,30.93,0,194.69,17.74,13.85,0,0,0
2.43,1.9,0,0,30.93,0,195.65,17.33,13.96,0,0,0
2.49,1.9,0,0,31.25,0,197.19,17.89,14.27,0,0,0
2.4,1.89,0,0,30.85,0,198.7,17.22,14.06,0,0,0
2.21,1.93,0,0,31.05,0,198.57,16.83,13.95,0,0,0
2.02,1.97,0,0,30.84,0,197.08,17.03,13.51,0,0,0
2.41,1.95,0,0,31.11,0,197.88,16.7,13.14,0,0,0
2.45,1.9,0,0,31.11,0,198.12,16.55,12.84,0,0,0
2.45,1.9,0,0,31.2,0,196.74,16.8,13.15,0,0,0
2.41,1.89,0,0,31.16,0,196.73,17.32,12.98,0,0,0.86
2.38,1.91,0,0,31.16,0,196.88,17.44,13.13,0,0,1.69
2.46,1.92,0,0,31.1,0,198.32,17.66,12.75,0,0,1.69
2.39,1.94,0,0,31.3,0,197.88,17.46,12.83,0,0,1.92
2.41,1.98,0,0,31.3,0,198.4,17.01,12.6,0,0,1.94
2.43,1.98,0,0,31.17,0,199.54,16.92,12.86,0,0,1.9
2.47,1.96,0,0,31.17,0,200.1,17.08,14.33,0,0,1.89
2.5,1.9,0,0,31.42,0,200.23,17.03,13.89,0,0,1.92
2.5,1.9,0,0,31.42,0,200.23,17.03,13.89,0,0,1.92
2.52,1.87,0,0,31.72,0,201.09,16.78,13.98,0,0,1.88
2.69,1.81,0,0,31.88,0,202.52,16.6,13.8,0,0,1.86
2.71,1.82,0,0,32.06,0,202.21,16.58,14.36,0,0,1.8
2.76,1.88,0,0,32.09,0,202.39,17.35,14.05,0,0,1.85
2.92,1.81,0,0,32.15,0,203.7,17.52,13.78,0,0,1.9
3.19,1.88,0,0,32.23,0,204.62,17.65,13.66,0,0,1.95
3.72,1.78,0,0,32,0,204.45,17.7,13.23,0,0,1.95
3.74,1.8,0,0,32.1,0,204.38,17.64,13.27,0,0,2.24
3.55,1.8,0,0,32.54,0,203.4,18.1,13.73,0,0,2.49
3.35,1.8,0,0,32.64,0,203.9,17.88,13.5,0,0,2.69
3.43,1.83,0,0,32.24,0,202.33,17.82,13.37,0,0,2.81
3.7,1.76,0,0,32.57,0,201.77,17.56,13.21,0,0,2.8
3.57,1.75,0,0,32.36,0,201.02,17.58,13.18,0,0,2.56
3.5,1.76,0,0,32.42,0,201.81,18.06,13.06,0,0,2.56
3.21,1.7,0,0,32,0,200.61,18.1,13.43,0,0,2.59
3.22,1.69,0,0,32,0,200.45,18.5,13.15,0,0,2.59
3.16,1.76,0,0,31.38,0,199.8,18.35,13.19,0,0,2.69
3.25,1.66,0,0,31.38,0,199.3,18.39,13.31,0,0,2.84
3.2,1.69,0,0,31.69,0,199.45,18.7,13.69,0,0,2.96
3.28,1.73,0,0,31.69,0,199.35,18.69,14.08,0,0,2.88
3.36,1.73,0,0,32.03,0,199.08,18.71,13.92,0,0,2.93
3.32,1.75,0,0,32.2,0,201.18,18.87,13.8,0,0,2.94
3.27,1.84,0,0,32.2,0,209.25,18.98,13.97,0,0,3.35
3.38,1.89,0,0,32.2,0,210.11,18.83,13.65,0,0,3.52
3.32,1.9,0,0,31.23,0,208.19,19.1,13.46,0,0,3.52
3.33,1.85,0,0,31.02,0,207.96,19.1,13.43,0,0,3.91
3.32,1.94,0,0,30.97,0,207.74,19.16,13.44,0,0,3.78
3.33,1.9,0,0,30.97,0,207.4,19.09,13.06,0,0,3.75
3.3,1.87,0,0,31.12,0,208.56,19.32,12.46,0,0,3.62
3.28,1.9,0,0,31.12,0,210.45,18.77,12.87,0,0,3.88
3.23,1.9,0,0,30.92,0,213.64,18.17,12.48,0,0,3.61
3.01,1.89,0,0,31.26,0,211.79,18.78,12.4,0,0,3.85
3,1.89,0,0,31.02,0,211.98,18.25,12.37,0,0,3.66
3,1.82,0,0,31.1,0,211.25,18.36,12.43,0,0,3.62
2.89,1.78,0,0,30.35,0,211.71,18.76,12.43,0,0,3.68
3.07,1.76,0,0,30.16,0,212.65,19.17,12.61,0,0,3.66
3.05,1.78,0,0,30.22,0,212.48,19.4,12.26,0,0,3.5
3.05,1.77,0,0,30.45,0,211.74,19.4,11.86,0,0,3.62
3.09,1.77,0,0,30.45,0,211.9,19.39,12.71,0,0,3.65
3.17,1.92,0,0,29.74,0,213,19.79,12.91,0,0,3.91
3.13,1.9,0,0,29.74,0,219.09,19.71,12.54,0,0,4.12
3.2,1.94,0,0,30.04,0,216,19.54,12.18,0,0,4.01
3.34,1.94,0,0,30.22,0,214.32,19.5,12.22,0,0,4
3.21,1.88,0,0,30.22,0,215.91,19.63,12.33,0,0,4.12
3.19,1.94,0,0,30.22,0,215.8,19.42,11.94,0,0,4.61
3.34,1.92,0,0,30.1,0,215.48,19.56,12.45,0,0,4.79
3.37,1.86,0,0,30.2,0,217.63,19.55,12.6,0,0,4.9
3.28,1.9,0,0,30.02,0,218.13,19.6,12.89,0,0,4.82
3.31,1.9,0,0,29.75,0,218.67,19.59,13.26,0,0,4.94
3.17,1.88,0,0,29.5,0,220.76,19.66,12.93,0,0,5.2
3.17,1.86,0,0,29.15,0,218.09,19.69,12.08,0,0,5.08
3.03,1.84,0,0,28.98,0,217.16,19.37,12.3,0,0,5.63
3.09,1.8,0,0,29.43,0,217.34,19.67,12.21,0,0,5.81
3.53,1.89,0,0,29.76,0,216.29,19.49,12.18,0,0,6.06
3.68,1.89,0,0,29.6,0,217.58,18.85,12.1,0,0,5.98
3.67,1.84,0,0,29.54,0,219.76,18.99,12.05,0,0,5.87
3.63,1.87,0,0,29.55,0,220.45,19.15,12.19,0,0,5.8
3.63,1.87,0,0,29.55,0,220.45,19.15,12.19,0,0,5.8
3.68,1.9,0,0,29.73,0,221.88,19.13,12.39,0,0,6.01
3.76,1.9,0,0,29.73,0,220.12,19.05,12.04,0,0,6.11
3.71,2.1,0,0,29.94,0,220.02,18.83,12.13,0,0,5.65
3.59,2.35,0,0,29.76,0,214.36,18.41,12.14,0,0,5.24
3.63,2.5,0,0,29.35,0,217.59,18.15,12.45,0,0,5.25
3.58,2.65,0,0,29.52,0,218.6,18.9,12.78,0,0,5.64
3.47,2.96,0,0,29.6,0,216.34,19.16,12.6,0,0,5.6
3.42,3.06,0,0,29.55,0,216.82,19.28,12.48,0,0,5.95
3.3,2.82,0,0,29.33,0,216.93,19.36,12.73,0,0,5.77
3.27,2.93,0,0,29.13,0,216.85,19.93,13.07,0,0,5.72
3.29,2.95,0,0,29.09,0,217.98,19.88,13.54,0,0,5.96
3.6,3.17,0,0,29.12,0,219.37,20.8,12.54,0,0,6.11
3.63,3.15,0,0,29.28,0,220.01,19.88,12.72,0,0,6.57
3.54,2.73,0,0,29.14,0,218.58,20.32,13.16,0,0,6.64
3.49,2.9,0,0,29.03,0,222.75,22.6,12.62,0,0,6.64
3.4,3.08,0,0,29.13,0,224.44,24.8,12.71,0,0,6.3
3.52,3.05,0,0,29.74,0,222.42,24.76,12.63,0,0,6.45
3.5,3.29,0,0,29.38,0,223.23,23.47,12.4,0,0,6.51
3.43,3.43,0,0,29.2,0,223.51,24.9,12.53,0,0,6.44
3.57,3.44,0,0,29.16,0,224.6,24.14,12.58,0,0,6.54
3.55,3.54,0,0,29.24,0,223.81,24.67,12.24,0,0,6.48
3.55,3.54,0,0,29.24,0,223.81,24.67,12.24,0,0,6.48
3.7,3.88,0,0,30.23,0,225.51,26.06,12.52,0,0,6.48
3.71,4.01,0,0,30.11,0,225.98,28,12.72,0,0,7.17
3.7,4.12,0,0,32,0,227.98,28.64,12.76,0,0,7.49
3.75,4.02,0,0,32.57,0,228.57,32.31,12.24,0,0,7.3
3.75,4.02,0,0,32.57,0,228.57,32.31,12.24,0,0,7.3
4.02,4.17,0,0,35.57,0,226.56,36.57,12.84,0,0,7.89
4.18,4.25,0,0,37.81,0,227.5,32.08,13.52,0,0,8.78
4.16,3.35,0,0,35.47,0,225.79,26.01,12.77,0,0,7.76
4.27,3.75,0,0,36.45,0,219.88,29.42,12.54,0,0,8.32
4.22,4.35,0,0,38.42,0,216.84,29.45,12.43,0,0,8.94
4.75,4.5,0,0,37.9,0,222.08,30.63,12.77,0,0,8.84
5.07,4.69,0,0,37.59,0,219.36,31.71,12.73,0,0,8.85
4.77,7.15,0,0,35.7,0,219.05,32.5,12.64,0,0,8.39
4.64,8.1,0,0,33.58,0,217.52,30.25,12.69,0,0,7.84
4.64,8.1,0,0,33.58,0,217.52,30.25,12.69,0,0,7.84
4.74,8.9,0,0,35.23,0,217.76,33.79,12.32,0,0,8.7
4.88,8.25,0,0,35.83,0,219.22,31.3,12.55,0,0,8.86
4.91,7.04,0,0,36.07,0,217.29,28.37,12.44,0,0,8.76
5,6.35,0,0,36.48,0,218.28,28.17,13,0,0,8.78
5.02,7.1,0,0,37.99,0,219.32,28.23,13.35,0,0,9.22
5.03,8.2,0,0,38.84,0,220.78,29.97,13.72,0,0,9.62
4.95,7.67,0,0,38.59,0,222.03,30.93,16.08,0,0,9.71
5.18,7.8,0,0,37.33,0,221.31,30.12,15.36,0,0,9.29
5.19,7.05,0,0,37.65,0,223.64,29.21,15.11,0,0,9.35
5.19,6.52,0,0,36.64,0,220.74,28.44,15.49,0,0,8.76
5,5.75,0,0,34.75,0,220.05,27.62,15.06,0,0,8.2
4.9,6.27,0,0,35.1,0,219.47,28.57,14.67,0,0,8.22
4.93,5.6,0,0,32.91,0,220.69,26.74,14.07,0,0,7.51
4.88,5.04,0,0,30.42,0,215.89,26.55,13.39,0,0,6.7
5.01,5.26,0,0,30.34,0,211,26.35,12.25,0,0,6.5
4.97,5.6,0,0,33.24,0,216.29,26.07,12.86,0,0,7
4.97,5.85,0,0,32.21,0,214.15,26.78,12.72,0,0,6.76
4.85,5.65,0,0,31.59,0,208.73,26.29,12.2,0,0,6.5
4.95,5.7,0,0,32.03,0,210.26,26.49,12.3,0,0,6.41
5.07,5.5,0,0,32.4,0,213.01,25.89,13.7,0,0,7.03
5.2,5.53,0,0,32.37,0,213.47,26.59,14.01,0,0,7.05
5.23,5.57,0,0,33.17,0,214,25.83,14.48,0,0,7.11
5.27,5.36,0,0,33.3,0,216.81,26.02,14.84,0,0,7.36
5.18,5.11,0,0,32.39,0,219.45,25.92,14.48,0,0,7.04
5.18,5.11,0,0,32.39,0,219.45,25.92,14.48,0,0,7.04
5.28,5.1,0,0,32.72,0,217.33,25.75,13.81,0,0,7.28
5.59,5.1,0,0,32.5,0,213.79,25.36,13.81,0,0,7.23
5.88,4.98,0,0,32.14,0,213.11,25.8,13.87,0,0,7.3
5.9,4.51,0,0,31.96,0,217.46,25.89,14.33,0,0,6.99
5.78,4.13,0,0,31.96,0,218.04,25.33,14.2,0,0,6.79
5.24,3.8,0,0,30.85,0,218.05,24.42,14.08,0,0,6.22
5.29,4.18,0,0,31.8,0,215.48,24.96,13.98,0,0,6.6
5.27,4.21,0,0,32.48,0,215.95,24.63,13.69,0,0,6.76
5.32,4.22,0,0,32.44,0,219.84,24.98,14.38,0,0,6.99
5.19,4.28,0,0,33.31,0,219.52,26.08,14.32,0,0,7.14
5.5,4.35,0,0,33.73,0,222.56,27.04,14.18,0,0,6.96
5.39,4.53,0,0,33.29,0,223.91,26.56,14.36,0,0,6.81
5.59,4.55,0,0,33.29,0,227.7,26.94,14.32,0,0,6.67
5.69,4.64,0,0,33.13,0,230.34,26.55,14.39,0,0,6.52
5.8,4.71,0,0,33.09,0,230.15,27.34,14.46,0,0,6.55
5.79,4.74,0,0,32.68,0,227.94,27.16,14.29,0,0,6.77
5.73,4.65,0,0,32.3,0,227.39,27.85,13.84,0,0,6.74
5.58,4.62,0,0,32.04,0,226.89,27.04,13.3,0,0,6.6
6.4,4.5,0,0,31.7,0,228.54,28.04,12.56,0,0,6.47
6.74,4.49,0,0,32.11,0,226.35,26.51,12.04,0,0,6.48
6.76,4.35,0,0,31.81,0,227.61,26.62,11.77,0,0,6.43
6.74,4.22,0,0,31.75,0,226.07,26.02,12.32,0,0,6.52
6.75,4.17,0,0,30.51,0,224.23,26.36,12.44,0,0,6.29
6.8,4.07,0,0,30.75,0,220.92,26.02,12.09,0,0,6.35
6.81,4,0,0,30.76,0,220.35,26.22,12.85,0,0,6.35
6.75,4.38,0,0,29.6,0,218.47,26.07,12.26,0,0,6.34
6.54,4.28,0,0,28.63,0,220.49,26.32,12.15,0,0,5.93
6.69,4.07,0,0,29.52,0,227.92,26.75,12.38,0,0,6.14
6.69,4.07,0,0,29.52,0,227.92,26.75,12.38,0,0,6.14
6.62,3.75,0,0,28.18,0,228.16,29.16,11.83,0,0,5.6
6.8,3.6,0,0,27.27,0,225.09,28.82,11.76,0,0,5.2
6.97,3.59,0,0,27.5,0,226.45,30.19,12.27,0,0,5.48
7.06,3.5,0,0,28.1,0,229.93,30.68,12.05,0,0,5.52
6.79,3.3,0,0,27.43,0,227.19,30.32,11.89,0,0,5.3
6.81,3.44,0,0,26.65,0,226.21,30.66,11.89,0,0,4.89
6.9,3.36,0,0,27.49,0,226.07,30.94,12.25,0,0,5.02
6.93,3.45,0,0,27.86,0,225.45,31.06,12.37,0,0,5.09
6.8,3.87,0,0,28.25,0,224.22,32.02,12.41,0,0,5.1
6.69,4.58,0,0,29.59,0,223.89,34.95,12.44,0,0,5.5
6.45,4.83,0,0,29.98,0,227.02,33.23,12.28,0,0,5.48
6.62,4.31,0,0,29.7,0,231.4,33.45,12.65,0,0,5.05
6.42,4.4,0,0,29.43,0,232.16,33.02,12.63,0,0,5.06
6.3,4.5,0,0,29.29,0,229.62,32.45,12.34,0,0,5.41
6.34,4.75,0,0,29.35,0,227.58,31.51,12.34,0,0,5.49
6.53,4.49,0,0,28.6,0,228.26,32.71,12.36,0,0,5.49
6.6,4.2,0,0,28.53,0,226.23,32.77,12.21,0,0,5.46
6.69,4.17,0,0,28.38,0,226.87,32.88,12.48,0,0,5.25
6.64,4.39,0,0,28.15,0,228.73,33.81,12.5,0,0,5.28
6.61,4.7,0,0,28.07,0,234.22,33.53,12.76,0,0,5.33
6.61,4.95,0,0,28.7,0,233.13,34.14,12.38,0,0,5.41
6.74,4.8,0,0,28.47,0,229.68,34.26,12.95,0,0,5.57
6.76,4.94,0,0,28.55,0,226.8,34.47,12.57,0,0,5.65
6.81,4.95,0,0,28.49,0,224.07,33.67,12.42,0,0,6.06
6.73,4.87,0,0,28.94,0,221.28,34.13,12.49,0,0,6.54
6.43,4.95,0,0,29.34,0,223.8,34.88,12.84,0,0,7.06
5.97,4.98,0,0,28.77,0,221.46,34.35,12.47,0,0,6.98
5.7,5.15,0,0,29.32,0,221.97,34,12.93,0,0,6.97
5.83,4.84,0,0,29.6,0,220.39,32.33,12.04,0,0,6.93
5.84,4.85,0,0,30.06,0,220.23,33.28,12.14,0,0,7.35
6.19,4.9,0,0,30.64,0,221.82,32.67,12.66,0,0,7.8
6.04,5.1,0,0,30.34,0,221.77,32.78,12.38,0,0,7.5
5.51,4.97,0,0,30.08,0,221.46,32.41,12.4,0,0,6.9
5.1,4.86,0,0,29.75,0,222.15,33.5,12.39,0,0,6.91
5.36,4.9,0,0,30.45,0,220.3,33.63,12.26,0,0,6.85
5.45,5,0,0,31.13,0,219.34,34.1,11.7,0,0,6.75
5.31,4.85,0,0,30.74,0,215.92,34.38,11.6,0,0,7.03
5.19,4.8,0,0,30.77,0,216.58,34.95,16.56,0,0,6.91
5.18,4.72,0,0,30.38,0,216.96,35.94,15.56,0,0,6.73
5.03,4.76,0,0,29.91,0,216.81,36.65,17.02,0,0,6.62
5.03,4.76,0,0,29.91,0,216.81,36.65,17.02,0,0,6.62
5.08,4.53,0,0,29.68,0,219.74,36.58,15.84,0,0,6.58
5.11,4.64,0,0,29.9,0,224.84,36.83,15.76,0,0,6.63
5.17,4.51,0,0,29.81,0,223.08,37.57,15.64,0,0,6.47
5.11,4.55,0,0,29.55,0,222.75,37.88,15.31,0,0,6.39
5.22,4.33,0,0,30.15,0,225.83,37.46,15.54,0,0,6.5
5.26,4.1,0,0,31.11,0,225.27,37.25,15.92,0,0,6.83
5.45,4.45,0,0,32.26,0,224.36,36.69,16.07,0,0,7.1
5.54,4.6,0,0,31.77,0,223.53,37.95,15.91,0,0,6.74
5.42,4.63,0,0,31.5,0,227.28,37.99,16.26,0,0,6.78
5.3,4.58,0,0,31.05,0,226.09,38.8,16.34,0,0,6.63
5.39,4.48,0,0,30.43,0,229.71,38.21,16.79,0,0,6.17
5.33,4.32,0,0,30.3,0,229.23,36.99,16.86,0,0,6.04
5.42,4.23,0,0,30.21,0,232.18,36.64,16.76,0,0,6.13
5.43,4.21,0,0,29.99,0,233.02,35.75,16.8,0,0,6.24
5.37,4.13,0,0,30.06,0,232.26,35,16.93,0,0,6.5
5.5,4.14,0,0,30.21,0,231.85,35.12,16.62,0,0,6.6
5.6,4.3,0,0,30.92,0,231.5,34.59,16.64,0,0,6.75
5.5,4.29,0,0,31.72,0,231.36,34.65,16.86,0,0,6.67
5.59,4.27,0,0,31.2,0,231.52,35.06,16.59,0,0,6.73
5.68,4.08,0,0,30.32,0,228.04,36.5,15.85,0,0,6.33
6.19,4.03,0,0,29.83,0,229.65,36.73,16.44,0,0,6.19
6.38,3.85,0,0,28.18,0,229.41,37.01,18.06,0,0,5.81
6.46,3.94,0,0,29.38,0,232.33,35.34,19.27,0,0,6.02
6.39,3.9,0,0,29.4,0,218.87,36.62,19.15,0,0,5.96
6.47,3.77,0,0,29.4,0,215.91,36.29,19.81,0,0,5.96
6.23,3.9,0,0,29.53,0,214.99,35.98,20.1,0,0,6.04
6.23,3.9,0,0,29.53,0,214.99,35.98,20.1,0,0,6.04
6.12,3.66,0,0,29.55,0,215.74,35.41,19.52,0,0,5.98
6.29,4.48,0,0,29.78,0,214.98,35.48,20,0,0,5.98
6.63,4.2,0,0,29.63,0,218.3,35.39,20.9,0,0,5.87
6.63,4.1,0,0,29.49,0,217.98,35.61,20.72,0,0,5.85
6.66,4,0,0,29.35,0,217.35,35.38,21.52,0,0,5.85
6.8,4.05,0,0,29.21,0,217.52,34.99,21.83,0,0,5.75
6.71,4.03,0,0,28.83,0,215.5,34.51,21.72,0,0,5.64
6.71,4,0,0,27.86,0,213.45,32.72,21.16,0,0,5.21
6.77,3.7,0,0,27.43,0,213.85,33.44,21.6,0,0,5.21
6.67,3.88,0,0,27.86,0,214.36,33.31,19.82,0,0,5.48
6.63,3.85,0,0,27.44,0,215.82,33.23,19.26,22.39,0,5.31
6.6,3.65,0,0,27.26,0,215.96,32.91,19.06,29.77,0,5.19
6.72,3.68,0,0,27.65,0,215,33.85,19.3,29.45,0,5.45
6.71,3.64,0,0,27.13,0,214.6,33.4,18.65,25.36,0,5.43
6.87,3.8,0,0,26.96,0,215.15,33.15,18.8,26.49,0,5.28
6.92,3.55,0,0,26.4,0,214.63,33.61,17.96,26.4,0,5
6.78,3.56,0,0,26.49,0,213.95,32.29,17.57,24.3,0,5.14
6.64,3.68,0,0,26.6,0,209.67,32.06,17.89,22.84,0,5.18
6.87,3.54,0,0,26.94,0,210.23,32.38,17.93,22.1,0,5.27
6.96,3.55,0,0,26.91,0,208.46,32.8,17.87,22.93,0,5.15
6.94,3.5,0,0,26.83,0,207.94,33.46,17.94,23.87,0,5.11
6.87,3.52,0,0,26.77,0,214.01,33.14,17.86,24.15,0,5.04
6.78,3.48,0,0,26.78,0,212.52,33.15,17.84,24.84,0,4.9
7.23,3.5,0,0,26.52,0,217.13,33.03,17.97,24.68,0,4.9
7.62,3.57,0,0,26.61,0,214.41,33.02,18.91,24.74,0,5.01
7.84,3.5,0,0,26.98,0,214.78,33.59,19.28,25.6,0,5.23
7.73,3.64,0,0,26.55,0,213.3,35.19,19.55,25.82,0,5.2
7.67,3.73,0,0,25.82,0,213.83,37.3,18.67,26.66,0,5.07
7.82,3.66,0,0,25.2,0,221.81,36.06,18.42,24.25,0,5.26
7.43,3.66,0,0,27.06,0,208.27,35.14,18.49,29.1,0,5.95
7.5,3.67,0,0,26.85,0,202.48,34.43,18.85,29.27,0,5.67
6.56,3.79,0,0,27.23,0,203.93,34.74,18.92,30.69,0,6.05
6.78,3.97,0,0,28.83,0,202.9,36.26,18.92,35.9,0,6.34
7.11,4.09,0,0,29.82,0,200.49,37.37,18.72,39.94,0,6.29
7.48,4.11,0,0,30.23,0,203.36,38.14,18.7,39,0,6.39
7.6,4.22,0,0,30.48,0,204.88,38.39,18.51,38.25,0,6.35
7.6,4.19,0,0,32.33,0,207.6,40.74,18.42,43.86,0,7.38
7.6,4.12,0,0,33.83,0,210.26,41.26,18.65,53.44,0,7.75
7.59,4.21,0,0,32.54,0,207.17,42.74,19.62,51.5,0,7.03
7.57,4.95,0,0,34.4,0,209.25,43.18,19.94,62.13,0,7.5
8.39,4.75,0,0,33.02,0,208.76,43.3,20.01,59.07,0,7.97
8.97,4.61,0,0,33.48,0,208.2,45.4,20.17,65.2,0,7.99
8.97,4.61,0,0,33.48,0,208.2,45.4,20.17,65.2,0,7.99
8.77,5.08,0,0,34.96,0,211.11,43.14,20.02,77.01,0,8.2
8.44,4.9,0,0,35.1,0,209.75,41.58,20.21,89.86,0,7.69
8.29,4.7,0,0,34.34,0,208.62,42.69,19.85,80.1,0,8.15
8.22,4.62,0,0,34.81,0,211.72,42.96,19.93,77.89,0,7.76
8.39,4.69,0,0,35.98,0,212.06,43.78,20.18,84.5,0,8.92
8.31,4.7,0,0,37.26,0,215.26,44.08,20.74,95.79,0,9.16
7.94,4.6,0,0,37.7,0,215.99,41.85,20.85,104.95,0,9.57
8.06,4.25,0,0,35.33,0,214.83,42.5,21.44,119.76,0,8.28
7.55,4.22,0,0,35.77,0,212.05,41.75,21.79,109.05,0,8.4
7.44,4.08,0,0,37.15,0,212.33,42.98,21.2,120.19,0,8.74
7.36,4.12,0,0,39.68,0,213.52,43.36,22.38,154.98,0,9.33
7.39,4.16,0,0,41.21,0,215.17,44,22.2,214.06,0,9.28
7.97,4.1,0,0,43.01,0,218.57,44.53,23.92,176.35,0,10.01
7.95,4.22,0,0,39.5,0,216.94,47.47,23.18,123,0,9.77
8.01,4.31,0,0,39.27,0,216.32,46.39,23.71,99.5,0,9.5
8.32,4.53,0,0,39.36,0,214.51,46.96,23.45,107.88,0,9.7
7.82,4.4,0,0,38.94,0,213.76,46.78,23.17,114.5,0,9.61
8.03,4.31,0,0,38.72,0,214.94,46.54,23.92,131.3,0,8.9
7.94,4.3,0,0,40.05,0,215.62,48.24,23.95,143.62,0,9.85
7.49,4.42,0,0,40.7,0,213.32,46.95,23.47,164.98,0,9.68
7.36,4.21,0,0,38.66,0,212.73,46.55,22.7,138.17,0,9.26
7.85,4.33,0,0,40.04,0,210.76,43.44,22.62,156.83,0,9.35
7.74,4.24,0,0,39.09,0,222.1,42.05,20.53,145.57,0,9.27
8.41,4.36,0,0,38.82,0,223.18,42.59,20.72,146.91,0,9.32
8.63,4.4,0,0,39.41,0,228.67,42.64,20.2,140,0,9.89
9.2,4.3,0,0,39.24,0,226.27,44.9,19.82,128.96,0,9.52
8.86,4.18,0,0,38.23,0,221.61,44.33,18.77,136.8,0,9.67
8.05,4.18,0,0,37.42,0,217.77,44.2,18.99,131.95,0,10.24
7.7,4.19,0,0,39.23,0,225.69,42.61,19.34,148.3,0,10.65
7.47,4.39,0,0,42.48,0,223.71,42.99,19.4,165.64,0,11.45
7.56,4.28,0,0,40.9,0,226.96,43.4,20.67,158.38,0,10.43
7.37,4.26,0,0,39.71,0,227.2,43.06,20.37,148.25,0,10.46
7.8,4.08,0,0,39.4,0,225.09,41.84,19.96,152.53,0,10.28
7.54,3.92,0,0,37.5,0,222.93,40.28,19.67,145.3,0,9.25
7.46,3.56,0,0,33.99,0,219.16,40.83,19.27,122.6,0,8.2
7.21,3.59,0,0,33.01,0,214.88,40.49,18.69,120.79,0,7.75
7.09,3.21,0,0,31.43,0,212.18,40.38,17.8,109.29,0,7.73
7.29,3.41,0,0,32.27,0,213.15,41.5,18.92,106.75,0,7.7
7,3.41,0,0,31.99,0,209.96,41.43,18.67,108.08,0,7.58
7.09,3.2,0,0,29.22,0,202.75,40.95,17.98,90.68,0,6.3
7.41,3.2,0,0,29.74,0,198.47,41.3,18.21,90.1,0,6.47
7.45,3.37,0,0,31.02,0,199.23,40.99,18.74,94.79,0,6.99
7.53,3.44,0,0,31.81,0,200.88,41.01,19.81,98.98,0,6.86
7.17,3.6,0,0,32.3,0,201.32,40.89,19.69,99.49,0,6.93
7.26,3.79,0,0,33.42,0,200.3,40.21,19.55,100.98,0,7.17
7.37,3.73,0,0,34.28,0,204,41.56,19.72,106.86,0,7.49
7.41,4.14,0,0,36.7,0,206.75,42.44,19.71,139.6,0,7.71
7.32,4.12,0,0,34.46,0,204.72,45.34,20.43,118.7,0,7.2
6.34,3.85,0,0,32.51,0,203.13,44.51,19.67,108.99,0,6.62
5.86,3.47,0,0,31.87,0,201.97,44.48,18.92,113.44,0,6.18
5.9,3.37,0,0,30.85,0,199.64,45.12,18.9,111.55,0,5.92
4.14,3.2,0,0,29.5,0,197.31,46.78,18.11,102.34,0,5.52
3.87,3.45,0,0,31.17,0,197.44,47.64,18.76,107.27,0,7.07
3.98,3.26,0,0,30.64,0,196.53,50.26,19.04,110.48,0,6.32
3.68,3.03,0,0,29.5,0,193.39,50.97,17.98,106.77,0,6.07
3.56,3.06,0,0,28.9,0,190.72,49.87,17.75,104,0,6.12
3.93,3.19,0,0,29.7,0,194.21,52.08,18.37,109.31,0,6.17
3.93,3.19,0,0,29.7,0,194.21,52.08,18.37,109.31,0,6.17
3.94,3.1,0,0,30.05,0,192.84,54.59,18.58,116.03,0,6.41
4.36,3.04,0,0,29.01,0,194.11,46.75,18.79,114.14,0,6.2
4.41,2.95,0,0,28.65,0,195.8,50.17,18.35,114,0,6.38
4.75,2.98,0,0,29.77,0,201.32,49.66,18.72,110.88,0,6.55
4.81,3.04,0,0,29.29,0,196.21,49.84,18.44,107.2,0,6.25
4.94,3,0,0,29.36,0,195.76,49.35,18.18,102.45,0,6.12
4.83,3,0,0,29.1,0,198.21,50.75,18.71,102.94,0,5.98
4.21,2.88,0,0,28.1,0,191.17,49.5,17.76,100.26,0,5.6
4.21,2.88,0,0,28.1,0,191.17,49.5,17.76,100.26,0,5.6
4.17,2.85,0,0,27.55,0,190.72,49.99,17.1,99,0,5.64
4.34,2.89,0,0,28.92,0,188.61,49.94,16.07,100.25,0,5.83
4.42,2.92,0,0,28.6,0,187.3,50.49,15.83,97.14,0,5.57
4.35,2.98,0,0,29.08,0,188.77,50.47,15.7,94.07,0,6
4.35,3.01,0,0,28.39,0,186.73,50.64,15.54,84.48,0,5.79
4.21,2.8,0,0,27.45,0,182.63,51.75,14.08,75.52,0,5.54
4.09,2.89,0,0,27.23,0,181.27,52.11,14.05,75.13,0,5.46
3.99,2.67,0,0,26.4,0,176.05,50.03,13.98,65.89,0,5.2
3.75,2.5,0,0,26.55,0,172.62,50.97,13.8,76.5,0,5.24
3.58,2.54,0,0,25.85,0,172.09,50.11,13.36,71,0,4.99
3.4,2.32,0,0,25.27,0,166.88,48.88,12.98,78.3,0,4.75
3.02,2.23,0,0,24.18,0,162.18,44.98,12.65,74.87,0,4.51
3.16,2.3,0,0,23.66,0,156.95,43.26,12.45,71.38,0,4.9
3.16,2.3,0,0,23.66,0,156.95,43.26,12.45,71.38,0,4.9
3.07,2.25,0,0,24.18,0,163.42,46.37,13.19,71.5,0,5
3.46,2.19,0,0,24.14,0,163.5,44.77,12.96,71.08,0,4.69
3.53,2.15,0,0,25.15,0,162.86,45.89,12.7,75.15,0,5.05
3.34,2.25,0,0,24.94,0,160.82,45.39,13,70.54,0,4.82
3.34,2.25,0,0,24.94,0,160.82,45.39,13,70.54,0,4.82
3.78,2.37,0,0,26.42,0,164.04,45.91,14.56,70.46,0,5.19
3.86,2.52,0,0,26.44,0,161.6,45.08,14.41,70,0,5.15
3.93,2.61,0,0,27.09,0,166.62,46.3,15.18,69.95,0,5.36
4.05,2.65,0,0,27.84,0,170.12,49.66,15.99,71.9,0,5.47
4.01,2.89,0,0,27.8,0,172.34,51.53,15.45,83.26,0,5.64
4.04,2.8,0,0,28.99,0,150.94,51.47,15.67,79.7,0,6.18
3.94,2.78,0,0,29.59,0,159.93,51.1,15.77,80.4,0,6.18
3.83,2.67,0,0,30.78,0,159.21,51.78,15.83,96,0,6.12
3.74,2.72,0,0,31.29,0,160.86,54.16,15.13,100.15,0,6.28
3.81,2.72,0,0,30.28,0,160.53,53.12,15.2,82.88,0,6
3.68,2.7,0,0,30.68,0,159.88,52.84,15.25,85.61,0,6.24
3.66,2.79,0,0,30.6,0,160.36,55.01,15.39,83.45,0,6.3
3.59,2.96,0,0,31.02,0,164.15,54.32,15.35,77.2,0,6.21
3.59,2.96,0,0,31.02,0,164.15,54.32,15.35,77.2,0,6.21
3.44,3.17,0,0,30.94,0,164.73,55.97,15.34,72.8,0,6.85
3.38,3.12,0,0,30.65,0,165.59,56.93,15.02,71.74,0,6.59
3.33,3.06,0,0,31.21,0,164.79,57.9,14.97,73.96,0,6.53
3.19,3.1,0,0,32,0,166.8,59.94,15.44,75.35,0,6.87
2.94,3.04,0,0,33.8,0,167.9,61.44,14.82,81.93,0,7.1
2.8,3.04,0,0,33.23,0,168.15,58.85,14.68,79.06,0,6.95
3.12,3,0,0,33.81,0,170.61,61.3,15.16,77.48,0,7
3.39,2.99,0,0,35.16,0,173.66,61.92,15.25,80.49,0,7.7
3.19,3.02,0,0,35.86,0,173.75,63.31,15.11,81.91,0,7.48
3.16,3.23,0,0,37.27,0,172.81,65.55,15.37,83.07,0,7.71
5.47,3.16,0,0,36.57,0,174.72,64.89,15.49,83.27,0,7.85
5.48,3.18,0,0,34.65,0,172.29,62.96,15.58,78.15,0,7.49
5.45,3.26,0,0,35.22,0,174.05,62.33,15.23,79.99,0,7.58
5.7,3.24,0,0,34.33,0,175.22,64.31,16.8,79.24,0,7.44
5.01,3.39,0,0,33.53,0,172.77,66.57,16.37,75.42,0,7.26
4.9,3.3,0,0,34.4,0,171.94,65.96,16.56,75.94,0,7.89
4.64,3.35,0,0,34.93,0,174.77,65.44,16.73,77.29,0,7.83
4.59,3.35,0,0,34.94,0,173.96,60.5,16.55,76.62,0,7.91
4.96,3.46,0,0,35.69,0,174.91,64.99,17.05,76.49,0,8.14
4.96,3.46,0,0,35.69,0,174.91,64.99,17.05,76.49,0,8.14
4.53,3.45,0,0,35.63,0,174.72,65.36,16.9,77.03,0,8.65
4.47,3.38,0,0,36.23,0,166.98,64.92,16.54,81.1,0,8.77
4.63,3.35,0,0,36.11,0,165.65,68.6,16.64,79.2,0,9.32
4.93,3.29,0,0,36.54,0,169.06,72.99,16.95,79.07,0,9.6
4.9,3.13,0,0,36.13,0,167.15,78.17,17.14,77.39,0,9.06
4.6,3.01,0,0,36.83,0,169.41,78.21,16.91,78.8,0,9.21
4.66,2.88,0,0,37.08,0,169.25,79.48,17.39,79.3,0,9.26
4.74,2.77,0,0,37.09,0,169.16,78.99,17.05,81.31,0,9.13
4.65,2.7,0,0,37.12,0,171.94,78.06,17.22,79.51,0,9.43
4.8,2.58,0,0,36.65,0,170.63,76.91,17.13,77.25,0,9.02
4.72,2.72,0,0,37.28,0,167.47,75.31,16.64,76.89,0,8.96
4.56,2.6,0,0,36.67,0,166.06,71.35,16.1,75.86,0,8.95
4.37,2.63,0,0,35.63,0,167.64,69.35,16.35,69.72,0,8.31
4.27,2.76,0,0,35.68,0,166.19,69.25,16.6,70,0,8.3
4.4,2.89,0,0,36.32,0,168.33,73.3,17.13,70,0,8.82
4.66,2.88,0,0,36.57,0,168.81,75.53,17.43,72.15,0,8.74
4.4,2.93,0,0,36.9,0,170.66,77.87,19.48,71.8,0,8.9
4.15,2.9,0,0,36.8,0,170.61,77.74,18.95,72.29,0,8.77
3.93,3.06,0,0,37.35,0,170.45,80.29,18.37,72.5,0,8.88
3.81,3.22,0,0,38.34,0,171.08,86.21,19.06,72.24,0,9.5
3.88,3.08,0,0,38.74,0,167.33,89.87,19.52,69.79,0,9.81
3.1,3.19,0,0,38.37,0,164.6,88.36,19.37,70.73,0,9.72
2.78,3.07,0,0,38.44,0,169.39,90.08,19.64,70.25,0,9.96
2.26,3.02,0,0,36.83,0,169.53,87.75,18.3,67.16,0,9.63
2.09,2.99,0,0,37.05,0,168.04,85.48,18.25,67.78,0,9.45
1.88,2.96,0,0,37.3,0,171.71,89.02,18.99,66.95,0,9.79
2.34,2.95,0,0,36.14,0,170.12,87,18.79,64.85,0,10.04
2.1,2.9,0,0,36.05,0,172.5,84.69,19.1,65.94,0,8.11
2.09,3.02,0,0,36.37,0,175.33,81.69,19.62,65.52,0,7.76
2.07,3,0,0,36.63,0,177.59,79.94,19.59,63.01,0,8.01
2.13,3.01,0,0,36.38,0,176.71,76.9,19.61,63.73,0,7.72
2.5,3.11,0,0,35.96,0,179.69,76.98,19.78,63.38,0,7.47
2.9,3.01,0,0,35.92,0,191.45,80.18,19.6,61.09,0,7.36
2.77,3.02,0,0,36.3,0,193.3,82.58,19.67,59.54,0,7.62
2.99,2.99,0,0,35.87,0,192.34,83.43,20.17,56.68,0,7.76
3.55,2.99,0,0,35.27,0,190.89,81.99,20.46,56.42,0,7.4
3.75,3,0,0,35.9,0,190.1,85.02,20.34,57.05,0,7.47
2.89,3,0,0,34.99,0,191.17,84.03,19.47,53.52,0,7.03
2.87,3.01,0,0,35.09,0,190.53,84.7,18.73,52.91,0,7.17
3.45,2.99,0,0,33.9,0,190.92,83.35,19.44,49.24,0,6.87
3.95,3,0,0,34.14,0,190.01,81.74,19.28,50.16,0,6.84
4.18,2.99,0,0,34.09,0,191.58,80.38,18.07,50.68,0,7.27
5.02,2.99,24.93,0,33.88,0,198.8,80.74,18.14,48.97,0,7.11
5.02,2.99,24.93,0,33.88,0,198.8,80.74,18.14,48.97,0,7.11
4.93,2.85,25.44,0,34.91,0,205.46,80.62,17.7,51.82,0,7.35
5.12,2.93,25.51,0,34.85,0,207.48,83.92,18.91,50.26,0,7.26
5.09,2.87,25.8,0,34.94,0,210.14,84.23,19.04,51.3,0,7.56
4.86,2.8,25.54,0,34.62,0,212.16,86.6,19.4,51.27,0,7.52
4.75,2.9,25.68,0,35.31,0,212.16,86.85,19.35,53.15,0,7.3
4.67,2.72,26.24,0,35.9,0,212.54,86.91,19.47,52.73,0,7.2
4.48,2.69,26.02,0,35.66,0,211.67,85.14,19.08,51.33,0,6.76
4.05,2.74,25.59,0,35.48,0,212.09,85.72,18.94,51.95,0,6.44
4.44,2.65,24.71,0,34.86,0,209.12,84.54,19.56,50.23,0,5.59
5.04,2.6,25.12,0,35.43,0,211.4,86.21,19.75,50.22,0,6.05
4.86,2.72,25.29,0,35.51,0,210.41,84.06,20.15,49.79,0,5.98
4.9,3.24,24.56,0,34.76,0,207.87,79.49,19,47.22,0,5.77
4.78,3.12,24.64,0,34.67,0,207.19,80.49,19.13,46.05,0,5.85
4.56,3.03,24.18,0,34.02,0,201.89,79.6,19.28,46.4,0,5.6
4.54,3.02,24.91,0,34.3,0,203.23,81.23,18.81,49.85,0,6
4.25,3.07,23.94,0,32.52,0,201.06,79.99,17.68,46.47,0,5.73
4.27,3.2,24.61,0,33.29,0,205.33,82.14,18.23,48.74,0,6.08
4.39,3.36,25,0,33.85,0,204.99,86.44,18.71,48.9,0,6.21
4.33,3.56,25.18,0,33.88,0,206.8,89.01,19.16,47.59,0,6.08
4.24,3.42,24.93,0,33.67,0,204.79,88.86,19.03,45.66,0,5.98
4.09,3.65,24.65,0,33.25,0,203.05,83.71,18.21,44.18,0,5.83
4.12,3.39,25.01,0,33.89,0,205,85.24,19,44.58,0,5.88
4.24,3.38,25.14,0,34.07,0,204.97,87.41,18.95,46.24,0,5.9
4.21,3.31,24.26,0,33.03,0,206.21,86.61,18.43,44.79,0,5.69
4.02,3.3,24.76,0,33.45,0,198.68,87.29,18.05,43.88,0,5.72
4.02,3.3,24.76,0,33.45,0,198.68,87.29,18.05,43.88,0,5.72
3.75,3.16,24.8,0,33.23,0,194.24,86.48,17.98,42.76,0,5.88
3.74,3.17,24.36,0,32.44,0,188.9,81.7,21.57,40.84,0,5.61
3.55,3.25,24.11,0,31.82,0,187.29,84.06,21.39,39.12,0,5.48
3.39,3.06,23.25,0,30.97,0,176.45,84.03,20.56,38.01,0,5.27
3.57,3.03,22.46,0,30.12,0,177.23,84.12,20.23,34.66,0,5.17
3.72,3.06,23.53,0,31.62,0,184.44,84.7,20.47,36.5,0,5.3
3.68,3.09,23.31,0,31.6,0,187,92.01,20.44,35.59,0,5.24
3.62,3.05,23.06,0,31.48,0,184.16,92.66,20.07,35.7,0,5.21
3.66,3.05,23.77,0,32.08,0,188.4,95.19,20.04,38.8,0,5.25
4.1,3.08,24.19,0,32.94,0,191.96,98.49,20.3,43.14,0,5.37
4.1,3.09,23.7,0,32.55,0,194.96,94.58,19.8,40.49,0,5.31
3.95,3.09,23.7,0,32.48,0,189.32,98.46,19.63,41.82,0,5.24
4.1,3.06,23.15,0,31.95,0,189.34,100.91,19.96,40.7,0,5
3.93,3.02,22.7,0,31.17,0,187.63,108.48,19.37,39.01,0,5
3.96,3.1,22.84,0,31.53,0,187.23,115.89,19.84,40.41,0,5
4.13,3.12,23.03,0,31.55,0,181.97,119.6,19.83,41.05,0,4.93
4.12,3.1,23.11,0,31.98,0,184.32,125.31,19.73,45.47,0,5.37
3.98,3.06,23.56,0,32.53,0,185.74,134.71,20.27,49.71,0,5.21
3.67,3.06,22.91,0,31.98,0,183.73,117.52,20.64,50.45,0,5.09
3.55,3.01,22.6,0,31.69,0,181.26,124.39,19.57,48.03,0,5.17
3.22,3.04,22.17,0,31.19,0,183.9,130.97,19.73,46.81,0,5.02
3.34,3.26,22.4,0,31.3,0,185.02,125.21,20.1,47.2,0,4.97
3.43,3.32,22.85,0,31.7,0,188.21,119.69,21.15,46.35,0,4.98
3.56,3.3,22.99,0,31.68,0,196.94,123.56,21.5,46.56,0,5.02
3.65,3.37,23.26,0,32.1,0,196.09,125.02,22.37,49.3,0,5.12
3.51,3.38,22.89,0,31.62,0,198.66,120.52,22.25,47.39,0,4.97
3.47,3.36,23.15,0,31.83,0,199.9,128.68,22.08,47.74,0,5.08
3.47,3.36,23.15,0,31.83,0,199.9,128.68,22.08,47.74,0,5.08
3.43,3.18,23.13,0,31.74,0,197.49,130.16,21.81,46.98,0,4.94
3.33,3.13,22.69,0,31.26,0,200.1,124.62,21.52,45.45,0,3.83
3.35,3.12,22.52,0,31.24,0,198.04,132.29,22,45.15,0,3.6
3.21,3.39,22.29,0,30.9,0,200.79,132.31,22.44,45.93,0,3.16
3.08,3.49,21.95,0,30.66,0,197.67,137.62,22.71,45.19,0,3.11
3.14,3.35,21,0,29.46,0,199.6,126.08,24.28,43.34,0,2.58
3.12,3.5,21.6,0,30.01,0,198.59,127.42,25.42,44.22,0,3.06
3.08,3.4,21.64,0,30.12,0,197.88,128.47,26.07,44.41,0,2.75
2.95,3.71,21.9,0,30.42,0,199.38,125.68,26.91,44.25,0,2.86
2.92,3.95,21.74,0,30.18,0,202.6,123.6,25.34,43.41,0,2.93
3.01,4.14,21.5,0,29.83,0,201.57,123.32,25.91,43.59,0,2.77
3.09,4.03,20.97,0,29.48,0,201.17,113.15,25.86,42.2,0,2.73
3,3.95,20.42,24.31,29.18,0,202.29,102.98,25.48,42.97,0,2.62
3.07,4.11,20.2,24.13,28.9,0,204.09,104.92,26.27,42.98,0,2.04
2.97,4.36,19.75,23.91,28.41,0,203.01,105.39,22.75,41.83,0,1.95
2.82,4.48,20.19,24.04,28.62,0,203.92,107.73,23.04,42.09,0,2.28
2.82,4.23,20.08,23.72,28.18,0,199,106.95,22.88,40.64,0,2.18
2.96,4.22,20.21,23.9,28.19,0,200.95,108.9,23.75,40.76,0,2.15
3.09,4.45,20.13,23.81,28.08,0,196.82,105.67,23.94,40.82,0,2.35
2.93,4.49,19.7,23.38,27.02,0,193.6,101.84,22.89,40.35,8.48,2.18
2.83,4.52,20.65,24.58,28.33,0,192.74,102.71,22.63,43.24,10.45,2.27
2.82,4.41,20.28,24.12,27.5,0,186.69,98.97,22.33,42.29,11.7,2.17
2.83,4.73,20.49,24.6,28.24,0,187.19,103.44,22.22,42.53,13,2.19
2.87,4.65,20.45,24.57,28.49,0,188.16,105.96,22.63,41.93,12.85,2.17
3.63,4.9,20.62,24.75,28.71,0,193.26,104,24.04,43.89,12.3,2.25
3.59,5.1,20.51,24.4,28.55,0,194.15,102.5,23.37,42.57,11.5,3.17
3.9,4.93,20.17,24.11,28.23,0,193.05,99.61,23.03,42.46,10.44,2.32
3.87,4.95,21.11,24.93,28.92,0,196.53,107.41,23.4,46.02,10.39,2.23
3.59,4.72,20.03,23.82,27.12,0,193.36,103.3,23.03,39.04,11.08,2.12
3.44,4.74,18.84,22.44,25.71,0,194.4,102.56,22.63,35.12,11.08,1.98
3.67,4.58,19.33,22.94,26.25,0,198.79,106.1,23.35,31.31,10.54,2.1
4.41,4.6,19.25,22.78,25.98,0,201.8,110.2,23.78,29.93,10.45,2.02
4.22,4.54,19.18,22.79,25.8,0,202.48,112.74,23.73,29.3,10,1.96
4.32,4.72,19.23,22.64,26.01,0,202.85,112.69,24.25,32.34,10.01,1.86
4.06,4.83,18.77,22.04,25.41,0,201.66,106.34,23.99,29.01,9.62,1.93
4.05,5.03,18.11,21.44,24.78,0,198.51,101.5,22.93,28.29,9.64,1.85
3.97,5.33,18,21.26,24.7,0,202.44,102.67,22.96,28.2,9.53,1.77
3.71,5.15,17.39,20.31,23.8,0,198.19,101.06,22.52,26.49,8.95,1.69
3.67,5.28,17.82,20.79,24.04,0,201.83,102.37,23,27.2,8.75,1.67
3.73,5.35,17.91,20.8,24.26,0,204.63,101.66,23.74,26.74,7.86,1.79
3.78,5.42,17.57,20.59,24.01,0,204.35,89.16,23.44,25.67,7.96,1.74
3.78,5.42,17.57,20.59,24.01,0,204.35,89.16,23.44,25.67,7.96,1.74
3.8,5.68,18.06,20.95,24.65,0,208.35,90.79,22.59,30.1,8.21,1.64
3.97,5.47,18.1,20.95,24.28,0,210.18,85.15,22.97,30,7.85,1.65
4.1,5.23,18.49,21.71,25.33,0,204.93,88.25,23.63,32.08,8.03,1.76
4.15,5.2,18.84,22.17,25.73,0,204.75,83.3,23.55,32.06,7.7,1.78
4.28,4.94,18.48,21.66,25.02,0,206.75,86.04,22.82,30.15,7.71,1.65
4.56,5.09,18.78,21.99,25.49,0,208.18,85.9,23.56,31.13,8.02,1.68
4.81,5.1,18.92,22.09,25.71,0,206.77,90.87,23.88,30.71,8.67,1.66
4.72,5,18.38,21.62,25.08,0,203.97,88.39,23.01,30.57,8.65,1.61
4.8,5.05,18.49,21.78,25.22,0,204.07,91.33,23.3,31.65,8.75,1.61
4.79,5,18.17,21.36,24.59,0,203.84,91.07,23.71,30.79,8.79,1.5
4.56,4.97,17.98,21.14,24.06,0,205.75,94.93,23.73,30.5,8.77,1.29
4.41,5.1,17.85,20.91,24,0,207.33,95.4,23.22,30.48,8.52,1.27
4.38,5.09,17.51,20.45,23.58,0,207.34,97.34,22.94,29.96,7.5,1.37
4.39,4.95,17.28,20.28,23.19,23.91,205.1,95.21,22.16,29,7.07,1.31
4.55,4.9,17.12,20.08,22.99,23.76,205.77,95.53,22.01,28.19,6.7,1.29
4.55,4.62,16.17,19.31,21.94,22.71,205.04,89.79,20.03,26.73,6.19,1.18
4.79,4.33,15.62,19.12,22.09,22.4,204,91.39,20.03,26.6,5.61,1.13
4.74,4.2,15.57,19.05,21.99,22.63,206.07,95.1,18.85,26.71,4.45,1.2
4.76,4.38,15.28,18.56,21.46,21.97,206,95.74,18.64,25.94,4.11,1.2
4.76,4.25,14.56,17.99,20.76,20.93,207.28,92.37,18.28,24.74,4.8,1.12
4.69,4.31,14,17.27,20.26,20,209.41,88.57,17.9,24.18,4.88,1.12
4.57,4.18,14.45,17.35,20.27,20.15,206.79,90.77,18.66,24.05,4.66,1.07
4.35,4.05,14.93,17.97,21.03,20.9,194.26,89.92,19.07,24.88,4.97,1.11
4.4,4.1,14.87,17.96,20.88,20.82,193.74,91.28,19.32,24.06,4.67,1.09
4.31,4,14.55,17.53,20.39,20.26,188.74,89.38,19.04,24.26,4.52,1.08
4,3.9,14.22,17.2,20.04,20,189.52,86.46,18.32,23.94,4.4,1.04
3.6,3.85,14.05,17.14,19.85,19.72,191.46,86.15,18.03,23.87,5.22,1.04
3.46,3.59,13.1,15.97,18.67,18,192.71,76.96,18.62,20.65,4.54,0.9
3.65,3.75,13.23,16.02,18.65,17.85,193.08,78.77,18.84,20.96,4.46,0.92
3.53,3.52,13.1,15.93,18.41,17.77,192.97,77.81,18.86,20.66,4.41,1.04
3.46,3.94,13.8,16.62,19.62,18.74,196.76,78.21,19.38,22.12,4.48,1.38
3.46,3.84,13.55,16.41,19.35,18.35,198.48,77,19.34,21.73,4.1,1.32
3.76,3.97,14.14,16.95,20.06,19.14,197.29,76.53,19.69,22.49,4.2,1.37
3.61,4,13.81,16.6,19.61,18.62,197.02,72.54,19.13,21.37,4.1,1.32
3.8,3.95,13.88,16.63,19.92,18.79,194.58,73.6,19.44,22.44,3.91,1.36
3.71,3.97,13.66,16.52,19.83,18.4,196.81,72.12,19.33,22.15,3.82,1.33
3.73,3.9,13.98,16.87,20.22,18.97,197.54,71.54,19.56,22.63,4.08,1.31
3.71,3.85,13.97,16.95,20.45,19.21,196.69,72.5,19.88,24.38,3.9,1.33
3.69,3.86,14.07,17.06,20.48,19.34,195.84,71.85,20.06,23.67,3.94,1.22
3.69,4.21,14.02,16.8,20.15,19.07,192.92,67.69,20.25,23.09,3.8,1.15
3.7,4.13,13.46,16.18,19.56,18.3,192.98,69.05,20.36,22.15,3.53,1.08
3.42,4.04,13.37,16.05,19.43,18.12,191.54,72.64,20.35,22.21,3.37,1.09
3.32,4.05,13.28,15.88,19.39,17.95,190.33,76,20.76,22.31,3.25,1.13
3.63,4.18,13.35,16.08,19.6,18.14,191,75.54,21.15,21.62,3.19,1.2
4.02,4.15,13.25,15.87,19.59,17.95,193.92,75.89,20.38,22.1,2.97,1.26
4.18,4.16,13.27,16.03,19.64,18.09,191.72,77.13,20.74,22.43,2.93,1.18
3.96,4.12,13.11,15.78,19.25,17.82,193.21,72.6,19.41,22.89,3.21,1.12
3.98,4.42,13.02,15.59,18.82,17.48,190.28,79.83,20.68,22.24,3.51,1.03
4.52,4.77,13.72,16.32,19.64,18.27,187.56,85.22,21.18,23.42,3.8,1.04
4.44,4.6,13.4,15.83,19.15,17.8,184.52,81.64,21.27,21.92,3.88,1.04
4.18,4.43,12.89,15.34,18.56,17.14,183.83,80.03,21.69,21.57,3.81,0.98
3.71,4.18,12.43,14.86,18.01,16.36,184.01,81.98,21.43,20.93,3.61,0.97
3.89,3.81,12.06,14.16,17.19,15.61,182.86,82.55,21.44,19.81,3.26,0.89
3.86,4.06,12.08,13.93,16.8,14.95,179.65,85.48,21.16,19.93,3.13,0.87
3.76,4.02,11.7,13.26,16.07,14.01,174.89,82.84,21.17,19.91,2.81,0.8
3.71,3.88,11.95,13.7,16.63,14.67,180.96,82.75,22.4,19.98,2.88,0.84
3.77,4.02,12.54,14.21,17.18,15.57,185.86,80,22.55,20.92,2.78,0.9
3.72,4.22,13.25,15.23,18.58,17.12,186.63,79.85,23.32,22.43,3.22,0.96
3.75,4.25,12.67,14.56,17.55,16,181.22,77.93,24.07,21.33,2.98,0.9
3.9,4.5,12.42,14.36,17.28,15.51,183.57,77.97,24.45,20.79,2.74,0.91
3.94,4.73,12.23,14.24,16.98,15.05,184.06,78.03,24.55,20.05,2.65,0.84
4,4.69,12.46,14.38,17.27,15.31,185.75,77.04,25.94,20.24,2.55,0.83
4,4.69,12.46,14.38,17.27,15.31,185.75,77.04,25.94,20.24,2.55,0.83
4.02,4.85,12.53,14.39,17.26,15.36,186.06,77.41,25.98,19.84,2.42,0.8
3.9,4.35,12.17,13.99,16.92,15.04,186.08,77.5,25.88,19.01,2.37,0.77
3.94,4.01,12.1,13.82,17.05,15.25,184.49,78.09,16.93,19.55,2.3,0.78
3.65,4.07,11.97,13.68,16.86,15.09,184.29,76.32,17.03,18.76,2.16,0.78
3.4,3.92,11.76,13.51,16.84,14.92,182.46,72.54,16.13,18.39,2.09,0.79
3.24,4.01,11.83,13.4,16.84,14.83,183.65,73.09,16.75,18.2,1.95,0.84
3.15,4.03,12.02,13.57,17.4,15.43,181.27,72.82,16.26,19.2,2.29,0.91
3.34,4.38,11.91,13.36,17.07,15.18,180.93,74.1,16.87,18.55,2.08,0.84
3.24,4.58,11.75,13.19,16.97,15.01,181.62,73.42,16.35,18.2,2.23,0.82
3.5,4.49,12.06,13.61,17.46,15.53,179.79,73.65,16.4,18.93,2.43,0.84
3.26,4.39,12.06,13.63,17.49,15.65,182.06,74.01,16.57,18.6,2.52,0.84
3.36,4.32,12.07,13.62,17.52,15.62,182.89,74,17.02,18.21,2.53,0.86
3.44,4.31,11.71,13.34,17.26,15.19,183.12,73.43,17,17.84,2.55,0.87
3.37,4.32,11.43,12.97,16.88,14.77,183.68,74,16.37,17.16,2.29,0.85
3.24,4.34,11.57,13.16,17.05,14.98,185.82,73.81,16.46,17.31,2.4,0.84
3.34,4.26,11.57,13.11,17.09,14.97,188.9,70.97,16.74,17.31,2.32,0.84
3.24,4.29,11.54,12.98,16.94,14.7,188.04,75.26,16.99,17.03,2.37,0.82
3.19,4.27,11.65,13.16,17.14,14.87,186.83,76,16.98,17.2,2.39,0.82
3.19,4.27,11.65,13.16,17.14,14.87,186.83,76,16.98,17.2,2.39,0.82
3.25,4.29,11.7,12.98,16.73,14.59,189.66,78.35,16.51,16.55,2.39,0.82
3.27,4.23,11.39,12.89,16.7,14.48,189.23,75.34,16.61,16.27,2.27,0.81
3.17,4.13,11.25,12.62,16.21,13.89,188.37,73.44,16.41,15.72,2.48,0.87
3.09,4.1,11.97,13.3,17.12,15.01,189.75,75.87,16.11,17.13,3.01,0.93
3.09,4.1,11.97,13.3,17.12,15.01,189.75,75.87,16.11,17.13,3.01,0.93
3.07,4.21,11.9,13.22,16.9,14.93,188.3,73.63,15.44,16.4,3.03,0.96
3.15,4.24,11.87,13.1,16.73,14.74,189.53,75.11,15.06,16.01,2.89,1.09
3.2,4.15,11.55,12.8,16.45,14.4,190.4,77.53,15.19,15.5,2.97,1.19
3.12,4.02,11.25,12.54,16.24,14.02,183.6,76.33,15.02,15.33,2.84,1.05
3.05,4.29,11.3,12.51,16.39,14.01,190.29,77.02,15.01,15.8,2.71,1.05
2.94,4.38,11.5,12.76,16.74,14.4,193.59,78.46,15.37,15.83,3,1.06
2.95,4.36,11.45,12.62,16.44,14.1,188.38,80.3,15.71,15.55,2.75,1.06
2.85,4.44,11.86,13.24,17.34,15.01,188.44,83.65,15.86,17.37,2.9,1.06
2.9,4.62,12.02,13.37,17.79,15.41,190.83,84.33,16.18,21.22,2.87,1.11
2.97,4.91,12.75,14.33,18.75,16.9,190.85,82.72,16.8,21.36,3.37,1.17
3.09,4.61,12.88,14.37,18.69,16.81,190.86,83,16.89,20.43,3.27,1.17
2.97,4.62,12.92,14.44,18.75,16.89,189.95,82.5,17.3,20.97,3.46,1.18
2.97,4.62,12.92,14.44,18.75,16.89,189.95,82.5,17.3,20.97,3.46,1.18
3.03,4.54,12.6,14.11,18.29,16.44,190.23,81.52,16.87,21.09,3.35,1.17
2.85,4.69,12.6,14.08,18.27,16.54,191.94,81.68,16.29,20.85,3.09,1.14
2.91,4.37,12.47,14,18.28,16.5,193.97,79.45,16.34,21.17,2.83,1.11
2.84,4.25,12.01,13.42,17.43,15.56,191.56,80.76,16.05,19.75,2.63,1.06
2.62,4.56,11.75,12.96,16.85,14.88,190.9,84.97,16.11,18.56,2.52,1.08
2.69,4.63,12.01,13.45,17.29,15.38,192.75,92.4,16.21,19.53,2.64,1.13
2.6,4.92,11.99,13.28,17.12,15.17,192.58,94.09,16.17,18.93,2.58,1.12
2.65,5.03,11.86,12.99,16.91,14.81,190.79,93.49,16,19.22,1.51,1.08
2.56,4.76,11.62,12.63,16.54,14.3,188.3,89.5,16.1,17.54,1.2,1.07
2.86,4.95,11.56,12.66,16.66,14.36,189.12,92.41,16.31,17.26,1.35,1.04
2.92,4.86,11.74,12.9,16.96,14.75,192.89,94.98,16.68,18.15,1.45,1.04
3.32,4.94,11.7,12.74,16.72,14.57,197.14,95.18,16.97,17.59,1.31,1.02
3.15,5.24,11.62,12.6,16.43,14.14,199.8,95.22,17.29,17.78,1.29,1
3.32,5.95,11.29,12.32,16.09,13.78,200.34,92.52,17.15,16.91,1.21,0.94
3.36,5.73,11.09,12.15,15.83,13.4,200.07,92.06,17.43,16.01,1.14,0.9
3.6,5.89,11.19,12.35,16.04,13.69,199.94,92.58,17.28,16.86,1.19,0.89
3.85,5.85,10.94,12.16,15.74,13.28,198.72,92.85,17.49,16.33,1.17,0.81
3.81,5.75,10.95,12.11,15.84,13.22,201.19,94.44,17.25,16.13,1.18,0.81
3.75,6.34,11.45,12.65,16.43,13.92,203.83,98.96,17.78,17.39,1.35,0.84
3.75,6.34,11.45,12.65,16.43,13.92,203.83,98.96,17.78,17.39,1.35,0.84
3.41,6.27,11.47,12.53,16.38,13.82,203.82,102.31,17.18,17.1,1.34,0.85
3.33,6.54,11.44,12.56,16.53,13.87,206.64,105.82,17.18,18.51,1.35,0.82
3.11,6.41,11.48,12.69,16.69,14.06,208.34,107,17.2,19.24,1.4,0.84
3.3,6.22,11.32,12.45,16.48,13.81,207.4,105.58,17.23,19.37,1.53,0.83
3.29,5.47,10.83,11.81,15.58,13.04,201.54,102.29,16.36,17.29,1.57,0.8
3.18,5.19,10.4,11.38,15.02,12.52,195.29,96.54,15.99,16.57,1.49,0.76
3.13,5.34,10.19,11.23,14.94,12.28,190.97,96.12,15.86,15.89,1.46,0.75
2.94,4.96,9.61,10.66,14.18,11.6,175.66,94.98,15.35,14.54,1.43,0.67
3.18,5.53,9.7,10.79,13.91,11.41,172.38,91.94,15.03,14.43,1.42,0.64
3.47,5.42,9.83,10.8,14.21,11.5,177.22,97.95,15.56,15.35,1.48,0.67
3.29,5.43,9.51,10.42,13.73,11.13,177.59,95.45,14.84,13.02,1.48,0.65
3.67,5.29,9.88,10.79,14.34,11.6,185.96,98.13,15.94,12.51,1.65,0.67
3.56,4.8,9.51,10.33,13.74,11.04,182.77,96.15,16,11.2,1.45,0.64
3.6,4.71,9.1,9.91,13.1,10.47,179.07,93.75,15.28,10.02,1.33,0.6
3.06,3.92,8.08,8.82,11.75,9.32,164.24,83.14,13.81,7.67,1.22,0.47
3.08,4.39,8.38,9.16,12.14,9.58,165.32,85.92,13.98,7.84,1.06,0.52
2.96,3.89,7.77,8.54,11.34,9,155.07,76.96,13.43,7.09,0.91,0.51
2.66,3.63,6.64,7.44,9.92,7.68,131.43,65.69,11.04,5.95,0.81,0.47
1.84,3.63,6.95,7.8,10.34,7.66,132.98,71.53,11.53,4.03,0.74,0.48
1.57,2.94,6.39,7.18,9.54,7.03,124.75,56.89,9.89,3.05,0.68,0.44
2.15,3.18,6.48,7.41,9.95,7.3,124.45,59,11.23,2.9,0.67,0.45
2.01,2.87,6,6.84,9.1,6.74,121.25,46.51,9.12,2.47,0.61,0.4
2.39,3,6.28,7.22,9.65,7.28,123.06,51.64,10.48,3.85,0.7,0.42
2.23,3.01,6.55,7.47,9.72,7.5,119.7,59.78,10.52,3.65,0.79,0.46
1.94,3.24,6.76,7.51,9.6,7.74,105.64,60.58,11.06,3.85,0.75,0.49
2.15,3.58,7.32,8.06,10.41,8.27,123.82,66.32,12.21,4.02,0.79,0.51
2.01,3.81,7.62,8.55,11,8.75,126.61,74.16,12.55,5.04,0.82,0.67
2.19,4.4,8.23,9.25,12.11,9.79,140.69,84.09,13.34,7.9,1.05,0.74
2.28,4.35,8.12,9.19,12.13,9.88,144.88,80.77,12.6,9.1,1.04,0.7
2.46,4,7.84,8.87,11.55,9.22,146.44,80.12,13.26,6.61,0.95,0.64
2.56,3.81,7.73,8.76,11.4,9.12,143.36,75.93,13.21,6.88,0.64,0.64
2.17,3.36,7.17,8.21,10.56,8.5,136.88,69.05,12.39,5.9,0.57,0.64
2.3,3.36,7.3,8.33,10.77,8.58,131.22,68.92,12.7,6.1,0.49,0.64
2.23,3.2,7.17,8.1,10.44,8.26,132.17,66.59,12.82,5.54,0.47,0.64
2.56,3.36,7.43,8.52,10.96,8.63,142.26,70.92,13.4,5.96,0.53,0.64
2.51,3.34,7.53,8.57,11,8.7,149.59,70.13,13.36,6.37,0.52,0.64
2.46,3.71,7.66,8.89,11.31,8.82,157.77,69.15,14.09,6.98,0.56,0.64
2.47,3.78,7.8,8.93,11.45,8.88,166.24,75.52,13.72,6.78,0.62,0.64
2.47,3.78,7.8,8.93,11.45,8.88,166.24,75.52,13.72,6.78,0.62,0.64
2.33,4.15,7.94,9.12,11.45,8.96,157.63,72.94,14.17,6.57,0.59,0.64
2.38,4.31,8.03,9.29,11.65,9.2,167.83,76.45,14.58,7.04,0.59,0.64
2.4,4.24,7.79,9.21,11.37,9.07,162.36,71.22,13.93,6.79,0.58,0.1
2.25,4.25,7.71,9,11.12,8.8,162.15,73.17,14.1,6.37,0.53,0.04
2.27,4.21,7.94,9.36,11.52,9.08,162.7,73.44,14.66,6.5,0.56,0.03
2.35,4.24,8.02,9.39,11.55,9.11,156.62,71.73,14.82,6.76,0.58,0.07
2.38,4.18,8,9.27,11.29,9.02,153.02,71.3,15.42,6.76,0.54,0.11
2.67,4.18,8.06,9.28,11.44,9.01,155.22,71.62,15.71,6.8,0.52,0.15
2.47,4.15,8.23,9.46,11.5,9.07,153.05,73.04,15.68,6.82,0.53,0.23
2.68,4.35,8.43,9.63,11.9,9.38,158.83,74.14,15.84,8.07,0.5,0.38
2.85,4.57,8.81,10.05,12.38,9.94,163.15,76.7,16.17,8.4,0.49,0.57
2.9,4.63,8.71,9.89,12.26,9.73,167.43,77,15.58,8.05,0.5,0.48
2.84,4.79,8.87,10.07,12.44,9.88,169.42,80.24,15.88,8.11,0.5,0.46
2.7,4.7,8.65,9.78,12.06,9.57,164.69,78.46,14.82,8.05,0.57,0.37
2.49,4.56,8.32,9.4,11.55,9.16,161.57,75.13,14.24,7.24,0.64,0.31
2.4,4.81,8.57,9.64,11.95,9.41,163.75,76.39,14.53,7.65,0.58,0.29
2.41,4.9,8.62,9.68,11.85,9.41,163.01,77.07,14.63,7.39,0.55,0.35
2.34,4.56,8.56,9.68,11.77,9.46,165.48,78.11,14.99,7.41,0.56,0.32
2.52,4.57,8.65,9.69,11.82,9.52,164.77,76.04,14.76,7.61,0.52,0.3
2.68,4.82,8.76,9.71,11.81,9.43,166.06,75.51,14.17,7.78,0.51,0.3
3.49,5.02,8.75,9.73,11.7,9.32,163.3,73.48,15.78,8.08,0.5,0.29
3.27,4.63,8.72,9.64,11.55,9.11,160.52,74.33,15.13,7.47,0.49,0.28
3.22,4.67,8.39,9.14,10.96,8.53,155.32,70.78,14.14,7.19,0.39,0.28
3.14,5.45,8.56,9.38,11.1,8.6,157.96,71.88,15.08,7.17,0.39,0.26
3.43,5.36,9.02,9.87,11.99,9.74,158.49,74.02,15.04,7.77,0.55,0.26
3.51,5.55,9.77,10.3,12.94,11.08,168.51,76.23,15.07,7.96,0.61,0.25
3.54,5.92,9.75,10.5,12.66,10.83,168.9,77.78,15.24,8.16,0.58,0.25
3.61,5.91,9.87,10.62,12.7,10.56,172.47,79.21,16,8.05,0.55,0.24
3.65,6,10.23,11.08,13.47,11.55,171,80.5,15.93,9.65,0.6,0.25
3.52,6.66,10.83,11.72,14.03,12.2,172.31,82.88,16.46,10.26,0.85,0.25
3.52,6.66,10.83,11.72,14.03,12.2,172.31,82.88,16.46,10.26,0.85,0.25
3.56,6.43,11.17,12.03,14.28,12.75,176.41,85,16.31,10.81,0.91,0.23
3.36,6.83,11.02,11.9,14.25,12.33,179.38,84.25,16.07,10.65,0.86,0.24
3.17,6.5,11.05,12.01,14.38,12.42,175.44,85.78,16.24,10.39,0.88,0.24
3.73,6.61,10.75,11.46,13.76,11.65,172.7,81.72,15.87,9.85,0.85,0.46
5.35,6.75,10.88,11.61,13.87,11.88,173.25,87.33,15.68,10.04,0.86,0.53
4.86,7.23,10.94,11.69,13.85,11.84,173.23,87.82,15.86,10.02,0.83,0.46
5.03,6.68,11.19,11.85,14.06,12.04,174.82,90.22,16.07,10.08,0.82,0.48
4.88,6.8,11.16,11.82,14,12.04,175.73,90.23,15.62,10.09,0.81,0.46
4.68,6.73,11.2,11.8,14.04,11.98,181.42,93.47,15.37,9.48,0.82,0.48
4.42,7.11,11.81,12.56,15.27,13.44,185.93,95.86,16.36,10.44,1.09,0.47
4.32,7.71,11.78,12.45,14.99,13.04,183.4,92.86,16.05,10.13,1.1,0.47
4.04,7.58,11.66,12.34,14.85,12.87,180.3,92.42,16.45,9.69,1.1,0.44
3.74,6.58,10.56,11.2,13.45,11.46,168.67,87.25,14.97,8.37,0.91,0.38
3.89,6.56,10.74,11.34,13.75,11.72,170.28,90.09,15.05,8.42,0.97,0.45
3.87,6.62,10.87,11.48,13.6,11.73,173.69,95.84,15.52,8.44,1,0.44
3.98,6.68,10.96,11.67,13.85,11.83,177.46,98.71,15.75,8.23,1.01,0.42
3.85,6.54,10.91,11.5,13.6,11.55,178.71,98.25,15.84,8.09,0.92,0.39
3.91,7.4,11.08,11.72,13.66,11.62,184.25,98.98,16.19,8.56,0.91,0.39
3.92,7.31,10.9,11.63,13.51,11.51,181.41,95.65,16.62,8.3,0.87,0.41
4.41,7.1,10.92,11.57,13.5,11.46,179.71,95.89,17.33,8.41,0.85,0.42
4.24,7.02,10.95,11.65,13.56,11.54,180.46,96.2,17.3,8.56,0.91,0.42
4.09,7,10.52,11.35,13.17,11.23,171.66,91.96,16.78,8.15,0.85,0.4
4.04,7.06,10.52,11.38,13.2,11.05,173.33,92.83,17.3,8.55,0.85,0.38
4.23,6.53,10.33,11,12.82,10.72,168.99,89.26,17.03,7.95,0.8,0.38
4.18,6.06,10.34,11.14,13.01,10.46,174.17,90.42,16.78,7.71,0.82,0.35
4.27,6.84,10.2,10.96,12.87,10.2,174.95,88.02,17.1,7.11,0.8,0.34
4.53,6.88,10.39,11.18,12.98,10.26,185.88,93.76,17.7,7.01,0.8,0.33
4.78,6.8,10.25,11.14,12.92,10.27,185.8,92.79,17.52,6.96,0.78,0.32
4.78,6.8,10.25,11.14,12.92,10.27,185.8,92.79,17.52,6.96,0.78,0.32
4.76,6.95,10.41,11.46,13.09,10.41,186.49,96.43,17.57,7.85,0.81,0.36
4.59,6.84,10.31,11.21,13.08,10.27,182.46,91.75,17.5,7.7,0.77,0.33
4.62,6.87,10.33,11.26,13.04,10.26,183.48,91.95,17.73,7.58,0.78,0.34
4.36,6.71,10.2,11.12,12.76,10.1,182.39,89.75,17.64,7.41,0.79,0.32
4.43,6.62,10.56,11.37,13.1,10.4,184.93,90.78,17.63,8.01,0.81,0.32
4.21,6.83,10.71,11.4,13.1,10.46,179.69,89.34,17.53,7.47,0.84,0.33
4.57,7.2,10.81,11.58,13.26,10.36,179.18,91.5,17.54,7.57,0.84,0.32
4.28,7.23,11.07,11.91,13.64,10.85,182.63,93.44,17.92,7.84,0.88,0.31
4.32,7.28,10.95,11.88,13.51,10.7,181.24,92.67,17.68,7.68,0.91,0.32
4.14,7.2,10.98,11.9,13.52,10.71,180.61,93.95,17.76,7.33,0.85,0.32
4.09,7.39,11.02,11.92,13.37,10.57,177.6,94.66,17.86,7.13,0.83,0.31
4.25,7.84,11.22,11.95,13.4,10.58,180.77,94.91,17.62,7.4,0.81,0.32
4.19,7.7,11.16,11.83,13.22,10.43,179.49,96.21,17.65,7.25,0.73,0.31
4.2,7.55,11.04,11.64,13.06,10.28,179,97.5,17.63,7.35,0.7,0.34
4.26,7.26,10.95,11.5,12.97,10.24,179.85,93.06,17.14,7.12,0.69,0.34
4.54,7.32,11.35,11.86,13.29,10.42,178.89,95.63,17.36,7.37,0.6,0.3
4.44,7.52,11.73,12.25,13.75,10.98,179.52,99.01,17.04,8.12,0.63,0.31
4.34,8.52,11.61,12.06,13.28,10.44,181.61,104.07,16.89,7.53,0.6,0.32
4.38,8.67,11.68,12.09,13.29,10.31,180.83,105.32,16.95,7.53,0.57,0.33
4.28,8.44,11.54,11.91,12.94,10.15,178.2,104.23,16.44,7.38,0.58,0.33
4.58,8.9,11.77,12.23,13.34,10.35,173.29,103.73,17.14,7.43,0.59,0.32
4.9,9.12,11.99,12.42,13.59,10.63,171.69,105.98,17.23,8.7,0.6,0.32
4.94,9.11,11.98,12.38,13.52,10.56,173.43,107.05,17.2,8.11,0.57,0.31
4.04,8.69,11.9,11.93,12.94,10.11,171.09,111.17,16.98,7.76,0.57,0.46
3.86,9.03,11.58,11.6,12.6,9.81,172.27,114.63,16.95,7.46,0.55,0.43
3.86,9.27,12.11,12.01,12.94,10.15,171.45,116.94,17.22,7.97,0.54,0.43
3.62,8.61,11.75,11.6,12.66,9.88,172.87,113.94,17.43,6.93,0.55,0.42
3.52,8.76,11.88,11.63,12.78,9.82,175.5,117.49,17.01,6.9,0.55,0.4
3.54,12.5,12.25,12.12,12.87,10.06,176.62,118.88,16.87,7.05,0.7,0.38
3.35,13.24,12.33,12.08,12.69,9.99,176.03,119.91,16.29,7.25,0.45,0.37
3.43,16.16,12.44,12.41,12.72,9.85,173.69,121.25,16.89,7.06,0.46,0.38
3.53,17.66,12.33,12.5,12.69,9.8,178.18,119.06,16.53,6.98,0.43,0.4
3.62,22.02,12.58,12.74,12.75,9.75,180,119.55,16.26,7.04,0.41,0.37
3.46,18.24,12.25,12.51,12.55,9.57,178.34,121.61,16.34,6.9,0.38,0.37
3.39,17.34,11.95,12.29,12.4,9.41,179.29,120.84,15.84,6.64,0.39,0.38
3.45,14.34,11.92,12.12,12.4,9.32,181.49,121.09,15.42,6.74,0.34,0.35
3.3,14.92,12.19,12.25,12.47,9.38,180.18,123.29,15.58,6.62,0.34,0.35
3.23,14.05,12,12.15,12.34,9.31,181.36,123.43,15.32,6.49,0.33,0.35
3.19,15.06,12.07,12.19,12.34,9.25,182.65,124.61,15.11,6.44,0.32,0.31
3.38,16.34,12.54,12.5,12.68,9.48,185.37,125.21,15.37,6.59,0.34,0.31
3.28,15.96,12.54,12.35,12.63,9.68,184.48,123.09,15.5,6.71,0.34,0.32
3.41,16.04,12.39,12.26,12.39,9.36,185.94,125.07,15.08,6.45,0.31,0.31
3.6,15.69,12.2,12.26,12.41,9.38,188.01,125.91,15.76,6.41,0.32,0.31
3.26,14.54,11.95,12.01,12.2,9.22,190.58,123.18,15.78,6.06,0.31,0.32
3.05,14.24,11.73,11.78,12.11,9.1,191.52,117.72,15.24,5.92,0.31,0.31
3.05,14.24,11.73,11.78,12.11,9.1,191.52,117.72,15.24,5.92,0.31,0.31
3.01,13.92,11.34,11.64,11.31,8.31,187.76,118.41,15.47,5.66,0.31,0.31
3.12,14.62,11.56,11.87,11.55,8.4,189.93,123.44,15.6,5.65,0.31,0.3
3.14,14.16,11.41,11.75,11.42,8.38,188.73,123.27,15.11,5.63,0.3,0.3
2.33,13.7,11.32,11.68,11.25,8.16,188.81,121.62,14.91,5.31,0.3,0.31
2.42,14.95,11.52,11.93,11.48,8.25,195.31,120.31,15.5,5.31,0.28,0.3
2.62,15.53,11.55,12.01,11.36,8.24,196.59,125.85,15.25,5.29,0.27,0.3
2.74,16.38,11.73,12.14,11.43,8.33,193.2,128.08,15.11,5.64,0.28,0.3
2.89,15.71,11.6,11.96,11.29,8.19,192.21,126.18,14.77,5.43,0.26,0.3
2.83,15.97,11.45,11.91,11.18,8.1,187.81,124.79,14.53,5.34,0.26,0.3
2.82,16.65,11.17,11.65,10.83,7.82,185.06,123.26,14.15,5,0.24,0.3
2.77,16.42,11.23,11.75,11.07,8,188.5,124.59,14.16,5.36,0.23,0.29
2.53,15.18,10.75,11.21,10.37,7.42,186.57,118.13,13.73,4.7,0.21,0.29
2.64,14.79,10.5,11.07,10.37,7.24,181.87,119.31,13.34,4.75,0.19,0.29
2.71,15.06,10.73,11.18,10.42,7.3,181.82,123.36,12.94,4.79,0.18,0.28
2.77,14.68,10.68,11.17,10.39,7.28,185.45,128.3,12.4,4.82,0.19,0.26
2.92,16.02,10.76,11.3,10.43,7.36,187.52,124.75,12.34,4.83,0.19,0.28
2.92,15.98,10.73,11.25,10.41,7.28,189.51,124.11,12.72,4.85,0.24,0.27
3.11,15.37,10.69,11.16,10.39,7.34,184.61,125.13,12.74,4.92,0.26,0.26
3.04,15.18,10.63,11.12,10.36,7.24,185.6,125.31,13.18,4.82,0.25,0.26
3.18,16.18,10.99,11.62,10.83,7.51,183.6,126.6,13.77,5.4,0.24,0.26
3.12,16.03,10.88,11.42,10.53,7.37,180.58,124.43,13.59,4.9,0.22,0.26
3.21,17.36,11.24,11.94,10.95,7.66,181.48,129.96,13.93,5.2,0.22,0.26
3.07,17.89,11.88,12.56,11.54,8.34,185.15,129.78,14.11,6.15,0.22,0.25
3.13,18.06,12.07,12.77,11.57,8.47,186.65,131.22,13.99,6.04,0.22,0.27
3.01,17.67,12.36,13.09,11.88,8.73,187.01,134.19,14,6.3,0.22,0.27
2.99,18.41,12.34,12.92,11.62,8.55,187.53,135.77,13.72,5.93,0.21,0.27
2.95,17.44,12.06,12.67,11.49,8.33,183.11,131.4,13.39,5.98,0.2,0.26
3.03,17.32,11.83,12.27,11.21,8.1,181.55,131.25,13.08,5.57,0.19,0.29
2.82,17.39,11.83,12.31,11.1,8.1,181.48,129.51,14,5.56,0.19,0.27
2.93,18.38,11.97,12.66,11.52,8.45,180.64,128.9,13.93,6.48,0.19,0.25
2.85,18,11.99,12.5,11.34,8.44,180.33,128.66,14.86,6.26,0.18,0.27
2.74,19.09,12.08,12.55,11.43,8.23,179.64,126.58,14.13,6.44,0.17,0.24
2.85,20.52,12.28,12.82,11.63,8.28,178.4,127.18,14.29,6.83,0.17,0.26
3.05,20.62,12.21,12.61,11.5,8.24,179.46,124,14.26,6.73,0.18,0.26
2.86,17.97,11.76,12.11,11.09,7.9,174.97,121.75,13.93,5.86,0.17,0.24
2.82,17.85,11.75,12.17,11.03,7.92,172.16,121.71,13.76,5.59,0.17,0.25
2.69,16.5,11.31,11.79,10.78,7.68,165.01,121.5,13.22,5.65,0.16,0.24
2.65,17.18,11.54,12.02,10.94,7.8,165.85,119.93,13.17,5.97,0.16,0.24
2.5,16.7,11.33,11.89,10.72,7.7,165.23,116.63,13.26,5.71,0.14,0.25
2.61,18.54,12.01,12.49,11.43,8.22,176.39,122.53,12.72,6.66,0.16,0.23
2.7,18.3,12.22,12.79,11.65,8.4,184.84,122.93,13.17,6.62,0.19,0.22
2.63,18.98,12.3,12.72,11.29,8.05,180.85,133.58,13.96,6,0.17,0.22
2.13,23.04,13.5,14,12.48,9.19,183.48,155.87,13.89,7.82,0.22,0.21
1.89,22.98,13.95,14.63,13.66,10.35,185.78,152.38,13.95,9.63,0.25,0.2
2.15,21.53,13.95,14.58,13.85,10.5,200.75,145.06,14.51,10.1,0.46,0.2
2.12,19.43,13.66,14.15,13.11,9.79,200.56,153.49,15.03,8.33,0.44,0.18
2.04,20.94,13.78,14.41,13.1,9.73,194.53,155.39,15.67,8.04,0.39,0.16
2.22,24.3,13.67,14.3,12.8,9.45,194.9,155.3,15.21,7.4,0.28,0.16
2.33,25.52,13.85,14.67,13.07,9.8,202.01,152.46,15.41,7.65,0.28,0.16
2.32,26.57,14.08,15,13.19,9.57,206.1,153.49,15.7,7.32,0.26,0.18
2.26,27.73,14.48,15.5,13.55,9.78,205.05,149.76,16.16,7.21,0.25,0.18
2.25,28.89,14.34,15.36,13.38,9.66,203.75,150.07,15.67,7.13,0.26,0.16
2.27,29.46,14.39,15.48,13.4,9.56,204.21,153.47,15.93,6.73,0.26,0.16
2.3,29.16,14.18,15.36,13.36,9.62,200.57,151.95,15.33,7.36,0.25,0.18
2.42,31.5,14.7,16,13.56,9.63,201.58,153.9,14.99,6.68,0.24,0.16
2.62,32.91,15.28,16.75,14.34,10.6,207.8,154.62,15.16,7.83,0.3,0.16
2.88,33.53,15.74,16.98,14.35,10.53,204.7,156.28,15.05,7.47,0.28,0.17
2.88,33.53,15.74,16.98,14.35,10.53,204.7,156.28,15.05,7.47,0.28,0.17
2.92,35.59,16.59,17.9,15.21,11.38,204.81,156.79,14.95,8.5,0.37,0.16
2.92,35.17,16.94,18.44,15.83,12.09,205.84,153.66,14.67,9.04,0.73,0.17
2.75,33.35,16.39,17.4,15,11.29,205.74,154.23,14.69,8.07,0.65,0.17
2.74,35.43,16.69,17.98,15.58,11.87,204.99,153.21,14.9,8.64,0.81,0.19
2.63,35.3,16.73,18.18,15.83,12.12,209.78,147.66,15.03,9.07,0.77,0.39
2.99,35.02,17.12,18.39,15.78,12.16,213.79,152.91,15.08,8.6,0.66,0.4
3.18,34.23,16.78,18.15,15.5,11.82,212.04,154.45,15,8.21,0.52,0.36
3.28,34.17,16.73,17.95,15.66,11.8,213.01,156.02,14.89,8.29,0.51,0.32
3.09,31.39,16.19,17.09,15.12,11.27,209.38,157.89,14.84,7.92,0.49,0.3
3.21,33.2,16.47,17.51,15.29,11.25,207.29,161.18,15.22,8.07,0.47,0.31
3.49,32.74,16.3,17.53,15.11,11.03,205.29,161.07,14.91,7.77,0.51,0.32
3.26,32.79,16.2,17.14,14.79,10.85,207,168.62,14.9,7.37,0.51,0.34
3.42,34.7,16.48,17.76,15.2,11.16,212.25,176.9,15.15,7.87,0.5,0.31
4.12,38.71,16.96,18.23,15.44,11.32,214.81,182.23,14.86,9.33,0.48,0.29
4.08,37.51,16.89,17.87,15.22,10.95,217.8,188.73,14.56,8.96,0.44,0.29
4.37,38.65,16.97,17.89,15.19,10.85,218.68,188.54,15.1,8.89,0.44,0.27
4.85,40.67,16.9,18.05,14.8,10.59,214.46,192.98,14.94,8.39,0.51,0.3
5.23,42.15,17.07,18.27,14.89,10.56,212.95,197.64,15.46,8.46,0.48,0.27
5.6,41.23,17.47,18.72,15.27,10.89,215.48,188.75,15.7,8.89,0.5,0.26
5.44,41.29,17.66,18.61,15,10.53,215.81,188.43,15.7,8.59,0.47,0.26
5.44,41.29,17.66,18.61,15,10.53,215.81,188.43,15.7,8.59,0.47,0.26
5.99,39.31,17.49,18.09,14.66,10.33,218.64,186.02,15.7,8.37,0.48,0.24
5.58,38.51,16.92,17.25,14.33,10.11,217.44,181.28,15.29,8.21,0.46,0.22
6.57,41.35,17.16,17.75,14.64,10.18,218.21,183.68,15.38,8.63,0.48,0.22
6.18,40.22,17,17.45,14.35,9.9,219.05,183.13,15.13,8.26,0.47,0.22
6.18,40.22,17,17.45,14.35,9.9,219.05,183.13,15.13,8.26,0.47,0.22
7.02,39.09,17.69,18.08,14.86,10.45,216.74,177.5,15.07,9,0.55,0.24
8.02,40.29,18.01,18.7,15.29,10.92,216.89,180.03,15.15,9.51,0.54,0.24
8.91,44.41,19.05,20.16,16.52,11.81,223.72,178.99,15.61,10.77,0.6,0.27
8.73,46.66,19.77,20.84,16.96,12.25,228.87,174.3,16.1,11.34,0.69,0.29
8.33,45.32,19.65,20.69,16.84,12.16,230.21,178.44,16,11.31,0.68,0.31
9.01,51.56,20.65,21.8,17.5,12.75,226.88,189.41,16.42,12.33,0.71,0.36
9.35,50.31,20.72,21.8,17.72,13.07,228.09,185.44,17.1,13.35,0.67,0.36
9.31,47.99,21.43,22.27,18.38,13.89,224.57,187.12,17.47,15.02,0.66,0.35
10.45,50.48,22.45,23.91,19.93,15.39,223.9,189.77,18.05,18.56,0.69,0.34
11.29,51.11,21.86,23.64,19.82,15.44,219.99,189.3,18.56,19.7,0.71,0.35
11.29,51.11,21.86,23.64,19.82,15.44,219.99,189.3,18.56,19.7,0.71,0.35
11.35,52.31,22.13,24.23,20.2,15.69,222.91,189.24,20.07,20.09,0.69,0.34
10.7,50.18,22.06,24.07,19.8,15.41,227.51,195.62,20.26,18.79,0.68,0.36
10.05,48.8,21.94,24.06,19.46,15.13,228.69,196.65,18.98,17.92,0.66,0.45
10.39,49.84,21.89,23.71,19.42,14.8,226.91,194.38,19.15,18.02,0.64,0.53
9.49,48.26,21.48,23.01,18.69,14.07,222.17,193.94,19.65,17.18,0.6,0.72
10.05,48.36,21.79,23.78,19.52,14.85,219.85,201.09,19.18,19.03,0.56,0.89
9.02,44.59,21.25,23.41,19.41,14.77,213.32,187.99,18.55,18.55,0.6,0.8
9.32,45.84,21.44,23.76,19.57,14.78,216.85,191.8,18.48,18.7,0.82,0.69
9.4,43.19,21.07,23.4,19.05,14.5,210.93,187.12,18.7,18.1,0.81,0.61
9.57,46.21,21.59,24.04,19.32,14.73,215.06,194.58,18.69,19.1,1.21,0.6
9.74,51.05,23.22,26.01,21.22,16.59,217.73,204.26,18.79,23.49,1.04,0.63
11.79,55.72,25.17,28.65,23.3,18.25,216.3,208.82,19.84,26.31,1.21,0.77
12.06,57.41,25.87,29.02,23.53,18.63,223.51,208.38,19.33,26.78,1.15,0.78
12.13,58.14,26.05,29.19,23.36,18.35,227.93,211.48,19.1,25.72,1.13,0.75
13.34,62.97,27.33,31.25,25.48,20.37,228.63,215.18,19.46,30.09,1.28,0.75
15.33,64.58,29,34.8,28.9,23.88,233.8,211.99,20.28,42.35,1.65,0.74
16.32,63.19,30.56,39.9,33.21,28.7,240.34,210.12,21.62,63.91,2.95,0.79
13.84,55.04,26.85,32.4,25.04,20.47,236.39,209.72,19.91,32.16,2.38,0.74
14.85,56.95,27.07,34.75,24.54,19.52,241.27,214.4,19.88,29,2.08,0.77
14.85,56.95,27.07,34.75,24.54,19.52,241.27,214.4,19.88,29,2.08,0.77
14.21,60.58,28.52,35.96,26.91,21.1,232,219.78,21.07,34.63,2.19,0.79
14.44,59.35,27.76,35,25.5,19.74,228.46,214.42,21.07,31.51,1.72,0.75
13.55,55.95,26.65,33.38,24.2,18.47,226.18,209.23,19.91,27.1,1.45,0.72
16.2,57.71,27.69,34.27,24.96,19.02,223.21,214.57,20.03,29.21,1.53,0.72
16.72,52.69,26.81,33.16,24.05,18.17,222.49,211.57,20.13,26.29,1.43,0.74
14.65,50.73,25.94,31.75,23.26,17.26,222.38,208.5,19.69,24.79,1.26,0.71
15.26,50.62,26.76,32.49,24.28,18.16,223.93,220.16,19.82,27.98,1.45,0.72
13.82,45.86,25.04,30.74,22.85,17.04,217.93,188.64,19.26,24.5,1.37,0.69
13.8,45.63,25.09,30.12,22.56,16.53,214.14,195,18.35,24.36,1.33,0.69
15.66,51.82,25.95,31.58,23.47,17.32,217.75,196.1,18.91,25.56,1.35,0.68
19.95,49.12,25.97,31.01,23.19,17.38,218.15,191.04,18.9,25.9,1.38,0.65
17.43,43.47,25.01,29.66,22.36,16.78,216.06,187.77,18.93,25.29,1.3,0.55
16.56,40.05,23.61,27.94,21.2,15.48,211.15,182.16,18.08,22.65,1.16,0.53
16.14,40.4,23,27.37,21.21,15.23,217.01,173.74,18.09,21.63,1.14,0.6
16.83,37.79,22.61,27.42,21.27,15.38,220.63,165.65,18.11,22.42,1.18,0.74
18.87,44.62,24.22,29.29,22.54,16.53,227.1,172.72,18.65,24.41,1.39,0.76
17.39,45.42,23.79,28.95,22.35,16.17,227.06,172.02,18.66,24.1,1.31,0.75
18.02,48.74,25.4,31.12,23.88,17.43,228.61,180.73,19.45,28.2,1.42,0.76
20.65,48.95,25.73,31.16,24.05,17.69,229.39,188.48,19.3,27.57,1.42,0.79
22.34,53.35,26.84,32.73,25,18.71,229.86,194.43,18.92,30.46,1.62,0.79
21.83,51.78,25.63,31.43,23.78,17.71,230.63,192.14,19.84,26.97,1.51,0.84
21.39,54.15,26.11,31.86,24.1,17.87,233.01,194.25,19.54,27.47,1.54,0.93
19.69,50.75,25.06,30.5,23.39,17.29,231.07,178.75,19.12,25.32,1.46,0.93
20.82,54.78,25.16,30.71,23.86,17.36,234.7,178.24,19.63,25.35,1.49,0.94
22.62,55.19,24.57,30.54,23.44,16.91,230.72,175.6,19.77,23.9,1.3,0.93
21.16,52.17,23.81,29.61,22.77,16.11,229.08,172.33,19.9,23.22,1.21,0.88
18.76,45.81,23.04,28.61,22.13,15.7,229.68,172.84,19.44,22.19,1.12,0.83
19.88,45.73,23.33,29.2,22.56,16.1,231.16,178.06,19.57,22.83,1.22,0.82
19.46,44,23.07,28.61,22.47,15.82,235.31,176.77,20.13,22.08,1.13,0.78
18.71,41.65,22.47,27.79,22.05,15.5,235.98,174.06,19.99,21.63,1.12,0.73
20.02,44.34,22.28,27.9,22.36,15.46,233.95,176.75,20.59,22.04,1.14,0.72
19.1,49.69,23.64,29.05,22.9,16.05,228,180.16,21.71,22.73,1.13,0.82
19.37,50.55,23.87,29.54,22.89,16.05,229.62,186.55,21.75,22.34,1.1,0.77
19.37,50.55,23.87,29.54,22.89,16.05,229.62,186.55,21.75,22.34,1.1,0.77
17.88,50.64,23.98,29.49,22.91,15.93,230.28,189.12,23.82,22.07,1.07,0.77
18.23,50.25,23.5,29.08,22.46,15.58,236.3,193.36,27.15,21.14,1.02,0.75
16.87,49,22.68,28.05,21.86,15.02,234.94,189.52,26.53,19.76,1,0.75
16.04,55.28,22.89,28.51,22.3,15.18,224.21,193.68,27.47,19.77,1.01,0.78
16.59,54.02,23.03,28.95,22.31,15.4,224.15,188.99,29.19,19.76,1,0.77
15.54,52.35,21.94,27.5,21.22,14.36,226.31,191.11,28.36,17.19,0.93,0.76
15.36,51.65,22.11,27.82,21.42,14.45,226.57,190.64,27.49,18.32,0.98,0.75
16.06,47.58,21.61,27.17,21.06,14.14,228.82,182.98,28.52,17.4,0.9,0.71
15.69,46.8,21.28,26.61,20.92,13.97,234.6,183.54,28.31,16.94,0.85,0.61
15.06,47.1,21.45,26.73,21.09,14.05,238.86,184.94,28.51,17.2,0.85,0.66
14.44,45.34,21.03,26.49,20.99,14.21,237.6,180.8,27.34,17.44,0.94,0.63
14.41,43.34,20.21,25.39,20.05,13.43,238.31,177.07,27.49,15.89,0.84,0.69
14.98,45.81,21,26.41,20.85,13.9,241.13,179.93,27.99,16.82,0.87,0.7
15.24,44.04,20.74,26.19,20.54,13.95,238.33,178,27.13,16.46,0.83,0.66
15.19,45.13,21.16,26.84,21.15,14.1,240.58,181.96,26.34,17.07,0.83,0.7
15.67,47.08,21.53,27.17,21.5,14.46,238.51,181.78,26.51,17.85,0.87,0.69
15.18,45.05,21.38,26.66,21.24,14.44,238.35,183.38,26.1,17.72,0.9,0.69
15.36,45.83,21.95,27.51,21.95,14.94,237.9,184.81,25.79,19.32,0.94,0.68
14.77,44.61,21.66,27.18,21.51,14.97,241.6,182.99,14.07,18.65,0.9,0.67
14.56,43.6,21.77,26.8,21.38,14.91,240.32,183.13,12.95,18.34,0.86,0.7
14.36,43.78,21.6,26.57,21.05,14.36,243.02,178.69,13.07,17.02,0.83,0.67
14.56,42.18,21.16,26.19,20.86,14.1,240,174.89,12.5,16.1,0.79,0.63
13.61,42.22,21.15,26.14,20.86,14.44,239.7,173.07,12.5,15.9,0.78,0.62
11.41,40.65,20.67,25.38,20.45,13.66,241.62,180.3,12.44,14.15,0.71,0.64
12.22,43.07,21.38,26.08,21.34,14.44,240.92,184.73,12.56,16.18,0.77,0.62
11.44,41.64,20.41,24.86,20.7,13.87,239.19,175.26,12.38,15.04,0.73,0.6
11.57,39.96,20.13,24.67,20.42,13.52,234.04,170.1,13.02,15.66,0.74,0.63
10.82,36.56,19.37,23.75,19.57,12.91,229.75,166.47,13.13,14.53,0.7,0.61
10.99,35.53,18.9,22.81,19.2,12.4,231,166.88,12.88,13.68,0.69,0.58
11.67,39.93,19.63,23.6,19.69,12.56,234.44,175.41,13.2,13.93,0.71,0.6
12.54,39.18,19.82,23.9,19.92,12.75,235.87,172.75,13.38,15.16,0.75,0.61
12.64,38.71,19.76,24.14,20.32,13.3,234.11,169.96,13.35,15.58,0.79,0.6
12.89,38.51,19.37,23.64,19.94,12.8,232.38,169.25,13.36,15.02,0.73,0.56
13.58,38.9,19.48,23.84,20.09,13.09,236.1,174.77,13.46,14.94,0.77,0.56
13.51,37.32,19.65,23.91,20.16,13.22,237.28,173.01,13.27,15.23,0.76,0.58
13.39,36.87,19.67,24.13,20.11,13.14,236.48,177.4,13.36,15.03,0.72,0.56
13.41,38.99,19.93,24.46,20.5,13.45,237.94,178.99,13.29,15.46,0.76,0.58
14.39,42.56,20.5,24.94,21.05,14.08,237.19,183.03,13.6,16.67,0.86,0.59
15.08,42.32,20.7,25.38,21.24,14.38,236.99,181.51,13.66,17.17,0.84,0.59
14.23,44.41,21,26.04,21.58,15.27,239.72,180.23,13.59,16.67,0.97,0.75
14.23,44.41,21,26.04,21.58,15.27,239.72,180.23,13.59,16.67,0.97,0.75
14.55,42.34,20.74,25.47,20.91,14.78,237.35,183.94,13.27,16.98,1,0.71
14.93,43.01,21.41,26.24,21.62,15.52,239.31,184.86,13.24,19,1.13,0.7
14.52,42.22,21.15,26.13,21.39,15.68,238.65,180.23,13.06,19.72,1.29,0.66
14.99,42.05,21.06,25.93,21.06,14.94,239.25,181.27,13,18.8,1.09,0.62
15.96,43.83,21.56,26.6,21.91,15.53,239.08,188.84,13.47,19.72,1.16,0.63
16.12,44.1,21.49,26.64,21.94,15.66,238.37,188.88,13.53,20.22,1.16,0.61
15.94,43.64,21.55,26.59,22.06,15.71,236.67,188.98,13.83,21.43,1.14,0.6
15.63,41.64,21.31,26.26,21.49,15.15,237.17,191.26,13.86,20.05,1.03,0.61
15.85,42.38,21.34,26.47,21.59,15.19,237.89,191.73,13.96,19.89,1.05,0.6
15.66,42.71,21.15,26.19,21.25,14.9,236.37,191.74,14.36,19.16,1.06,0.63
15.24,40,20.6,25.56,20.67,14.51,236.08,189.25,14.18,17.98,1,0.59
15.82,40.81,20.47,25.61,20.63,14.47,233.97,189.76,14.55,18.13,0.99,0.59
16.08,40.8,20.42,25.66,20.42,14.25,229.74,189.77,14.65,17.47,0.96,0.59
15.83,40.29,19.89,25.03,19.94,13.67,221.25,184.37,14.55,16.91,0.92,0.6
16.09,41.12,20.23,25.19,20.32,13.85,225.94,188.61,14.34,17.37,0.91,0.58
15.94,42.16,20.12,24.78,20.13,13.66,224.7,189.19,13.89,17.43,0.89,0.58
16.68,43.97,20.56,25.27,20.43,14.14,224.25,189.98,13.98,17.61,1,0.57
16.75,44.68,21.23,26.11,20.96,14.48,226,193,14.51,18.26,1,0.54
16.5,43.41,21.17,25.78,20.8,14.4,228.6,195.24,14.68,18.2,0.97,0.58
16.73,48.42,21.29,26.09,20.99,14.24,229.39,195.7,14.53,18.63,0.98,0.56
16.42,49.09,21.15,25.93,20.67,13.8,230.98,193.99,14.43,17.86,0.95,0.54
16.37,48.1,21.09,25.79,20.58,13.78,233.89,191.02,14.27,18.08,0.95,0.56
16.99,49.65,21.24,25.92,20.62,13.7,232.03,193.59,14.45,17.84,0.92,0.55
16.62,49.03,21.19,25.56,20.28,13.57,231.42,199.15,14.38,17.23,0.9,0.56
16.62,49.03,21.19,25.56,20.28,13.57,231.42,199.15,14.38,17.23,0.9,0.56
15.99,51.48,20.79,25.12,19.97,13.08,229.46,202.17,14.33,16.72,0.89,0.53
15.37,47.23,20.55,25.1,19.42,12.93,227.08,200,13.85,16.23,0.96,0.52
15.44,45.57,20.23,24.71,19.24,12.7,227.01,197.02,13.81,16.25,0.89,0.52
15.67,45.82,20.63,24.87,19.5,12.85,227.69,203.98,13.91,16.17,0.89,0.52
15.05,46.21,20.69,24.8,19.47,12.79,226.46,207.8,13.93,16.24,0.86,0.52
14.15,45.75,20.74,24.92,19.47,12.9,225.45,208.19,13.45,16.32,0.88,0.44
13.7,40.67,19.84,23.86,18.6,12.22,225.78,202.28,13.11,15.01,0.84,0.42
13.55,39.79,19.55,23.47,18.2,11.93,224.96,203.93,12.94,14.4,0.82,0.42
13.06,38.08,19.11,22.7,17.75,11.6,224.01,209.04,12.99,13.91,0.81,0.5
14.39,38.47,18.44,22.3,17.44,11.46,222.02,202.5,13.02,13.6,0.81,0.4
14.78,39.86,19,22.79,17.79,11.65,225.17,207.99,12.78,14.16,0.84,0.4
15.54,41.69,19.46,23.24,18.27,11.98,225.85,213.7,12.96,14.6,0.87,0.4
15.84,40.62,19.14,22.93,17.81,11.57,223.84,211.09,12.61,13.88,0.82,0.4
15.56,39.91,18.9,22.67,17.71,11.45,224.58,212.35,11.94,13.59,0.8,0.35
14.88,40.21,18.81,22.64,17.83,11.56,224.82,212.6,12.07,13.7,0.82,0.29
14.54,39.7,18.24,22.01,17.44,11.06,226.36,210.86,11.87,12.73,0.79,0.26
15.07,41.92,19.21,23.22,18.54,12,226.42,213.84,12.09,16.01,0.85,0.28
15.11,41.64,19.15,23.05,18.32,11.71,224.57,214.38,12.2,15.42,0.82,0.27
14.58,40.67,18.89,22.77,17.96,11.45,224.34,214.99,11.97,14.61,0.82,0.29
14.46,40.3,18.96,22.75,17.88,11.52,222.79,214.08,12.15,14.61,0.81,0.32
14.4,40.91,18.83,22.49,17.89,11.4,221.34,213.54,11.67,14.25,0.82,0.34
14.15,41.14,18.52,22.13,17.42,11.02,219.39,213.89,11.55,13.96,0.78,0.34
14.46,42.46,19.12,22.92,18.05,11.44,219.51,216.94,12.5,14.47,0.82,0.32
14.54,42.34,19.23,22.76,17.99,11.25,218.8,228.45,12.78,14.42,0.8,0.33
15.04,43.59,19.49,22.94,18.01,11.35,217.19,227.86,12.51,14.71,0.83,0.32
14.68,43.04,19.47,23.23,18.08,11.56,218.06,227.99,12.99,14.79,0.81,0.29
13.64,43.07,19.23,22.73,17.87,11.37,213.4,229.56,13.12,14.3,0.81,0.27
13.37,35.72,18.79,22.14,17.31,11.15,211.94,232.28,13.33,14.1,0.83,0.32
12.95,31.49,18.17,21.65,17.03,10.95,213.64,233.3,13.85,13.3,0.75,0.33
13.81,30.62,17.85,20.89,16.43,10.63,214.05,229.78,12.54,13.12,0.73,0.27
12.98,29.33,17.58,20.65,16.3,10.26,213.31,228.44,12.72,13.12,0.71,0.27
12.5,29.08,17.61,20.92,16.35,10.34,214.43,231.49,13.07,13.26,0.72,0.27
12.13,29.03,17.1,20.18,15.88,9.8,213.88,229.08,12.41,12.68,0.7,0.27
13.99,29.49,17.14,20.23,15.95,9.85,213.83,233.88,13.7,12.83,0.7,0.26
14.45,31.07,17.5,20.88,16.53,10.27,216.01,237.15,14.28,13.37,0.72,0.29
14.48,32.46,17.94,21.26,16.83,10.6,216.83,239.87,14.88,13.8,0.77,0.31
15.38,31.68,17.89,21.24,16.64,10.5,214.98,237.68,14.27,13.54,0.78,0.34
15.24,31.25,17.66,20.82,16.35,10.15,214.35,236.82,13.66,13.25,0.74,0.31
16.05,31.16,17.9,21.07,16.62,10.24,212.42,240.51,14.58,13.42,0.76,0.4
15.16,30.57,17.68,20.79,16.33,10.23,211.79,244.15,14.83,13.13,0.75,0.41
15.05,31.99,17.92,21.22,16.71,10.47,211.14,245.91,15.78,13.69,0.78,0.35
14.86,31.97,17.76,21.07,16.52,10.25,214.91,247.58,16.06,13.57,0.77,0.39
15,31.54,17.83,21.3,16.85,10.5,212.46,249.21,15.74,13.85,0.8,0.36
13.82,31.8,17.95,21.36,16.72,10.4,211.83,252.08,15.24,13.59,0.78,0.39
13.82,31.8,17.95,21.36,16.72,10.4,211.83,252.08,15.24,13.59,0.78,0.39
13.29,31.33,17.72,21.05,16.47,10.26,209.28,249.91,15.62,13.3,0.75,0.35
13.49,30.1,17.24,20.39,15.96,9.86,216.97,248.44,15.54,12.8,0.73,0.35
13.68,30.41,16.96,20.26,15.88,9.87,216.01,243.8,15.56,12.86,0.73,0.34
13.3,29.5,16.58,19.84,15.64,9.66,213.91,234.99,15.27,12.41,0.72,0.35
13.52,28.38,16.37,19.61,15.47,9.4,214.9,228.29,14.9,12.23,0.74,0.35
13.14,25.83,16.02,19.09,14.96,9.29,215.59,228.43,14.63,11.74,0.71,0.35
13.29,26.89,16.75,19.71,15.24,9.24,218.5,238.43,14.77,12.03,0.73,0.32
13.59,26.99,16.79,19.76,15.2,9.36,215.45,235.48,14.93,12.01,0.72,0.32
13.74,26.97,16.7,19.8,15.17,9.33,214.85,232.74,15.25,12.17,0.73,0.33
12.88,26.15,15.97,18.89,14.52,8.83,210.13,233.76,15.31,11.23,0.68,0.32
13.48,25.98,16.3,19.19,14.5,8.91,209.08,233.14,15.6,11.22,0.69,0.33
13.23,26.6,16.8,19.68,14.81,9.07,211.3,239.67,15.63,11.63,0.7,0.34
13.51,27.61,17.21,20.05,15.1,9.3,214.02,245.7,15.85,12.02,0.7,0.34
14.05,25.79,17.06,20,14.67,9.11,212.62,244.88,15.93,11.67,0.67,0.34
14.61,27.02,17.25,20.3,15.03,9.45,211.67,241.53,16.04,12.22,0.73,0.3
13.65,25.77,16.88,19.76,14.74,9.13,209.96,233.9,15.38,11.63,0.69,0.34
13.56,25.01,16.36,19.32,14.44,8.94,211.76,231.19,15.36,11.11,0.68,0.32
13.73,24.67,16.45,19.28,14.39,8.94,210.69,231.17,15.45,11.29,0.68,0.16
13.91,24.73,16.47,19.35,14.43,8.82,213.48,234.18,15.25,11.15,0.67,0.15
12.75,23.18,15.95,18.65,14.11,8.57,213.02,228.48,14.44,10.74,0.63,0.01
12.63,23.4,16.19,18.72,14.32,8.8,213.06,228.79,14.19,11.1,0.64,0.2
12.03,23.4,16.11,18.66,14.25,8.63,211.62,230.84,13.75,10.79,0.63,0.02
12.17,24.21,16.29,18.94,14.48,8.89,216.51,236.86,14.15,11.02,0.65,0.02
11.97,23.54,16.01,18.69,14.29,8.84,219.66,232.53,14.18,10.49,0.68,0.02
12.05,23.17,15.87,18.57,14.07,8.62,219.7,231.07,13.97,10.16,0.68,0.05
12.25,23.75,15.81,18.53,14.26,8.66,218.84,234.27,13.74,10.28,0.66,0.16
12.61,20.92,15.77,18.44,14.22,8.77,219.13,239.61,13.35,10.29,0.66,0.06
13.45,22.01,15.81,18.5,14.4,8.9,220.37,242.84,13.34,10.39,0.66,0.09
13.22,21.91,15.48,18.13,14.15,8.66,218.95,239.05,13.16,10.24,0.66,0.06
13.4,22.1,15.29,17.81,13.91,8.59,215.6,240.82,12.72,10.07,0.65,0.06
13.4,22.95,15.99,18.74,14.62,9.2,216.24,246.31,12.83,11.66,0.69,0.06
13.45,22.91,16.26,18.87,14.63,9.15,218.15,252.68,12.89,11.59,0.68,0.06
14.17,22.9,16.22,18.76,14.64,9.2,218.41,256.69,12.99,11.56,0.7,0.06
14.03,22.03,15.84,18.15,14.21,8.86,219.4,259.71,12.7,11.08,0.66,0.06
14.24,22.58,15.73,18.08,14.29,8.85,217.69,265.14,13.22,11,0.66,0.06
14.24,21.79,15.51,17.86,14.03,8.69,218.21,264.77,14.19,10.71,0.66,0.09
13.96,21.07,14.97,17.4,13.62,8.59,214.95,254.66,16.42,10.3,0.65,0.05
14.85,21.27,15.17,17.44,13.78,8.64,216.77,261.5,16.95,10.5,0.66,0.05
