"D.2TP.P.","BATS.P.","ID.GUD.P.","X.IMBBY.P.","U.VGR.P.","U.STZ.P.","U.TPB.P.","U.RLX.P.","U.PM.P."
0.53,51.13,3.2,53.35,20.32,135.61,0,0,89.4
0.57,51.1,3.05,53.76,20.21,135.11,0,0,89.26
0.57,50.69,3.05,53.88,19.95,134.8,0,0,88.4
0.6,50.17,3.09,53.95,19.86,135.08,0,0,88.81
0.5,50.46,3.18,53.9,19.07,134.41,0,0,88.34
0.47,50.66,3.43,53.88,19.14,133.2,0,0,88.07
0.47,50.7,3.41,53.4,19.49,133.26,0,0,88.16
0.47,50.04,3.42,52.82,19.53,132.11,0,0,86.37
0.47,49.56,3.37,52.27,19.53,132.27,0,0,85.25
0.44,49.64,3.29,52.38,19.7,134.78,0,0,84.96
0.53,49.71,3.34,52.92,19.86,134.98,0,0,85.05
0.53,48.92,3.48,52.55,19.65,133.38,0,0,84.02
0.4,48.67,3.37,52.26,19.66,132.2,0,0,83.4
0.4,49.14,3.46,55.12,19.82,135.26,0,0,84.35
0.31,50.07,3.63,54.6,19.85,138.11,0,0,83.84
0.27,50.02,3.52,53.99,20.03,138.29,0,0,85.43
0.3,50.71,3.5,53.27,20.16,137.46,0,0,86.25
0.32,50.83,3.64,53.63,20.34,137.62,0,0,85.99
0.35,50.82,3.51,53.76,20.45,142.08,0,0,86.59
0.28,50.57,3.51,53.6,20.61,141.34,0,0,86.9
0.3,50.87,3.58,53.94,20.62,143.19,0,0,87.17
0.28,50.9,3.66,53.94,20.62,143.19,0,0,87.17
0.36,51.21,3.55,54.48,20.7,143.79,0,0,87.42
0.36,50.81,3.47,53.92,20.82,140.26,0,0,87.39
0.35,51.05,3.62,54.65,20.8,142.85,0,0,87.78
0.42,51.11,3.61,53.93,20.9,141.84,0,0,87.3
0.37,50.12,3.66,54.2,20.82,140.5,0,0,87.34
0.35,49.66,3.64,53.96,20.92,144.67,0,0,89.7
0.29,50.38,3.6,53.7,20.45,141.8,0,0,88.79
0.18,49.91,3.64,52.69,20.44,142.99,0,0,88.77
0.21,49.1,3.64,52.54,20.09,140.18,0,0,88.02
0.18,48.52,3.69,51.98,19.52,139.98,0,0,87.73
0.17,47.27,3.61,51.83,18.99,138.3,0,0,86.32
0.18,47.15,3.44,51.76,19.05,137.69,0,0,87.16
0.16,48.41,3.5,52.5,19.18,139.28,0,0,87.84
0.17,48.85,3.61,53.09,19.39,142.96,0,0,90.15
0.17,49.03,3.66,52.26,19.13,139.89,0,0,89.08
0.15,48.16,3.68,51.45,18.86,138.57,0,0,86.92
0.16,48.04,3.68,51.52,19.19,141.4,0,0,86.62
0.18,48.2,3.81,51.9,19.38,142.63,0,0,87.66
0.18,49.2,3.84,52.84,19.77,143.69,0,0,89.08
0.18,49.66,3.84,53,19.63,143.03,0,0,88.86
0.18,49.66,3.84,53,19.63,143.03,0,0,88.86
0.16,49.66,3.83,52.63,19.63,143.27,0,0,88.59
0.16,49.99,3.87,53.65,19.73,144.25,0,0,89.36
0.15,49.77,3.91,53.12,19.69,144.17,0,0,88.98
0.15,49.53,3.91,52.88,19.41,142.44,0,0,87.91
0.15,49.53,3.91,52.88,19.41,142.44,0,0,87.91
0.15,48.41,3.81,52.26,18.99,140.69,0,0,87
0.13,48.72,3.79,52.02,19.08,143.62,0,0,87.87
0.12,48.97,3.89,52.35,18.95,143.12,0,0,87.85
0.12,48.13,3.84,51.21,18.9,149.61,0,0,87.25
0.12,47.69,3.91,50.6,18.6,147,0,0,86.71
0.15,47.92,3.87,51.16,18.98,147.05,0,0,89.17
0.15,48.57,3.98,52.06,19.03,147.04,0,0,89.09
0.15,48.87,3.97,51.23,18.96,144.13,0,0,88.31
0.15,47.8,3.96,51.3,19.26,143.25,0,0,87.88
0.12,47.22,4,49.92,18.74,142.75,0,0,86.29
0.13,47.44,3.94,49.92,18.74,142.75,0,0,86.29
0.13,47.9,3.91,50.4,18.72,145.62,0,0,87.47
0.13,46.83,3.94,49.12,18.46,145.14,0,0,85.86
0.13,47.02,3.93,49.28,18.47,143.45,0,0,85.8
0.14,47.62,3.92,50.98,18.9,148.76,0,0,86.87
0.14,48.03,3.9,50.83,18.63,148.25,0,0,86.68
0.15,48.38,3.97,51.58,18.59,148.38,0,0,87.31
0.15,49.44,4.17,52.22,18.57,146.11,0,0,88.09
0.15,49.5,4.12,52.73,18.82,151.82,0,0,89.06
0.2,51.19,4.14,54.18,19.19,152.48,0,0,90.01
0.2,50.75,4.12,54.88,19.39,154.36,0,0,89.41
0.15,50.65,4.11,54.2,19.18,152.51,0,0,89.35
0.15,49.98,4.14,54.1,18.96,150.4,0,0,89.79
0.15,49.3,4.25,52.74,18.84,146.95,0,0,89.1
0.15,48.95,4.27,50.55,18.75,137.95,0,0,89.55
0.15,49.01,4.27,50.98,18.31,134.95,0,0,89.72
0.13,49.08,4.3,50.74,18.1,136.09,0,0,90.02
0.17,48.5,4.37,50.45,18.33,138.8,0,0,89.23
0.17,48.35,4.33,52.27,17.9,135.61,0,0,88.34
0.16,48.71,4.31,51.24,18.26,138.03,0,0,89.06
0.16,49.58,4.37,51.24,18.26,138.03,0,0,89.06
0.16,50.49,4.37,52.97,18.12,139.29,0,0,90.12
0.16,51.09,4.51,53.38,18.47,142.01,0,0,91.23
0.16,50.56,4.51,53.12,18.45,140.33,0,0,91.65
0.16,50.31,4.55,53.69,18.51,139.51,0,0,91.94
0.2,50.75,4.64,52.64,18.51,140.6,0,0,92.54
0.21,50.48,4.69,52.24,18.51,139.47,0,0,92.05
0.21,50.36,4.65,52.18,18.77,139.08,0,0,91.46
0.2,50.93,4.39,53.31,19.09,143.64,0,0,92.45
0.3,51.42,4.47,52.08,19.01,142.05,0,0,91.45
0.27,51.56,4.52,51.52,19.11,141.43,0,0,91.03
0.27,52.54,4.49,53.2,18.62,144.52,0,0,91.54
0.28,52.13,4.58,53,18.39,143.78,0,0,91.56
0.28,51.99,4.69,52.42,18.87,144.45,0,0,93.26
0.27,53.12,4.7,52.34,19.19,143.9,0,0,94.49
0.52,52.65,4.62,52.25,19.41,138.71,0,0,93.9
0.52,52.7,4.48,52.09,19.25,139.97,0,0,94.45
0.52,53.13,4.48,52.46,19.38,140.28,0,0,96.01
0.51,52.34,4.66,52.62,19.22,140.5,0,0,96.84
0.27,53.54,4.62,54.17,19.12,142.06,0,0,96.49
0.31,53.87,4.68,53.45,18.85,141.9,0,0,96.44
0.31,54.22,4.66,53.01,18.93,144.13,0,0,96.44
0.27,54.08,4.47,54,19.09,144.54,0,0,97.18
0.33,53.09,4.44,55.45,18.88,146.84,0,0,98.9
0.43,52.24,4.33,55.17,18.82,147.04,0,0,98.17
0.27,52.22,4.32,54.77,18.72,147.2,0,0,98.59
0.3,52.32,4.21,53.53,18.51,149.42,0,0,96.74
0.27,53.12,4.34,53.52,18.57,150.11,0,0,97.07
0.23,52.48,4.3,53.64,18.48,149.9,0,0,97.57
0.23,52.48,4.3,53.64,18.48,149.9,0,0,97.57
0.23,52.48,4.21,53.83,18.58,149.41,0,0,97.86
0.22,52.48,4.33,55.56,18.68,149.71,0,0,98.86
0.22,53.52,4.46,55.52,18.84,151.6,0,0,98.69
0.22,53.72,4.64,55.52,18.79,151.09,0,0,98.11
0.21,53.64,4.63,54.36,18.67,152.68,0,0,99.75
0.27,53.83,4.68,55.13,18.91,151.47,0,0,100.36
0.27,54.09,4.73,54.35,18.3,151.36,0,0,100.26
0.3,54.17,4.76,54.38,18.14,160.34,0,0,101.17
0.27,54.49,4.77,54.08,17.78,157.37,0,0,100.58
0.27,55.03,4.69,54.08,17.82,159.01,0,0,100.88
0.27,55.08,4.69,54.13,17.66,157.47,0,0,100.33
0.27,54.74,4.79,54.12,17.8,156.95,0,0,101.63
0.28,54.99,4.75,53.4,17.76,156.05,0,0,100.33
0.28,55.3,4.65,52.99,17.62,156.84,0,0,99.76
0.28,55.59,4.62,53.13,17.69,156.71,0,0,100.11
0.3,56.22,4.76,54.22,17.71,158.05,0,0,100.6
0.24,56.23,4.75,54.45,17.61,157.3,0,0,99.28
0.43,56.01,4.68,53.4,17.61,156.01,0,0,98.13
0.31,54.84,4.65,51.99,17.28,155.16,0,0,96.42
0.28,54.29,4.76,51.83,17.2,154.85,0,0,96.92
0.27,54.67,4.83,53.24,17.39,156.84,0,0,97.53
0.27,54.44,4.91,53.62,17.5,156.25,0,0,97.24
0.4,54.67,4.98,53.49,17.38,156.64,0,0,97.27
0.27,54.98,5.08,53.33,17.33,155.58,0,0,97.35
0.33,54.77,4.92,54.3,17.77,156.06,0,0,98.12
0.32,54.77,5.08,54.81,17.39,157.77,0,0,98.56
0.25,54.59,4.84,54.51,17.19,158.49,0,0,98.52
0.24,54.4,4.82,53.48,17.19,158.83,0,0,98.78
0.23,55.05,4.82,54.43,17.13,159.19,0,0,99.18
0.38,55.15,4.82,54.53,17.19,159.59,0,0,100.32
0.25,55.34,4.81,54.8,17.12,161.11,0,0,100.39
0.3,55.71,5.04,54.99,17.28,163.52,0,0,101.89
0.28,55.76,5.03,54.69,17.26,162.94,10.12,0,101.8
0.29,55.3,5.24,54.95,17.5,161.9,10.25,0,102.18
0.24,55.49,5.06,54.03,17.35,161.47,10.85,0,100.89
0.24,55.63,5.06,54.64,17.65,162.53,11.6,0,101.71
0.21,55.02,5.18,53.5,17.44,158.15,11.94,0,99.84
0.24,54.71,5.11,53.8,17.13,154.48,11.77,0,98.95
0.23,53.67,5.04,53.92,17.31,156.09,10.38,0,98.36
0.23,54.47,5.15,53.7,17.24,154.1,10.38,0,98.04
0.23,54.06,5.25,53.2,17.26,154.29,10.59,0,98.28
0.23,54.78,5.05,55.29,17.56,157.7,10.5,0,98.84
0.33,54.93,5.04,55.47,17.49,156.9,10.99,0,99.05
0.28,54.97,4.97,55.48,17.47,157.95,10.88,0,99.01
0.2,55.24,5.06,55.31,17.57,157.83,10.72,0,99.18
0.3,55.24,4.97,55.31,17.57,157.83,10.72,0,99.18
0.3,55.14,4.91,54.4,17.66,153.15,10.26,0,98.68
0.28,54.73,4.9,53.99,17.76,153.81,10.35,0,99.4
0.17,54.41,4.9,54.06,17.93,154.15,10.37,0,99.26
0.21,55.24,4.94,54.88,18.15,153.4,10.58,0,101.12
0.21,56.11,4.97,55.16,18.11,155.1,9.69,0,100.32
0.21,56.21,4.99,54.83,18.11,151.11,9.68,0,100.46
0.24,56.17,4.94,54.88,18.2,154.06,9.38,0,101.72
0.25,56.12,4.84,54.07,18.26,154.1,8.9,0,101.78
0.25,55.41,4.8,52.26,18.24,153.4,8.28,0,101.3
0.3,54.48,4.82,51.33,18.32,152.88,7.74,0,100.57
0.3,53.48,4.83,50.63,18.35,157.12,7.94,0,99.89
0.3,53.85,4.57,50.66,18.38,156.24,7.38,0,99.65
0.25,54.45,4.5,51.36,18.51,156.76,7.24,0,100.15
0.25,54.07,4.5,52.02,17.97,154.05,7.34,0,100.73
0.25,55.63,4.5,53.64,17.78,154.33,9.39,0,101.55
0.25,55.79,4.7,53.9,17.91,154.84,10.26,0,100.85
0.28,55.88,4.71,53.44,17.82,153.65,10.06,0,101.03
0.23,56.16,4.65,54.52,17.93,155.99,9.78,0,101.9
0.21,57.6,4.69,50.11,17.85,152.53,10.18,0,97.71
0.21,58.52,4.67,49.52,17.84,153.1,9.27,0,98.2
0.21,59.84,4.88,51.16,17.88,157.65,9.97,0,98.54
0.21,61.65,4.82,52.57,18.21,159.39,9.94,0,98.62
0.28,63.61,4.9,54.6,18.44,165.4,10.27,0,101.72
0.21,64.08,4.85,54.27,18.49,163.61,10.07,0,101.28
0.21,64.42,4.85,54.27,18.49,163.61,10.07,0,101.28
0.21,66.13,4.85,53.37,18.31,165.9,10.27,0,102.24
0.18,64.36,4.85,53.43,18.41,165.34,10.08,0,102.36
0.16,64.98,4.85,53.01,18.3,166.01,9.98,0,101.78
0.15,64.33,4.85,52.23,18.49,165.99,10.09,0,103.09
0.15,64.62,5.11,52.63,18.44,164.21,10.36,0,103.38
0.14,63.57,4.99,53.32,18.4,163.73,10.37,0,102.9
0.17,63.24,5.13,52.8,18.54,163.52,10.41,0,103.24
0.18,62.79,5.12,53.19,18.5,162.91,10.42,0,103.19
0.18,63.51,5,52.67,18.54,163.09,10.95,0,103.63
0.31,62.74,5.06,53.05,18.42,163.12,11.63,0,103
0.31,62.9,5.1,52.58,18.4,164.01,11.1,0,99.89
0.31,63.05,5.33,52.91,18.54,166.34,10.52,0,99.65
0.23,62.68,5.47,52.55,18.37,165.39,11.34,0,99.42
0.23,63.22,5.5,53.06,18.42,167.66,11.14,0,99.84
0.23,63.09,5.32,52.74,18.48,166.32,11.24,0,99.71
0.2,62.81,5.04,52.63,18.39,165.39,11.25,0,98.96
0.21,62.34,4.91,52.04,18.25,162.97,11.21,0,97.33
0.22,62.82,4.88,51.96,18.26,163.59,11.12,0,99.1
0.21,63.37,4.79,52.77,18.17,164.63,11.15,0,100.26
0.17,63.03,4.84,52.34,18.03,163.93,10.76,0,100.15
0.17,63.32,4.92,54.13,17.75,162.63,10.8,0,99.97
0.23,61.77,4.89,52.76,17.86,162.7,10.74,0,99.03
0.17,63.21,4.89,53.24,17.75,163.62,10.74,0,99
0.2,63.46,4.81,53,17.89,163.08,10.85,0,98.93
0.18,62.51,4.74,52.37,17.92,162.65,10.86,0,98.55
0.17,63.05,4.65,52.4,17.87,164.65,10.92,0,98.4
0.17,63.82,4.7,52.65,17.85,166.11,9.26,0,99.17
0.17,65.48,4.69,53.4,17.94,165.14,10.23,0,98.86
0.21,65.29,4.68,53,17.96,165.51,11.34,0,99
0.21,65.42,4.61,52.88,17.84,165,12.81,0,98.61
0.18,65.25,4.6,53.89,17.8,164.47,11.02,0,99.47
0.17,64.98,4.6,53.65,17.84,165.29,11.67,0,100.29
0.17,63.49,4.79,53.55,17.89,165.27,11.64,0,100.34
0.16,64,4.83,53.15,17.94,165.5,11.01,0,99.93
0.17,64.22,4.77,53.06,17.89,165.78,11.57,0,100.12
0.17,63.71,4.76,53.16,18.14,166.37,12.57,0,100.39
0.17,63.05,4.71,52.88,18.15,166.61,12.9,0,100.13
0.17,63.26,4.74,53.1,18.26,166.69,12.93,0,99.84
0.17,63.18,4.67,52.34,18.17,165.59,13.1,0,99.1
0.17,63.18,4.61,52.12,18.21,166.8,13.07,0,100.26
0.21,62.45,4.54,52.3,18.27,166.15,12.68,0,99.97
0.16,62.06,4.57,52.29,18.35,164.05,12.93,0,99.93
0.18,61.91,4.44,52.57,18.38,164.8,12.8,0,100.62
0.21,63.91,4.49,54.83,18.72,167,13.09,0,101.77
0.2,63.09,4.54,54.83,18.72,167,13.09,0,101.77
0.2,62.71,4.58,54.2,19.19,166.85,14.43,0,102.36
0.2,63.29,4.49,53.63,19.35,165.99,14.71,0,102.09
0.17,62.82,4.43,53.04,19.28,165.55,15.98,0,101.32
0.16,61.67,4.34,51.76,18.73,162.35,15.68,0,97.54
0.16,61.71,4.34,52.49,19.07,164.87,15.26,0,100.64
0.16,61.84,4.26,52.13,18.81,161.31,14.04,0,98.93
0.18,61.39,4.33,51.68,18.82,162.62,12.92,0,98.62
0.18,62.17,4.44,52.16,18.89,166.47,13.45,0,99.75
0.18,61.9,4.44,51.6,18.91,164.61,13.07,0,98.84
0.18,62.55,4.62,51.66,18.73,162.68,13.06,0,98.82
0.14,63.21,4.54,52.11,18.71,162.85,13.3,0,99.21
0.14,62.99,4.57,51.5,18.95,165.79,13.55,0,100.65
0.14,63.87,4.62,51.7,19.15,166.02,13.89,0,101.72
0.14,64.87,4.62,51.62,19.07,166.63,13.49,0,101.53
0.14,64.16,4.54,51.52,18.74,165.58,12.88,0,99.14
0.14,64.33,4.55,51.84,18.74,165.96,12.5,0,99.33
0.14,64.93,4.52,51.4,18.8,165.3,12.15,0,99.41
0.14,64.97,4.44,51.21,18.51,163.67,12.16,0,97.78
0.17,64.75,4.4,51.47,18.6,166.49,12.02,0,97.22
0.17,65.45,4.61,51.92,18.2,165.51,12.86,0,97.42
0.16,66.23,4.76,51.91,17.93,165.85,12.64,0,96.1
0.14,64.11,4.76,50.45,17.56,168.6,12.47,0,95.68
0.13,63.87,4.75,49.19,17.6,171.03,12.5,0,95.64
0.13,64.01,4.68,48.13,17.55,168.84,12.44,0,96.02
0.14,63.82,4.62,47.55,17.88,171.24,12.43,0,96.25
0.14,64.14,4.58,47.13,17.46,169.71,12.3,0,95.52
0.17,63.56,4.56,47.65,17.61,170,12.27,0,96.09
0.14,64.12,4.61,47.92,17.57,168.94,12.2,0,96.2
0.14,64.18,4.6,47.4,17.48,169.46,12.21,0,95.83
0.17,63.28,4.62,46.55,17.54,167.13,12.5,0,95.51
0.18,63.02,4.7,47.04,17.54,167.2,12.49,0,96.56
0.18,62.74,4.71,46.8,17.48,167.35,12.5,0,95.98
0.16,63.09,4.63,47.41,17.36,166.97,12.65,0,95.57
0.16,61.29,4.65,48.53,17.92,167.41,13.32,0,96.31
0.14,61.45,4.68,48.06,18.08,169.57,13.48,0,96.91
0.16,61.98,4.63,47.8,17.86,168.14,13,0,96.58
0.16,60.2,4.63,47.32,17.76,166.51,12.47,0,96.05
0.16,60.56,4.71,47.91,17.85,165.63,12.35,0,95.78
0.16,61.83,4.69,48.6,17.92,166.02,12.4,0,96.31
0.16,61.62,4.82,48.35,18.09,167.12,12.35,0,96.44
0.17,60.7,4.83,47.73,17.92,163.45,12.89,0,96.08
0.21,60.27,4.85,47.84,17.67,163.7,12.85,0,96.05
0.17,59.99,4.62,47.74,18.2,160.07,12.94,0,96.23
0.18,59.37,4.76,47.56,17.76,159.59,12.8,0,95.49
0.23,59.7,4.72,47.19,18.12,165.93,12.91,0,97.33
0.21,60.1,4.82,45.73,18.27,166.55,13.29,0,97.86
0.22,58.84,4.77,44.98,18.33,153.91,15.13,0,94.35
0.22,55.93,4.82,42.7,17.98,152.87,14.57,0,90.5
0.22,56.57,4.55,43.46,17.91,152.39,15.2,0,88.95
0.22,56.23,4.37,42.9,17.9,147.94,15.09,0,87.33
0.22,56.49,4.34,43.8,18.04,152.43,15.02,0,87.5
0.23,56.19,4.44,43.38,18.11,153.34,13.53,0,87.92
0.23,56.62,4.47,43.23,18.21,154.8,12.48,0,89.27
0.24,57.26,4.48,42.85,18.28,155.16,13.76,0,89.09
0.28,57.23,4.47,43.44,18.39,157.39,14.13,0,89.62
0.28,57.37,4.58,43.48,18.56,156.51,14.54,0,90
0.32,57.38,4.58,43.66,18.37,154.57,14.06,0,88.89
0.32,57.43,4.44,43.66,18.37,154.57,14.06,0,88.89
0.32,58.07,4.43,43.78,18.52,156.42,14.5,0,89.29
0.21,58.43,4.46,43.74,18.48,156.27,14.48,0,90.24
0.21,58.51,4.48,43.88,18.39,155.8,14.02,0,90.6
0.21,57.71,4.62,42.78,18.44,151.14,14.52,0,88.28
0.21,56.6,4.62,41.97,17.77,145.34,14.16,0,87.77
0.23,57.1,4.71,43.11,17.77,146.02,14.26,0,88.08
0.27,57.04,4.8,43.07,17.97,148.88,14.48,0,87.77
0.23,56.74,4.79,43.25,18.11,147.98,14.34,0,88.18
0.24,57.17,4.65,43.06,18.73,149.9,14.47,0,89.87
0.27,57.44,4.79,43.09,18.94,151.09,14.39,0,89.39
0.27,58.06,4.75,44.15,19.03,152.82,13.53,0,90.24
0.23,57.35,4.75,44.06,19.34,153.41,12.87,0,90.82
0.22,58.48,4.75,45,19.33,155.21,13.74,0,92.03
0.22,58.69,4.76,44.75,19.15,155.59,13.25,0,90.72
0.44,59.28,4.71,44.48,19.11,156.24,13.1,0,89.9
0.37,59.19,4.65,44.21,19.51,157.77,12.8,0,91.31
0.32,59.78,4.54,44.71,19.25,156.77,12.5,0,91.46
0.32,59.84,4.47,44.28,19.36,150.45,12.07,0,90.7
0.45,59.9,4.4,44.01,19.44,151.71,12.74,0,91.31
0.38,59.72,4.32,43.6,19.29,148.74,12.94,0,91.61
0.31,59.87,4.28,43.94,19.38,150.79,13.07,0,91.58
0.31,59.87,4.28,43.94,19.38,150.79,13.07,0,91.58
0.32,59.87,4.47,43.84,19.45,151.14,13.21,0,91.33
0.32,59.99,4.53,43.31,19.55,152.39,12.52,0,90.94
0.35,60.37,4.54,43.66,19.7,153.74,12.93,0,91.73
0.32,60.7,4.54,43.55,19.64,153.31,12.25,0,91.49
0.36,60.7,4.54,43.55,19.64,153.31,12.25,0,91.49
0.39,60.58,4.49,43.47,19.58,154.75,12.46,0,91.23
0.39,60.31,4.49,43.77,19.6,157.99,13.22,0,90.42
0.45,60.16,4.66,44.05,19.55,146.75,13.01,0,91.13
0.45,60.08,4.57,43.8,19.64,149.44,12.96,0,91.84
0.45,61.4,4.52,44.3,19.35,150.27,13.13,0,91.31
0.45,61.37,4.47,44.13,19.44,149.24,12.63,0,90.52
0.45,61.9,4.48,44.9,19.38,149,12.75,0,90.44
0.45,61.8,4.49,44.46,19.3,147.53,12.82,0,90.51
0.45,62.12,4.48,44.28,19.27,149.28,12.96,0,90.4
0.45,62.55,4.49,44.28,19.27,149.28,12.96,0,90.4
0.45,60.16,4.44,44.22,19.27,153.73,13.05,0,92.36
0.45,60.87,4.47,44.31,20.05,150.48,12.99,0,93.49
0.3,62.18,4.5,44.41,19.65,149.59,12.96,0,93.85
0.3,62.52,4.44,45.04,19.72,150.08,13.13,0,94.57
0.35,62.61,4.51,45.7,19.6,151.55,13.1,0,94.76
0.38,63.05,4.53,46.44,19.61,153.05,12.86,0,95.78
0.39,64.28,4.47,47.12,19.63,154.09,13.2,0,96.39
0.29,64.75,4.5,47.24,19.47,149.97,13.27,0,96.36
0.3,64.63,4.46,47.44,19.39,148.92,13.21,0,96.32
0.4,64.31,4.46,46.96,19.25,148.34,13.29,0,95.96
0.31,64.35,4.38,47.19,19.06,149.76,13.28,0,96.13
0.29,63.91,4.45,47.21,19.07,149.85,13.13,0,95.95
0.29,64.49,4.4,46.94,19.13,149.27,12.99,0,98.84
0.31,65.19,4.39,47.52,19.47,149.07,13,0,101.11
0.31,65.48,4.39,47.2,19.41,149.77,13.05,0,100
0.36,65.43,4.44,47.57,19.33,152,13.03,0,101.63
0.36,66,4.44,48.38,19.32,154.58,13.08,0,102.63
0.36,65.95,4.43,48.28,19.48,155.73,13.02,0,102.77
0.37,65.78,4.4,47.72,19.55,155.45,13,0,102.63
0.57,65.57,4.4,47.81,19.51,155.49,12.64,0,102.73
0.6,64.75,4.37,47.24,19.42,155.89,13.2,0,102.58
0.58,65.21,4.37,46.23,19.43,156.21,13.08,0,102.93
0.55,65.37,4.33,46.59,19.48,158.51,13.04,0,102.99
0.73,65.73,4.32,47.83,19.52,161.32,13.23,0,103.66
0.62,65.44,4.3,47.83,19.52,161.32,13.23,0,103.66
0.62,65.58,4.27,47.71,19.62,160.09,13.31,0,104.56
0.76,65.67,4.42,47.89,19.7,160.2,13.04,0,104.53
0.69,66.46,4.48,49.04,19.7,153.6,13.03,0,106.52
0.67,66.59,4.62,48.65,19.74,158.85,13.16,0,107.72
0.67,66.88,4.67,48.32,19.86,157.8,13.2,0,108.7
0.78,66.72,4.68,47.84,19.68,158.81,13.17,0,109.35
0.92,67.79,4.59,47.96,20.02,159.61,13.25,0,110.22
0.91,67.71,4.68,47.74,18.79,158.43,13.28,0,109.8
0.71,67.08,4.58,47.63,18.44,158.76,13.23,0,110.21
0.68,66.75,4.5,47.28,18.35,157.8,13.25,0,109.73
0.83,67.09,4.46,47.3,18.19,157.21,13.21,0,110.55
0.96,67.01,4.46,46.92,18.24,156.38,13.38,0,109.72
0.88,66.99,4.52,47.12,18.37,155.79,13.31,0,110.28
0.86,67.09,4.51,47.43,18.57,157.56,13.25,0,110.54
0.89,67.5,4.47,47.87,18.49,158.39,13.72,0,111.02
0.83,67.92,4.58,47.95,17.99,159.12,13.88,0,110.77
0.9,68.1,4.58,48.26,17.92,162.12,14.05,0,112.42
0.81,67.63,4.62,48.54,18.04,162.04,14.42,0,112.7
0.86,68.2,4.63,49.13,18.19,161.75,14.84,0,113
0.83,68.14,4.65,48.83,17.73,162.55,15.49,0,114.01
0.89,68.14,4.67,49.06,17.54,164.61,15.06,0,113.49
0.89,68.04,4.65,48.6,17.16,164.2,15.27,0,113
0.8,67.96,4.65,48.13,17.33,162.72,15.58,0,112.95
1,69.31,4.61,48.31,17.35,164.06,15.48,0,111.79
1.18,68.67,4.58,48.73,17.32,163.68,15.83,0,112.38
1.06,68.55,4.58,48.55,17.47,162.43,15.42,0,112.8
1.06,69.85,4.65,48.42,17.6,163.69,15.33,0,113.4
1.31,69.75,4.74,48.78,17.93,162.44,15.17,0,113.52
1.52,69.61,4.65,49.4,17.97,162.07,15.6,0,112.9
1.4,69.48,4.74,49.2,17.85,161.66,15.69,0,112.91
1.51,69.48,4.81,48.87,17.76,161.51,15.64,0,113.45
1.58,69.85,4.82,49.17,17.6,161.4,15.55,0,113.19
1.55,69.5,4.83,49.24,17.6,171.77,15.72,0,112.59
1.61,70.36,4.84,49.29,17.6,170.37,15.88,0,113.6
1.56,70.21,4.76,49.04,17.87,171.27,16.26,0,113.05
1.52,70.82,4.65,49.91,17.98,170.35,16.07,0,113.42
1.34,70.69,4.61,49.93,17.87,169.96,15.99,0,113.78
1.46,70.7,4.59,49.95,17.97,168.95,16.05,0,113.06
1.46,70.7,4.59,49.95,17.97,168.95,16.05,0,113.06
1.46,70.7,4.59,50.31,18.23,170.12,16.02,0,114.74
1.56,69.13,4.61,49.8,18.3,172.21,16.07,0,115.21
1.66,68.1,4.61,48.8,18.29,171.94,15.98,0,113.91
1.68,68.54,4.51,48.85,18.34,172.95,16.04,0,109.98
1.66,68.3,4.56,48.78,18.3,172.09,16.09,0,109.62
1.7,69.98,4.56,49.88,18.69,173.03,17.12,0,112.39
1.56,69.48,4.58,49.87,18.56,172.54,16.51,0,113.09
1.61,69.71,4.68,50.27,18.61,170.48,16.3,0,111.15
1.65,68.77,4.71,50.24,18.81,171.06,16.31,0,110.19
1.64,68.5,4.71,49.72,18.76,172.54,15.81,0,110.84
1.64,68.5,4.71,49.72,18.68,172.07,16.12,0,110.55
1.63,69.17,4.77,49.51,18.71,174.58,16.15,0,110.47
1.43,68.73,4.81,48.52,18.7,173.74,15.91,0,110.61
1.48,68.81,4.83,47.69,18.66,177.2,15.85,0,111.2
1.45,69.44,5.07,47.91,19.09,178.51,15.77,0,112.25
1.44,69.88,4.97,48.15,18.33,179.52,15.12,0,112.63
1.43,69.75,5.06,48.66,18.22,177.77,15.09,0,111.93
1.4,69.84,5.04,48.74,18.43,177.57,16.07,0,110.83
1.46,70.13,5.04,48.42,18.38,178.29,16.1,0,111.19
1.45,71.03,5.25,48.7,18.36,178.57,15.4,0,111.71
1.44,70.85,5.23,48.05,18.44,180.28,15.45,0,112.36
1.31,72.31,5.01,48.74,18.38,182.21,15.51,0,113.52
1.29,71.98,4.98,48.33,18.11,180.68,15.41,0,113.75
1.15,70.74,5.11,47.92,17.96,180.84,15.46,0,113.58
1.18,70.94,5.43,48.69,18.1,182.94,15.6,0,114.74
1.22,71.81,5.27,49.02,18.37,184.14,16.94,0,116.22
1.22,71.19,5.19,48.1,18.5,180.86,16.77,0,116.46
1.22,71.35,5.23,47.97,18.73,178.83,16.62,0,117.43
1.15,72.18,5.23,48.21,18.81,180.14,16.18,0,119.48
1.01,73.44,5.27,48.01,18.86,180.93,16.32,0,119.83
0.95,73.44,5.21,48.01,18.86,180.93,16.32,0,119.83
0.95,72.25,5.22,47.17,18.74,180.51,16.34,0,119.95
0.96,72.64,5.25,47.59,18.78,182.75,16.75,0,119.8
0.97,72.35,5.25,48.04,18.94,184.69,16.65,0,120.9
0.84,73.27,5.29,47.89,19.14,184.77,16.62,0,121.79
0.84,73.29,5.28,47.8,19.12,184.51,16.36,0,121.97
0.97,74.12,5.28,48.01,18.97,185.83,16.77,0,122
0.93,73.33,5.36,47.85,19.01,184.54,16.82,0,122.3
0.88,72.33,5.32,46.63,19.3,183.45,16.76,0,121.11
0.99,72.48,5.36,46.02,19.36,181,16.61,0,120.12
0.88,71.74,5.52,46.31,19.13,179.14,15.36,0,119.17
1,71.11,5.51,46.18,19.16,179.55,15.71,0,118.69
0.92,71.53,5.61,46.52,19.21,179.9,15.25,0,119.75
0.96,71.45,5.68,46.22,19.19,180.3,15.37,0,120.51
0.99,72.23,5.61,46.19,18.64,180.88,15.54,0,121.84
0.86,73.12,5.67,46.46,18.88,183.28,15.53,0,122.9
0.81,73.07,5.64,45.91,18.73,184.55,15.24,0,122.11
0.71,72.94,5.57,45.73,18.61,184.5,16.28,0,120.19
0.67,72.04,5.56,46.11,18.63,184.11,15.98,0,119.71
0.77,72,5.56,46.27,18.81,184.57,16.3,0,119.56
0.86,71.94,5.56,46.54,18.87,182.47,15.52,0,119.51
0.81,71.3,5.56,46.51,18.61,182.28,15.52,0,118.14
0.74,70.28,5.56,46.55,18.8,183.68,15.79,0,118.93
0.74,68.76,5.56,46.17,18.43,192.79,15.53,0,117.08
0.74,68.75,5.56,45.74,18.42,193.73,15.34,0,117.45
0.77,68.77,5.77,45.49,18.29,191.73,15.18,0,116.9
0.77,68,5.57,45.49,18.29,191.73,15.18,0,116.9
0.73,69.05,5.38,45,18.13,193.92,14.96,0,118.54
0.73,68.09,5.53,45.12,17.86,193.76,14.77,0,118.35
0.74,68.55,5.42,45.32,18.04,193.52,14.95,0,117.9
0.71,68.43,5.43,45.05,17.92,193.82,14.9,0,118.16
0.68,68.04,5.38,44.52,17.99,193.89,15.09,0,117.21
0.68,69.33,5.55,45.38,18.21,197.1,15.18,0,118.23
0.69,69.48,5.6,45.93,18.04,196.25,14.98,0,117.51
0.69,69.31,5.41,46.62,18.18,198.32,15.15,0,119.13
0.69,69.68,5.38,45.59,18.18,196.6,15.04,0,119
0.95,68.79,5.45,45.25,18.05,197.18,15.11,0,119.64
0.95,69.46,5.41,45.5,18.25,198.3,15.5,0,121.62
0.95,71.26,5.41,46.16,18.28,198.12,15.39,0,119.86
1.26,72.04,5.37,46.17,18.41,198.52,15.06,0,119.58
1.19,71.1,5.46,45.83,18.31,196,14.52,0,118.89
1.55,69.39,5.44,45.56,18.36,193.67,14.78,0,117.82
1.38,69.92,5.4,45.58,18.33,193.38,15.56,0,117.65
1.42,69.9,5.54,45.7,18.43,194.46,15.65,0,118.19
1.48,65.15,5.67,44.36,17.57,194.59,15.64,0,118.51
1.48,61.91,5.4,41.9,17.39,193.35,15.42,0,116.71
1.38,63.47,5.13,43.02,17.41,194.75,15.32,0,115.88
1.38,63.76,5,42.67,17.23,193.51,15.01,0,114.46
1.28,65.73,5.05,43.87,17.18,193.04,14.72,0,114.49
1.25,66.42,5.09,43.81,17.91,193.82,15.1,0,114.76
1.25,66.4,4.93,43.25,18.17,194.97,15.25,0,115.86
1.25,65.54,4.88,42.95,18.58,194.68,15.06,0,114.67
1.07,65.37,4.71,43.19,17.97,195.39,15.03,0,115.41
1.18,64.4,4.75,42.3,18.26,194.69,15.82,0,114.22
1.13,63.78,4.68,41.84,18.24,195.65,16.96,0,114.88
1.16,63.64,4.74,41.5,18.44,197.19,15.95,0,114.76
1.16,64.46,4.78,42.01,18.55,198.7,15.65,0,116.82
1.16,64.74,5.04,42.21,18.56,198.57,16.52,0,117.73
1.2,63.47,5.04,42.51,18.43,197.08,16.36,0,115.93
1.23,62.42,5.25,41.87,18.25,197.88,16.7,0,115.33
1.16,62.74,5.13,42.05,18.47,198.12,16.82,0,116.25
1.11,62.69,5.01,42.1,18.35,196.74,16.9,0,116.23
1.21,62.11,5.05,41.57,18.26,196.73,17,0,115.46
1.27,63.57,5.06,41.75,18.28,196.88,17.03,0,114.52
1.25,63.51,5.11,42.14,18.35,198.32,16.99,0,114.8
1.18,63.51,5.09,42.1,18.34,197.88,16.92,0,115.54
1.11,62.42,5.08,41.74,18.37,198.4,16.98,0,116.55
1.12,62.44,4.89,41.75,18.43,199.54,17.23,0,116.43
1.14,63.45,4.91,41.85,18.66,200.1,17.2,0,116.93
1.23,63.25,4.91,42.65,18.82,200.23,16.97,0,117.83
1.2,63.16,4.76,42.65,18.82,200.23,16.97,0,117.83
1.2,62.74,4.69,42.17,18.68,201.09,16.34,0,117.67
1.27,63.2,4.74,42.98,18.25,202.52,16.38,0,118.62
1.15,64.41,4.77,43.59,18.52,202.21,16.4,0,118.92
1.16,64.58,4.7,44.22,18.64,202.39,16.71,0,117.06
1.11,64.33,4.69,44.29,18.8,203.7,17.09,0,117.93
1.18,63.03,4.66,44.54,18.78,204.62,17.05,0,117.05
1.11,63.22,4.66,44.26,18.82,204.45,16.83,0,116.86
1.11,61.63,4.92,44.28,18.94,204.38,17.05,0,116.73
1.14,62.27,4.83,45.83,18.7,203.4,16.72,0,115.79
1.29,61.79,4.81,44.57,19.01,203.9,17.43,0,116.08
1.18,61.06,4.77,44.85,18.57,202.33,17.6,0,115.36
1.15,60.5,4.9,44.6,18.42,201.77,17.43,0,113.43
1.2,59.96,4.9,44.37,18.22,201.02,17.17,0,112.92
1.37,60.56,4.83,44.2,18.25,201.81,17.32,0,112.51
1.61,60.22,4.77,44.12,18.34,200.61,17.16,0,113.25
1.8,61.08,4.66,44.87,18.66,200.45,17.17,0,112.21
1.83,61.79,4.66,45.05,18.87,199.8,17.05,0,111.61
1.57,61.08,4.66,43.25,18.95,199.3,16.99,0,111.8
1.44,61.37,4.67,43.27,18.57,199.45,17,0,111.01
1.5,61.96,4.6,42.77,18.7,199.35,17.17,0,110.87
1.5,61.79,4.66,42.51,18.73,199.08,17.22,0,110.19
1.44,62.21,4.72,42.28,18.68,201.18,17.4,0,111.42
1.43,61.8,4.68,41.82,18.68,209.25,17.04,0,111.54
1.38,62.8,4.72,41.72,18.54,210.11,17.27,0,111.27
1.41,63.3,4.82,42.02,18.59,208.19,17.42,0,113.37
1.41,64.21,4.7,42.64,18.8,207.96,17.89,0,115.17
1.38,64.58,4.69,42.47,18.84,207.74,18.14,0,114.26
1.34,64.12,4.66,42.67,18.9,207.4,18.65,0,114.53
1.27,63.81,4.56,42.49,18.93,208.56,18.63,0,113.99
1.34,63.68,4.58,42.13,18.78,210.45,18.61,0,113.52
1.27,63.9,4.58,42.25,18.75,213.64,18.79,0,112.65
1.31,63.97,4.56,42.18,18.79,211.79,18.64,0,112.51
1.23,63.41,4.48,42.13,18.81,211.98,18.48,0,108.15
1.18,63.7,4.44,42,18.78,211.25,18.14,0,109.52
1.11,63.93,4.46,42.23,18.67,211.71,17.97,0,109.36
1.15,63.38,4.4,41.76,18.59,212.65,18.13,0,108.57
1.19,63.62,4.47,42.06,18.74,212.48,17.78,0,107
1.19,65.23,4.59,41.99,18.81,211.74,17.9,0,106.93
1.12,65.96,4.75,42.26,18.93,211.9,17.95,0,105.94
1.07,64.58,4.8,41.98,18.7,213,17.55,0,104.7
1.07,63.98,4.97,41.34,18.85,219.09,17.5,0,104.64
1,64.24,5.09,41.14,18.92,216,17.41,0,103.75
0.98,65.28,5.11,40.65,18.77,214.32,17.26,0,102.8
0.95,65.61,5.23,40.32,18.77,215.91,17.11,0,102.66
1.01,65.14,5.25,40.81,18.59,215.8,16.93,0,102.14
1.25,64.78,5.45,41.43,19.02,215.48,16.42,0,103.02
1.25,65.1,5.43,42.22,18.95,217.63,16.01,0,103.09
1.22,65.02,5.48,42.11,19.32,218.13,15.6,0,102.46
1.27,64.49,5.4,42.8,19.76,218.67,15.61,0,103.02
0.99,64.85,5.61,41.87,19.66,220.76,15.88,0,103.51
1.01,64.36,5.39,41.32,19.69,218.09,16.3,0,102.72
1,64.24,5.46,41.16,19.71,217.16,16.17,0,102.05
0.95,65.08,5.75,40.87,19.99,217.34,16.89,0,102.66
0.91,65.46,5.54,40.94,19.95,216.29,16.73,0,102.64
0.9,65.7,5.71,40.6,19.91,217.58,17.02,0,102.54
0.92,66.87,5.6,42.06,20.2,219.76,17.37,0,103.36
0.99,66.05,5.54,42.21,20.18,220.45,17.5,0,103.54
0.97,66.32,5.54,42.21,20.18,220.45,17.5,0,103.54
0.97,65.73,5.64,42.4,20.34,221.88,17.38,0,103.18
0.97,65.25,5.64,42.35,20.36,220.12,17.26,0,102.72
0.97,65.27,5.67,41.75,20.34,220.02,17.36,0,102.88
0.88,63.07,5.69,40.83,20.31,214.36,17.53,0,102.68
0.86,61.59,5.43,41.61,20.4,217.59,17.44,0,102.75
0.86,62.82,5.43,41.66,20.57,218.6,17.62,0,103.71
0.85,62.99,5.62,41.09,20.83,216.34,17.24,0,104.61
0.81,63.71,5.7,40.71,20.78,216.82,17.23,0,105.46
0.81,66.03,5.7,41.25,20.88,216.93,17.54,0,107.6
0.85,65.12,5.68,41.39,20.83,216.85,17.54,0,106.7
0.88,64.88,5.72,41.25,20.79,217.98,17.44,0,106.59
0.99,65.71,5.67,40.96,20.75,219.37,17.47,0,106.04
0.93,66.25,5.57,41.43,20.67,220.01,17.66,0,107.3
0.81,66.05,5.56,41.19,20.72,218.58,17.92,0,108.24
0.95,64.7,5.56,40.99,20.58,222.75,17.77,0,107.68
1.01,65.23,5.58,41.2,20.27,224.44,18.09,0,109.68
1.04,65.15,5.75,41.51,20.45,222.42,18.15,0,107.97
1.04,65.61,5.75,41.9,20.15,223.23,17.92,0,108.12
1.11,64.64,5.61,42.03,20.35,223.51,17.99,0,104.37
1.14,65.86,5.75,41.73,20.24,224.6,17.91,0,104.78
1.01,65.29,5.75,41.76,20.26,223.81,18.15,0,104.65
1.01,65.29,5.75,41.76,20.26,223.81,18.15,0,104.65
1.01,65.29,5.75,41.95,20.46,225.51,18.42,0,104.11
1,65.75,5.78,41.75,20.34,225.98,19.42,0,104.71
1.08,65.09,5.8,42.16,20.33,227.98,20.7,0,104.81
1.14,65.84,5.95,42.67,20.3,228.57,21.13,0,105.65
1.14,65.84,5.95,42.67,20.3,228.57,21.13,0,105.65
1.29,64.89,5.79,43.06,20.37,226.56,20.8,0,104.39
1.27,64.84,5.78,42.58,20.03,227.5,20.66,0,104.26
1.16,64.55,5.96,42.56,19.69,225.79,20.47,0,103.47
1.04,65.28,6.02,43.33,19.87,219.88,21.2,0,104.3
0.96,64.69,6.02,43.54,19.87,216.84,21.83,0,104.14
0.9,65.14,5.79,43.19,19.63,222.08,21.16,0,104.89
0.93,65.21,5.89,42.73,19.37,219.36,21.42,0,105.63
0.89,66.33,5.88,43.44,19.56,219.05,21.64,0,104.86
0.93,65.25,5.9,43.91,19.55,217.52,22.38,0,104.5
0.89,65.87,5.82,43.91,19.55,217.52,22.38,0,104.5
0.89,66.11,5.96,43.68,19.36,217.76,21.36,0,104.87
0.84,65.71,5.88,43.17,19.54,219.22,21.27,0,105.79
0.95,65.02,5.94,42.47,19.46,217.29,20.82,0,105.07
0.89,66.49,5.97,42.34,19.7,218.28,21.11,0,108.92
0.89,66.23,6.04,42.15,19.67,219.32,21.38,0,108.81
0.99,66.99,6.05,42.25,19.71,220.78,21.93,0,109.53
1.05,65.36,6.05,41.98,19.72,222.03,21.79,0,110.6
1.13,63.97,6,41.11,19.43,221.31,21.61,0,107.49
1.06,64.87,5.98,42.06,19.26,223.64,21.45,0,110.19
1.05,64.03,5.84,41.7,19.19,220.74,22.04,0,108.61
1.08,63.46,5.68,41.81,19.24,220.05,21.98,0,107.94
1.13,63.3,5.75,41.97,19.32,219.47,22,0,107.23
1.11,63.36,5.81,41.98,19.16,220.69,22.08,0,105.17
1.04,62.52,5.79,41,18.99,215.89,22,0,103.44
1.04,60.85,5.8,38.94,18.41,211,21.44,0,98.69
1.01,59.36,5.86,39.37,18.58,216.29,21.12,0,100.33
0.91,61.01,5.91,38.76,18.58,214.15,21.15,0,98.88
0.92,59.07,5.9,37.56,18.06,208.73,20.5,0,100.39
0.89,57.96,5.77,37.19,18.05,210.26,20.83,0,99.94
0.89,58.65,5.65,37.39,18.56,213.01,20.85,0,102.4
0.89,57.55,5.68,36.78,18.41,213.47,21.56,0,103.05
0.91,58.32,5.68,37.41,18.41,214,21.13,0,102.54
0.95,58.1,5.72,37.85,18.41,216.81,21.23,0,103.69
0.93,58.47,5.72,37.94,18.4,219.45,21.41,0,104.31
0.88,58.32,5.82,37.94,18.4,219.45,21.41,0,104.31
0.88,59.01,5.75,37.87,18.25,217.33,21.05,0,102.85
0.9,58.45,5.69,37.62,18.25,213.79,20.76,0,103.72
0.86,57.2,5.66,36.92,18.29,213.11,20.38,0,102.98
0.97,58.58,5.78,37.3,18.51,217.46,21.52,0,106.11
0.91,58.64,5.61,37.48,18.65,218.04,21.84,0,106.68
0.91,57.76,5.66,36.65,18.41,218.05,21.43,0,104.08
0.91,56.42,5.66,36.4,18.18,215.48,20.9,0,103.55
0.89,56.11,5.67,36.3,17.99,215.95,20.44,0,104.68
0.78,55.43,5.68,36.46,18,219.84,20.57,0,106.81
0.78,55.44,5.62,36.49,18.26,219.52,20.71,0,107.7
0.76,55.1,5.66,36.17,18.89,222.56,20.88,0,107.98
0.8,55.17,5.49,36.36,18.81,223.91,21.21,0,106.89
0.81,55.97,5.68,36.23,19.05,227.7,21.42,0,109
0.76,56.13,5.56,36.38,19.21,230.34,21.67,0,108.3
0.9,55.89,5.48,36.01,18.98,230.15,21.57,0,107.14
0.83,54.72,5.25,35.39,18.86,227.94,21.49,0,107.24
0.76,55.61,5.15,35.76,18.92,227.39,21.52,0,105.61
0.66,55.43,5.3,34.97,18.64,226.89,21.55,0,104.99
0.7,54.95,5.34,34.6,18.58,228.54,20.35,0,103.46
0.74,52.93,5.32,34.24,18.16,226.35,20.76,0,101.74
0.76,52.38,5.29,33.56,18.27,227.61,21.08,0,100.27
0.8,50.89,5.32,33.17,18.19,226.07,20.54,0,97.75
0.81,51.03,5.17,33.24,18.31,224.23,20.36,0,97.67
0.74,51.51,5.04,33.53,18.05,220.92,20.21,0,95.63
0.73,51.23,4.99,33.69,18.17,220.35,19.93,0,96.35
0.71,51.83,5.02,33.39,18.31,218.47,19.68,0,96.73
0.74,53.64,5.03,34.58,18.51,220.49,19.49,0,99.79
0.73,54.26,5.15,34.65,18.49,227.92,19.44,0,99.4
0.73,54.26,5.15,34.65,18.49,227.92,19.44,0,99.4
0.73,54.26,5.21,34.38,18.2,228.16,19.26,0,97.54
0.7,54.51,5.23,34.87,18.36,225.09,19.7,0,99.85
0.78,55.33,5.11,36.06,18.64,226.45,19.98,0,100.92
0.74,56.3,5.19,35.75,18.59,229.93,20.14,0,101.7
0.7,56.62,5.25,36.43,18.52,227.19,20.09,0,101.02
0.73,56.59,5.27,36.44,18.42,226.21,20.48,0,100.7
0.71,55.96,5.5,36.42,18.44,226.07,21.37,0,101.1
0.7,55.43,5.5,35.83,18.54,225.45,21.08,0,100.72
0.74,54.82,5.44,35.68,18.39,224.22,20.98,0,100.25
0.7,54.1,5.4,35.66,18.54,223.89,21.53,0,101.85
0.67,53.1,5.29,35.54,18.77,227.02,21.8,0,102.95
0.76,52.09,5.31,35.06,18.8,231.4,21.69,0,103.3
0.76,50.69,5.46,34.98,18.2,232.16,21.24,0,101.44
0.81,47.94,5.47,33.74,18.01,229.62,21.15,0,85.64
0.76,48.6,5.38,34.14,17.63,227.58,20.68,0,84.27
0.76,49.31,5.26,33.84,17.31,228.26,20.86,0,83.67
0.82,49.18,5.15,33.61,17.67,226.23,20.8,0,82.49
0.82,50.57,5.03,34.72,17.85,226.87,20.73,0,81.81
0.78,52.09,4.83,36,17.81,228.73,21.12,0,81.49
0.81,52.94,4.81,36.63,17.79,234.22,21,0,82.56
0.92,52.53,4.92,36.37,17.69,233.13,21.22,0,82
0.92,51.23,4.92,36.22,17.78,229.68,21.53,0,81.2
0.74,51.48,4.97,36.07,17.73,226.8,21.71,0,80.1
0.68,51.2,4.9,35.8,17.79,224.07,21.96,0,80.44
0.68,51.07,4.77,35.94,17.95,221.28,21.88,0,81.87
0.81,51.07,4.97,35.96,17.92,223.8,22.07,0,81.51
0.73,50.03,4.81,36.29,17.88,221.46,21.61,0,80.81
0.74,51.34,4.97,38.56,17.43,221.97,21.45,0,81.99
0.78,51.42,4.97,38.46,17.4,220.39,22.78,0,83
1.03,50.7,4.98,38.05,17.51,220.23,23.04,0,81.2
0.84,50.06,4.93,38.2,17.41,221.82,23,0,80.86
0.83,50.26,4.84,37.8,17.5,221.77,23.33,0,79.93
0.83,50.44,4.9,37.52,17.42,221.46,23.74,0,80.89
0.82,50.11,4.84,37.95,17.08,222.15,24.37,0,81.04
0.82,49.91,4.77,37.95,17.29,220.3,23.77,0,80.75
0.82,49.45,4.73,38.16,17.32,219.34,23.91,0,80.15
0.8,49.42,4.74,38.06,17.15,215.92,24.7,0,79.87
0.76,49.44,4.83,38.37,17.37,216.58,24.95,0,81.7
0.82,49.91,4.88,37.7,17.47,216.96,25.96,0,81.61
0.76,50.82,4.89,37.14,17.46,216.81,26.12,0,80.34
0.74,50.82,4.93,37.14,17.46,216.81,26.12,0,80.34
0.74,49.77,4.93,36.08,17.41,219.74,25.88,0,79.27
0.82,50.03,4.85,35.95,17.48,224.84,26.89,0,80.32
0.81,50.82,4.86,36.19,17.6,223.08,27.08,0,79.54
0.76,50.25,4.86,36.38,17.59,222.75,27.23,0,78.18
0.76,50.05,4.86,36.17,17.79,225.83,28.16,0,78.41
0.74,49.12,4.91,36.06,17.72,225.27,27.99,0,77.51
0.73,48.64,4.84,35.53,17.64,224.36,28.62,0,76.85
0.71,47.88,4.98,34.92,17.74,223.53,28.85,0,77.39
0.71,48.02,4.99,34.66,17.92,227.28,28.85,0,79.42
0.7,49.21,4.99,34.96,17.94,226.09,29.01,0,80.47
0.7,48.34,4.99,34.57,18.08,229.71,30.16,0,80.32
0.69,48.81,4.99,34.77,18.07,229.23,30.1,0,80.1
0.69,49.05,4.99,34.74,18.14,232.18,31.23,0,80.85
0.74,48.52,4.99,35.12,18.06,233.02,32.08,0,81.88
0.71,47.74,4.99,34.49,17.47,232.26,31.15,0,80.03
0.61,48.48,4.99,34.76,17.51,231.85,30.79,0,80.84
0.62,49.64,4.9,35.74,17.44,231.5,31.68,0,81.75
0.57,50.42,4.8,35.32,17.34,231.36,31.94,0,79.47
0.5,51.37,4.72,36.23,17.3,231.52,31.7,0,80.19
0.51,49.95,5.09,35.94,17.24,228.04,31.18,0,79.97
0.54,49.33,5,35.93,17.22,229.65,31.05,0,79.77
0.51,49.68,4.88,35.73,17.05,229.41,31.68,0,79.9
0.55,50.92,4.75,36.82,17.2,232.33,31.95,0,81.66
0.52,50.31,4.77,37.14,17.31,218.87,31.9,0,80.74
0.55,50.17,4.9,37.32,17.2,215.91,32.3,0,80.24
0.55,51.36,4.9,37.77,17.3,214.99,32.48,0,81.12
0.51,51.64,4.93,37.77,17.3,214.99,32.48,0,81.12
0.66,51.23,4.9,38.63,17.39,215.74,32.75,0,82.03
0.63,51.27,4.86,38.58,17.47,214.98,33.21,0,82.26
0.74,52.01,4.97,38.83,17.4,218.3,32.95,0,82.18
0.69,51.64,5.04,38.62,17.48,217.98,32.93,0,82.67
0.74,50.96,5.01,38.2,17.29,217.35,33.26,0,82.84
0.74,51.58,4.93,38.41,17.29,217.52,32.87,0,83.2
0.67,51.56,5,37.99,17.28,215.5,32.64,0,82.68
0.6,50.86,4.86,37.84,17.03,213.45,31.86,0,81.92
0.57,50.18,4.9,37,16.53,213.85,31.64,0,82.33
0.52,50.41,4.97,37.33,16.41,214.36,32.61,0,82.15
0.52,50.73,4.92,37.8,16.72,215.82,32.75,0,80.9
0.53,52.01,5.04,38.34,16.84,215.96,33.39,0,84.31
0.47,51.51,5.07,37.56,16.72,215,33.24,0,83.22
0.44,51.88,5.07,37.57,16.8,214.6,33.19,0,83.56
0.42,52.18,5.01,37.51,16.56,215.15,33.37,0,83.81
0.43,54.86,5.01,37.38,16.56,214.63,33,0,84.46
0.45,54.05,5.15,37.1,16.45,213.95,32.87,0,85.47
0.45,54.54,5.28,37.65,16.48,209.67,33.02,0,86.62
0.42,55.18,5.34,38.31,16.73,210.23,33.46,0,86.3
0.45,54.92,5.32,37.97,16.58,208.46,33.99,0,85.54
0.45,54.51,5.3,38.05,16.77,207.94,34.22,0,86
0.43,55.03,5.32,38.24,16.8,214.01,34,0,86.84
0.43,54.8,5.28,37.81,16.74,212.52,34.12,0,86.15
0.43,54.78,5.4,37.96,15.65,217.13,34.1,0,85.53
0.39,55.32,5.47,38.27,15.14,214.41,28.87,0,83.75
0.39,55.09,5.4,38.08,15.42,214.78,33.12,0,84.4
0.39,54.57,5.47,37.6,15.07,213.3,33.37,0,82.56
0.35,54.5,5.32,37.81,15.04,213.83,33.93,0,81.86
0.43,54.8,5.22,37.85,15.06,221.81,33.19,0,82.31
0.46,53.69,5.1,37.58,15.03,208.27,31.88,0,83.41
0.44,54.61,5.08,37.92,15.24,202.48,31.8,0,84.68
0.42,55.21,5.08,38.04,15.15,203.93,32.05,0,85.05
0.46,55.46,5.2,38.23,14.99,202.9,32.05,0,84.58
0.39,54.15,5.29,37.64,14.97,200.49,31.98,0,83.53
0.39,53.68,5.29,37.58,14.7,203.36,32.61,0,82.43
0.39,53.16,5.36,36.39,14.56,204.88,33.04,0,82.32
0.37,51.34,5.25,35.98,14.35,207.6,33.67,0,79.69
0.39,51.34,5.22,36.17,14.24,210.26,33.4,0,80.26
0.39,51.12,5.26,35.82,14.16,207.17,33.55,0,79.5
0.35,50.4,5.21,35.9,14.1,209.25,33.34,0,79.06
0.35,49.63,5.18,35.67,14.22,208.76,33.8,0,78.57
0.35,48.88,5.18,35.54,14.09,208.2,33.66,0,77.89
0.31,48.98,5.1,35.54,14.09,208.2,33.66,0,77.89
0.31,49.16,5.18,35.01,14.35,211.11,33.73,0,77.64
0.32,48.76,5.02,34.76,14.29,209.75,34.6,0,78.79
0.28,48.37,5.05,34.87,14.38,208.62,37.26,0,78.62
0.3,48.4,5.21,34.8,14.23,211.72,39.8,0,78.6
0.27,47.99,5.21,35.05,14.22,212.06,42.21,0,78.38
0.22,46.69,5.21,33.9,14.2,215.26,43.47,0,77.45
0.21,49.43,5.25,35,14.52,215.99,40.76,0,80.05
0.21,48.49,5.28,34.36,14.45,214.83,38.85,0,79.78
0.18,48.07,5.38,34.16,14.37,212.05,39.64,0,79.33
0.23,48.19,5.18,34.4,13.92,212.33,40.02,0,80.3
0.23,47.29,5.13,33.9,13.56,213.52,41.16,0,80.33
0.2,46.76,5.29,33.69,13.38,215.17,42.39,0,80.91
0.2,46.25,5.36,34.4,13.67,218.57,42.43,0,82.55
0.18,47.51,5.33,34.73,13.61,216.94,42.27,0,83.75
0.18,46.55,5.17,34.16,13.46,216.32,41.46,0,81.61
0.18,46.5,5.25,34.6,13.55,214.51,41,0,79.91
0.17,46.65,5.17,35.03,13.38,213.76,40.18,0,80.5
0.17,47.48,5.32,35.13,13.09,214.94,41.37,0,81.51
0.17,47.08,5.26,34.7,13.12,215.62,41.46,0,81.54
0.18,46.01,5.22,34.39,12.96,213.32,40.62,0,81.82
0.15,46.72,5.28,34.95,12.88,212.73,40.4,0,83.52
0.15,46.89,5.18,34.97,12.76,210.76,40.1,0,82.91
0.18,45.31,5.12,34.52,12.5,222.1,39.13,0,83.82
0.16,44.98,5.1,34.66,12.59,223.18,39.18,0,84.1
0.16,44.95,5.31,34.7,12.62,228.67,43.9,0,84.89
0.16,44.89,5.25,34.76,12.62,226.27,43.61,0,84.63
0.16,45.31,5.35,35.12,12.43,221.61,42.73,0,84.62
0.21,44.72,5.31,35.21,12.38,217.77,40.62,0,82.31
0.2,42.98,5.27,33.1,12.16,225.69,40.59,0,82.31
0.2,43.75,5.2,33.95,12.36,223.71,41.12,0,83.49
0.18,41.72,5.4,33.38,12.35,226.96,42,0,83.5
0.18,43.13,5.53,33.55,12.5,227.2,41.77,0,84.56
0.2,43.02,5.64,33.34,12.58,225.09,40.97,0,87.52
0.21,43.34,5.57,33.65,12.61,222.93,41.14,0,88.83
0.21,44.16,5.68,33.82,12.53,219.16,42.88,0,87.51
0.23,46.03,5.54,34.58,12.65,214.88,41.15,0,88.5
0.23,46.33,5.35,33.91,12.62,212.18,40.05,0,89.2
0.23,47.39,5.26,35.18,12.81,213.15,41.64,0,90.63
0.24,47.53,5.25,34.59,12.61,209.96,39.51,0,89
0.21,46.62,5.2,34.2,12.91,202.75,39.43,0,90.46
0.24,45.29,5.14,34.19,12.54,198.47,40.88,0,90.47
0.24,44.57,5.13,33.85,12.88,199.23,41.1,0,88.07
0.18,44.89,5.13,34.88,12.68,200.88,41.58,0,88.35
0.18,43.9,5.47,33.83,12.54,201.32,41.17,0,88.75
0.43,44.75,5.67,34.52,12.59,200.3,41.87,0,89.55
0.3,43.91,5.68,34.6,12.8,204,41.95,0,88.77
0.47,45,5.65,34.9,13.02,206.75,37.33,0,89.07
0.38,44.28,5.68,35.06,13.42,204.72,38.11,0,89.48
0.25,43.54,5.5,35.55,13.65,203.13,37.24,0,89.18
0.25,38.91,5.37,34.61,13.38,201.97,35.57,0,87.96
0.24,37.26,5.47,33.9,13.55,199.64,34.24,0,86.4
0.24,37.01,5.47,33.8,13.49,197.31,33.08,0,85.5
0.24,36.45,5.47,33.16,13.59,197.44,34.7,0,85.83
0.21,35.56,5.58,33.74,13.55,196.53,34.28,0,86.33
0.39,35.75,5.55,32.77,13.2,193.39,32.97,0,87.63
0.2,35.81,5.55,32.5,13.16,190.72,32.13,0,86.55
0.21,35.77,5.64,31.73,12.94,194.21,31.71,0,83.95
0.21,35.07,5.69,31.73,12.94,194.21,31.71,0,83.95
0.21,35.88,5.72,31.46,12.91,192.84,31.58,0,84.05
0.21,35.69,5.65,31.21,12.84,194.11,30.64,0,83.84
0.21,35.79,5.71,30.93,12.32,195.8,30.07,0,85.05
0.18,35.95,5.85,31.06,11.93,201.32,29.49,0,86.39
0.16,36.53,5.93,30.71,12.23,196.21,29.37,0,86.96
0.13,36.12,5.82,30.46,12,195.76,29.8,0,86.53
0.14,36.55,5.75,30.64,11.72,198.21,30.49,0,87.08
0.1,36.08,5.68,29.82,11.5,191.17,29.7,0,85.43
0.12,35.82,5.74,29.82,11.5,191.17,29.7,0,85.43
0.12,35.21,5.79,29.96,11.19,190.72,29.2,0,85.29
0.1,34.98,5.95,29.52,11.04,188.61,28.7,0,84.56
0.08,35.74,5.88,29.77,10.82,187.3,28.86,0,84.22
0.08,35.79,5.75,29.91,10.5,188.77,28.94,0,84.33
0.06,35.98,5.75,30.52,10.42,186.73,29.81,0,83.82
0.06,35.48,5.85,30.36,10.39,182.63,29.8,0,84.34
0.06,34.94,5.88,29.58,9.88,181.27,28.66,0,82.5
0.09,34.52,5.76,29.05,9.48,176.05,27.65,0,81.4
0.07,33.81,5.73,29.02,9.24,172.62,27.36,0,75.17
0.06,33.5,5.92,28.8,9.02,172.09,27.29,0,72.04
0.03,33.53,5.86,29.24,8.91,166.88,28.01,0,69.08
0.02,33.27,5.88,29.46,8.84,162.18,28.21,0,66.21
0.02,33.09,5.88,29.11,8.87,156.95,27.32,0,65.97
0.02,33.09,5.88,29.11,8.87,156.95,27.32,0,65.97
0.02,33.09,5.97,29.23,9.2,163.42,28.48,0,66.86
0.03,32.34,5.97,29.27,9,163.5,27.99,0,66.68
0.07,33.74,5.94,29.85,9.22,162.86,27.94,0,67.27
0.07,32.84,5.94,30.52,9.27,160.82,27.22,0,66.76
0.07,32.84,5.94,30.52,9.27,160.82,27.22,0,66.76
0.12,32.56,5.95,30.38,9.39,164.04,27.46,0,67.31
0.08,32.64,5.9,30.66,9.47,161.6,27.29,0,66.44
0.12,33.93,5.93,31.28,9.89,166.62,29.06,0,69.55
0.12,32.5,5.88,30,10.06,170.12,28.39,0,67.42
0.13,32.92,5.85,30.28,10.35,172.34,29.74,0,67.87
0.21,32.8,5.74,31.09,10.3,150.94,29.51,0,67.91
0.17,32.9,5.85,31.15,10.25,159.93,29.35,0,68.15
0.27,33.45,5.91,31.69,10.3,159.21,29.29,0,69.5
0.21,32.84,5.94,31.36,10.21,160.86,28.95,0,69.62
0.23,32.89,5.96,31.74,10.11,160.53,30.94,0,70.5
0.17,32.47,5.99,30.94,9.88,159.88,32.13,0,70.75
0.17,33,5.97,31.42,10.1,160.36,31.65,0,72.52
0.15,33.38,5.96,32.38,10.27,164.15,33.01,0,73.79
0.17,33.69,5.88,32.38,10.27,164.15,33.01,0,73.79
0.17,33.22,5.88,32.34,10,164.73,32.98,0,72.81
0.16,32.6,5.81,32.64,9.89,165.59,33.08,0,74
0.15,31.85,5.86,32.12,9.34,164.79,32.27,0,71.55
0.15,31.42,6.01,32.27,9.48,166.8,32.21,0,72.73
0.16,31.2,6.01,31.8,9.57,167.9,32.23,0,74.35
0.13,32.97,5.88,32.17,9.86,168.15,32.46,0,74.41
0.12,34.57,5.89,32.92,10.11,170.61,33.95,0,74.48
0.12,35.29,5.94,33.53,10.48,173.66,35.41,0,76.72
0.12,35.6,5.89,33.92,10.37,173.75,36.54,0,75.73
0.1,35.21,5.75,33.24,10.47,172.81,36.44,0,76.05
0.12,36.52,5.75,33.74,10.62,174.72,35.83,0,75.81
0.15,35.9,5.79,33.42,10.5,172.29,34.83,0,75.51
0.15,35.95,5.77,33.67,10.32,174.05,34.38,0,76.73
0.15,35.32,5.74,33.3,10.84,175.22,37.07,0,79.98
0.15,36.13,5.75,33.48,10.77,172.77,37.51,0,79.05
0.12,36.09,5.74,33.59,10.78,171.94,38.17,0,80.6
0.12,36.95,5.86,34.06,10.94,174.77,38.6,0,81.3
0.12,37.09,5.89,34.02,11.09,173.96,38.37,0,81.85
0.12,37.55,5.96,34.42,11.31,174.91,38.76,0,83.46
0.1,37.01,6.04,34.42,11.31,174.91,38.76,0,83.46
0.1,36.9,6.04,34.8,11.34,174.72,38.56,0,83.39
0.14,37.44,5.94,35.92,11.68,166.98,40.13,0,85.04
0.09,37.31,5.89,34.2,11.73,165.65,40.69,0,85.58
0.09,37.72,5.81,34.41,11.86,169.06,41,0,87.15
0.09,38.01,5.86,34.4,11.36,167.15,40.15,0,86.6
0.09,37.23,6,34.17,11.13,169.41,39.59,0,86.51
0.09,36.71,6.15,34.14,10.91,169.25,39.92,0,87.27
0.06,36.23,6.06,33.59,11.16,169.16,40.89,0,86.94
0.09,37.6,6.51,33.8,11.3,171.94,40.82,0,87.51
0.05,37.72,6.7,33.95,10.8,170.63,39.65,0,87.28
0.07,38.1,6.4,34.28,10.86,167.47,44.72,0,86.98
0.07,40.06,6.53,34.75,10.68,166.06,42.1,0,87.02
0.08,40.42,6.53,34.58,10.67,167.64,43.59,0,86.97
0.09,40.44,6.39,34.34,10.59,166.19,44.02,0,87.45
0.09,40.19,6.43,34.85,10.9,168.33,47.08,0,89.24
0.09,40.53,6.51,34.53,10.68,168.81,46.89,0,88.8
0.09,39.14,6.5,34.39,10.7,170.66,47.69,0,89.5
0.09,39.38,6.45,34.26,10.52,170.61,48.56,0,89.79
0.09,40.45,6.54,34.8,10.7,170.45,48.01,0,90.85
0.09,41.51,6.53,35.17,10.52,171.08,49.7,0,90.73
0.27,42,6.38,35.15,10.48,167.33,48.9,0,90.5
0.16,41.83,6.39,34.62,10.29,164.6,47.63,0,90.74
0.16,41.77,6.25,34.42,10.18,169.39,47.1,0,91.91
0.16,40.54,6.1,34.23,10.08,169.53,44.71,0,91.17
0.16,40.37,5.81,33.92,10.08,168.04,45.5,0,88.27
0.16,40.5,5.98,34.36,10.29,171.71,45.33,0,88.59
0.16,40.59,5.98,34.22,10.29,170.12,44.37,0,87.03
0.16,41.4,5.98,34.55,10.3,172.5,45.46,0,87.28
0.16,41.95,5.91,34.57,10.28,175.33,46.09,0,88.39
0.16,41.18,5.88,34.59,10.35,177.59,46.56,0,88.2
0.16,41.75,5.88,34.27,10.18,176.71,46,0,88.01
0.16,40.97,5.88,33.2,10.09,179.69,44.55,0,85.81
0.16,41.07,5.76,33.53,10.27,191.45,43.35,0,86.07
0.12,40.98,5.66,33.61,10.33,193.3,43.26,0,85.44
0.12,40.87,5.59,33.44,10.12,192.34,43.31,0,85.31
0.13,40.85,5.63,33.23,9.92,190.89,42.99,0,85.84
0.13,40.7,5.55,33.38,9.97,190.1,43.62,0,85.71
0.12,40.53,5.5,32.79,9.97,191.17,43.68,0,85.51
0.1,40.57,5.5,32.93,9.9,190.53,44.58,0,85.77
0.1,41.03,5.64,32.98,9.97,190.92,45.11,0,86.19
0.08,41.07,5.85,32.7,10.27,190.01,45.24,0,86.21
0.08,40.72,5.85,32.83,10.27,191.58,44.03,0,85.48
0.1,40.15,5.62,32.58,10.08,198.8,42.67,0,84.49
0.1,40.15,5.62,32.58,10.08,198.8,42.67,0,84.49
0.12,40.15,5.42,32.6,10.1,205.46,43.8,0,84.29
0.12,40.57,5.59,32.15,10.2,207.48,43.6,0,84.91
0.12,39.98,5.8,31.73,9.63,210.14,43,0,84.45
0.12,39.17,5.68,31,8.86,212.16,41.07,0,83.59
0.12,39.3,5.89,31.41,9.16,212.16,41.35,0,84.76
0.12,39.55,5.91,31.47,9.11,212.54,41.55,0,84.9
0.12,39.27,6,32,9.08,211.67,42.77,0,86.56
0.12,38.45,6,31.38,9.12,212.09,50.45,0,85.78
0.12,37.83,5.8,30.84,9.1,209.12,51.86,0,84.92
0.12,38.06,5.74,30.93,9.19,211.4,52.19,0,85.7
0.12,38.06,5.72,30.87,9.32,210.41,53.24,0,85.12
0.12,37.74,5.82,30.44,9.1,207.87,52.95,0,84.43
0.12,37.37,5.82,28.43,9,207.19,52.45,0,83.81
0.06,37.9,5.97,29,9.23,201.89,52.75,0,83.93
0.03,37.29,5.92,28.32,9.14,203.23,47.7,0,84.54
0.03,37.63,5.83,28.1,9.05,201.06,47.96,0,83.7
0.03,37.75,5.79,27.76,9.05,205.33,50.02,0,84.09
0.03,38.16,5.73,27.36,9.12,204.99,50.06,0,85.34
0.06,38.45,5.72,27.16,9.06,206.8,51.35,0,85.51
0.06,38.85,5.66,27.5,9.1,204.79,50.54,0,86.81
0.06,39.04,5.61,27.87,9.06,203.05,50.91,0,86.23
0.06,39.16,5.64,27.46,9.19,205,50.15,0,85.76
0.06,39.18,5.58,26.9,8.95,204.97,49.83,0,85.49
0.06,38.77,5.56,26.54,8.76,206.21,49.4,0,86.24
0.06,39.2,5.61,26.29,8.74,198.68,50.44,0,84.64
0.05,39.2,5.67,26.29,8.74,198.68,50.44,0,84.64
0.05,37.91,5.45,25.34,8.53,194.24,48.85,0,81.55
0.05,36.91,5.69,24.9,8.81,188.9,49.27,0,81.14
0.05,37.16,5.69,24.53,8.71,187.29,50.4,0,79.6
0.06,36.25,5.71,24.14,8.52,176.45,49.23,0,77.13
0.06,36.34,5.71,23.68,9.03,177.23,49,0,78.61
0.07,37.28,5.71,24.69,9.59,184.44,50.99,0,78.5
0.13,37.15,5.71,25.05,9.35,187,52.06,0,77.25
0.13,38.29,5.71,26.33,9.48,184.16,52.36,0,77.2
0.15,39.59,5.71,26.41,9.5,188.4,52.92,0,78.17
0.15,39.67,5.63,25.9,9.78,191.96,54.19,0,76.96
0.18,40.34,5.68,26.07,9.9,194.96,53.19,0,78.14
0.17,38.56,5.66,25.6,9.57,189.32,53.53,0,77.21
0.17,38.32,5.61,25.48,9.8,189.34,52.52,0,77.59
0.17,37.9,5.5,24.89,9.46,187.63,50.98,0,77.2
0.17,37.3,5.44,24.41,9.35,187.23,51.24,0,77.99
0.24,37.56,5.48,23.9,9.16,181.97,49.73,0,77.11
0.29,36.78,5.56,24,9.31,184.32,50.33,0,76.65
0.23,36.78,5.48,23.68,9.35,185.74,49.79,0,77.18
0.22,36.74,5.4,23.69,9.21,183.73,47.42,0,79.22
0.22,36.54,5.48,23.59,8.94,181.26,47.48,0,77.83
0.2,36.92,5.43,23.7,9.3,183.9,48.08,0,78.82
0.2,36.9,5.46,23.81,9.1,185.02,46.69,0,77.38
0.09,36.12,5.47,23.94,9.17,188.21,47.74,0,77.92
0.09,36.11,5.46,23.53,9.29,196.94,48.98,0,78.53
0.09,37.59,5.45,23.88,9.15,196.09,49.71,0,77.98
0.09,38.1,5.55,24.41,9.02,198.66,51.69,0,79.75
0.12,39.05,5.52,25.02,9.19,199.9,52.19,0,80.63
0.13,38.97,5.55,25.02,9.19,199.9,52.19,0,80.63
0.13,39.19,5.48,24.77,9.28,197.49,51.76,0,80.12
0.09,39.8,5.48,25.12,9.25,200.1,51.88,0,79.61
0.09,38.94,5.49,24.84,8.9,198.04,52.02,0,79.44
0.12,38.71,5.42,25.23,9.11,200.79,53.24,0,80.28
0.12,38.09,5.42,25.46,9.1,197.67,52.8,0,81.26
0.12,38.16,5.25,25.64,9.13,199.6,52.54,0,81.89
0.08,38.43,5.32,25.51,9.26,198.59,51.23,0,81.47
0.08,38.77,5.42,25.52,9.28,197.88,52.74,0,81.58
0.08,38.42,5.44,26.1,9.18,199.38,52.15,0,81.05
0.09,40.78,5.48,27.18,9.24,202.6,54.69,0,87.71
0.09,40.63,5.63,26.83,9.09,201.57,53.55,0,88.73
0.09,40.25,5.61,26.71,9.13,201.17,47.82,0,86.95
0.1,40.24,5.67,26.71,9.19,202.29,46.8,0,86.75
0.1,39.67,5.54,26.88,9.31,204.09,46.11,0,85.02
0.1,39.67,5.42,26.81,9.12,203.01,41.43,0,85.63
0.1,39.65,5.32,26.7,10.62,203.92,41.86,0,85.98
0.08,40.8,5.31,26.79,11.08,199,42.48,0,86.76
0.08,39.12,5.29,25.5,11.48,200.95,40.57,0,86.3
0.08,38.77,5.36,25.48,11,196.82,37.13,0,83.61
0.08,41.45,5.3,25.95,10.57,193.6,37.25,0,82.45
0.09,40.86,5.31,26.11,10.47,192.74,38.97,0,84.17
0.1,39.14,5.15,25.23,10.11,186.69,38.3,0,80.26
0.1,39.14,5.11,25.05,9.99,187.19,39.91,0,81.32
0.1,39.48,5.2,25.23,10.35,188.16,39.15,0,81.36
0.1,40.34,5.25,25.78,11.08,193.26,38.9,0,82.48
0.09,40.15,5.23,25.44,10.73,194.15,38.17,0,82.59
0.09,40.11,5.15,25.2,10.93,193.05,37.63,0,82.38
0.1,39.84,5.15,25.5,10.97,196.53,37.71,0,83.95
0.13,39.52,5.17,25.25,10.85,193.36,36.67,0,83.33
0.12,40.05,5.24,25.4,10.83,194.4,36.68,0,84.49
0.12,39.79,5.43,25.4,11.15,198.79,36.69,0,84.91
0.12,39.88,5.44,25.57,11.33,201.8,37.71,0,85.01
0.12,39.14,5.47,25.24,11.3,202.48,37.74,0,83
0.2,39.73,5.44,25.59,11.62,202.85,37.95,0,83.05
0.16,39.12,5.4,25.1,11.99,201.66,38.74,0,82.95
0.16,38.89,5.43,25.08,11.94,198.51,36.82,0,81.22
0.17,38.89,5.29,25.16,12.07,202.44,36.68,0,77.73
0.17,37.2,5.29,25.28,11.37,198.19,34.54,0,71.7
0.17,37.17,5.29,25.25,11.05,201.83,35.22,0,74.32
0.18,37.72,5.19,25.63,10.91,204.63,35.5,0,72.72
0.17,37.83,4.93,25.99,11.12,204.35,35.85,0,72.09
0.17,38.11,4.71,25.99,11.12,204.35,35.85,0,72.09
0.17,38.25,4.8,26.1,11.5,208.35,34.54,0,72.66
0.17,38.15,4.84,26.28,11.93,210.18,32.11,0,73.02
0.17,38.22,4.78,26.45,11.79,204.93,31.77,0,71.95
0.17,38.51,4.81,26.24,12,204.75,32.26,0,72.97
0.17,38.03,4.87,26.38,12.19,206.75,30.46,0,73.3
0.16,38.93,4.85,26.91,12.34,208.18,28.68,0,74.5
0.17,39.97,4.9,27.29,12.8,206.77,26.88,0,75.07
0.17,40.36,4.85,27.17,12.88,203.97,28.13,0,74.9
0.17,39.01,4.88,27.09,12.94,204.07,26.7,0,73.05
0.17,38.14,3.88,26.73,12.15,203.84,24.99,0,72.6
0.17,38.75,3.88,27.05,12.02,205.75,26.27,0,72.02
0.17,38.89,3.94,26.89,11.89,207.33,25.41,0,71.56
0.17,38.9,3.92,27.2,11.41,207.34,23.96,0,71.71
0.17,38.32,3.88,26.58,11.31,205.1,24.99,0,71.2
0.17,37.88,3.75,26.06,11.53,205.77,24.08,0,72
0.17,37.2,3.62,25.12,11.6,205.04,24.58,0,71.56
0.17,38.41,3.69,25.5,11.66,204,23.54,0,75.28
0.17,38.54,3.84,22.15,11.74,206.07,23.53,0,75.29
0.17,38.68,3.73,21.75,11.81,206,22.85,0,75.13
0.17,39.5,3.72,22.6,11.91,207.28,23.06,0,75.93
0.17,39.23,3.71,22.75,11.4,209.41,23.22,0,77.83
0.17,38.05,3.61,22.65,11.05,206.79,23,0,76.72
0.17,36.63,3.64,22.79,11.33,194.26,23.26,0,76.77
0.18,36.8,3.51,22.44,11.62,193.74,23.86,0,78.28
0.17,37.09,3.51,22.53,11.41,188.74,24.01,0,77.17
0.17,36.87,3.53,22.6,11.27,189.52,23.99,0,76.37
0.16,37.03,3.51,22.72,11.43,191.46,23.99,0,77.45
0.16,36.91,3.58,23.15,11.25,192.71,23.62,0,77.75
0.16,35.6,3.76,23.46,11.19,193.08,22.73,0,77.95
0.16,35.69,3.83,23.14,11.27,192.97,21.91,0,78.03
0.16,35.42,3.9,23.58,11.27,196.76,22.38,0,78.32
0.27,35.38,3.88,23.53,11.48,198.48,22.34,0,79.1
0.25,35.23,3.84,23.54,11.86,197.29,23.54,0,79.85
0.25,34.98,3.7,24.08,11.59,197.02,22.3,0,80.55
0.27,34.78,3.77,24.18,12.03,194.58,21.72,0,81.8
0.27,35.04,3.65,23.79,12.22,196.81,21.84,0,81.17
0.27,35.68,3.62,23.91,12.39,197.54,21,0,81.78
0.27,36.26,3.87,23.9,12.19,196.69,20.89,0,81.45
0.27,35.58,3.88,23.41,12.21,195.84,21.25,0,81.98
0.27,35.65,3.95,22.87,12.23,192.92,21.53,0,82.09
0.22,35.67,3.89,22.63,12.38,192.98,21.07,0,81.85
0.22,36.07,3.98,22.62,12.32,191.54,20.55,0,81.21
0.22,35.49,3.98,22,12.2,190.33,20.87,0,81.44
0.22,36.01,3.81,22.03,12.48,191,24.43,0,82.97
0.22,36.61,3.73,22.39,12.3,193.92,25.45,0,83.44
0.22,36.66,3.83,22.53,12.33,191.72,25.53,0,84.2
0.22,37.33,3.89,22.99,11.14,193.21,26.31,0,83.7
0.22,37.63,3.74,22.63,11.19,190.28,25.21,0,82.25
0.22,37.9,3.8,22.83,11.25,187.56,26.67,0,83.57
0.13,38.23,3.78,23.1,11.75,184.52,25.8,0,83.74
0.13,38.45,3.86,23.06,11.66,183.83,26.32,0,84.46
0.13,38.16,3.86,22.72,11.7,184.01,26.25,0,84.73
0.14,38.09,3.83,22.71,11.75,182.86,26.42,0,83.64
0.13,37.46,3.8,22.43,12.08,179.65,26.45,0,84.79
0.13,37.8,3.77,22.81,12.46,174.89,27.51,0,84.79
0.13,37.95,3.81,23.06,12.85,180.96,25.52,0,83.46
0.13,37.58,3.82,23.69,12.78,185.86,25.91,0,83.48
0.17,39.03,3.78,22.16,12.78,186.63,26.46,0,83.46
0.12,39.15,3.78,21.74,12.66,181.22,26.7,0,82.38
0.12,39.53,3.7,21.61,12.9,183.57,26.83,0,82.37
0.12,39.22,3.49,21.48,12.98,184.06,27.57,0,82.27
0.12,40.45,3.58,22.05,13.35,185.75,27.46,0,82.48
0.12,40.36,3.58,22.05,13.35,185.75,27.46,0,82.48
0.12,40.19,3.58,22.08,13.44,186.06,27.61,0,82.93
0.1,40.06,3.67,22.31,13.63,186.08,27.02,0,82.6
0.13,39.21,3.79,22.11,14.14,184.49,27.05,0,82.97
0.13,39.08,3.76,22.26,13.9,184.29,26.74,0,82.1
0.14,38.82,3.76,22.19,13.53,182.46,26.59,0,82.38
0.12,39.38,3.75,22.41,13.4,183.65,26.25,0,83.25
0.13,39.4,3.82,22.32,12.74,181.27,26.77,0,83.59
0.12,39.33,3.78,22.02,13.05,180.93,26.89,0,83.9
0.12,39.36,3.71,21.94,13.11,181.62,26.37,0,84.84
0.13,39.4,3.68,21.88,12.6,179.79,26.06,0,84.05
0.14,39.92,3.69,23.58,12.79,182.06,26.12,0,84.67
0.14,41.66,3.75,23.96,12.34,182.89,26.02,0,86.25
0.14,42.02,3.74,23.21,12.06,183.12,26.03,0,85.95
0.16,42.54,3.72,23.7,12.28,183.68,26.64,0,85.7
0.22,42.76,3.7,23.66,12.5,185.82,26.36,0,85.99
0.16,43.19,3.77,24,12.9,188.9,26.58,0,85.27
0.16,43.13,3.8,24.16,12.89,188.04,26.85,0,86.02
0.16,42.97,3.8,24.18,12.95,186.83,27.4,0,86.11
0.16,42.97,3.8,24.18,12.95,186.83,27.4,0,86.11
0.16,42.97,3.79,24.23,13.09,189.66,27.22,0,86.03
0.14,42.9,3.78,24.39,13.17,189.23,27.57,0,86.31
0.14,42.77,3.76,24.57,13.3,188.37,27.62,0,85.7
0.14,42.44,3.76,24.8,13.39,189.75,28.6,0,85.09
0.14,42.44,3.76,24.8,13.39,189.75,28.6,0,85.09
0.16,42.88,3.79,24.83,13.33,188.3,28.01,0,85.19
0.17,44.03,3.84,25.2,13.44,189.53,27.89,0,85.03
0.23,44,3.86,25.37,13.37,190.4,28,0,86.02
0.17,44.74,3.98,25.62,13.27,183.6,28.71,0,86.4
0.17,45.57,4.08,25.91,13.35,190.29,28.58,0,88.04
0.2,45.43,4.06,25.82,13.54,193.59,29,0,88.28
0.17,45.74,4.13,25.7,13.29,188.38,28.97,0,87.46
0.23,45.91,4.14,25.86,13.33,188.44,29.05,0,87.82
0.28,45.75,4.14,26.05,13.21,190.83,28.3,0,87.58
0.3,46.06,4.11,26.46,13.58,190.85,27.86,0,88.32
0.3,45.49,4.12,26.56,13.63,190.86,28.12,0,88.56
0.3,45.53,4.14,26.76,13.46,189.95,27.48,0,88.69
0.3,44.94,4.12,26.76,13.46,189.95,27.48,0,88.69
0.3,44.83,4.05,26.04,13.31,190.23,27.07,0,88.87
0.3,44.5,4.07,25.75,13.31,191.94,26.91,0,88.98
0.3,44.59,4.11,25.58,13.25,193.97,26.22,0,87.08
0.3,44.82,4.14,25.67,13.25,191.56,25.76,0,86.15
0.3,44.17,4.07,25.24,13.14,190.9,25.17,0,84.71
0.3,44.33,4.02,25.24,13.22,192.75,24.29,0,84.68
0.3,44.55,4.03,25.38,13.2,192.58,24.26,0,83.96
0.3,43.99,3.95,25.39,13.22,190.79,23.45,0,84.33
0.3,44.1,3.96,25.74,13.14,188.3,22.84,0,82.7
0.3,44.54,3.94,25.21,13.33,189.12,22.58,0,83
0.3,45.25,3.95,25.49,13.37,192.89,21.72,0,83.6
0.3,45.29,3.99,23.69,13.54,197.14,21.62,0,83.94
0.3,45.73,4.05,23.88,13.55,199.8,22.06,0,86.18
0.3,45.24,4,23.54,13.51,200.34,21.53,0,87.45
0.3,45.31,3.95,23.89,13.74,200.07,22.15,0,88.75
0.3,45.43,3.95,24.3,13.53,199.94,21.98,0,89.44
0.3,44.74,3.92,24,13.42,198.72,22.15,0,87.9
0.3,44.42,3.92,24.21,13.63,201.19,22.14,0,88.82
0.3,43.96,3.87,23.89,13.38,203.83,21.75,0,88.5
0.3,43.76,3.9,23.89,13.38,203.83,21.75,0,88.5
0.3,43.45,3.91,23.65,13.42,203.82,22.53,0,87.44
0.3,44.03,3.92,24.01,13.39,206.64,23.47,0,87.88
0.3,43.92,3.95,22.27,13.64,208.34,23.47,0,87.44
0.3,44.03,3.97,22.59,13.47,207.4,24.25,0,89.64
0.3,42.51,3.92,21.97,13.2,201.54,23.82,0,85.57
0.3,41.97,3.92,21.87,12.57,195.29,22.64,0,85
0.3,42.29,3.91,21.56,12.43,190.97,25.35,0,86.25
0.3,41.54,3.78,20.99,11.94,175.66,25.41,0,83.07
0.3,40.23,3.62,20.11,11.62,172.38,26.15,0,81.87
0.3,39.41,3.51,20.2,11.46,177.22,25.88,0,84.97
0.3,40.71,3.61,20.22,11.44,177.59,25.59,0,83.5
0.3,42.08,3.68,21.37,11.57,185.96,25.93,0,88.74
0.3,42.62,3.62,21.45,11.36,182.77,24.46,0,87.86
0.3,40.8,3.58,21.49,11.57,179.07,23.96,0,87.27
0.3,39.12,3.19,20.18,11.03,164.24,22.02,0,81.63
0.3,37.95,3.26,19.86,11.48,165.32,21.98,0,84.73
0.3,37.87,3.25,18.67,11.29,155.07,20.29,0,79.84
0.3,33.95,3.12,17.31,10.97,131.43,17.09,0,72.25
0.3,35.18,2.95,17.94,11.44,132.98,18.95,0,79.5
0.3,34.51,2.78,15.94,11.01,124.75,15.43,0,69.6
0.3,35.72,2.59,15.76,12.77,124.45,15.69,0,73.99
0.3,35.46,2.51,15.28,11.72,121.25,14.85,0,64.91
0.3,34.55,2.34,15.27,12.05,123.06,17.3,0,66.43
0.3,33.37,2.8,15.04,11,119.7,16.35,0,61.09
0.3,31.29,2.61,14.7,10.25,105.64,16.49,0,59.98
0.3,33.66,2.58,15.55,10.39,123.82,19.68,0,63.6
0.3,33.85,2.58,15.96,9.78,126.61,21.8,0,66.07
0.3,35.9,2.97,16.46,10.04,140.69,21.41,0,71.16
0.3,33.99,3.12,16.45,8.93,144.88,20.58,0,69.15
0.3,34.61,2.91,16.65,9.14,146.44,21.52,0,72.55
0.3,36.24,2.92,18.37,9.42,143.36,21.11,0,72.96
0.3,37.52,2.84,18.86,9.4,136.88,20.24,0,71.12
0.3,38.69,3.12,19.57,9.33,131.22,19.83,0,74.34
0.3,38.62,3.31,19.25,8.7,132.17,20.85,0,73.46
0.3,38.91,3.54,19.07,9.14,142.26,20.81,0,75.68
0.3,38.64,3.42,19.15,9.23,149.59,21.36,0,74.51
0.3,38.49,3.34,19.62,9.63,157.77,20.48,0,74.66
0.3,39.67,3.4,20.76,10.46,166.24,21.94,0,75.34
0.3,39.67,3.4,20.76,10.46,166.24,21.94,0,75.34
0.3,39.67,3.45,20.7,10.08,157.63,22.01,0,73.95
0.3,38.33,3.4,20.65,10.37,167.83,21.98,0,77.18
0.3,38.38,3.38,19.84,10.04,162.36,21.13,0,75.44
0.3,38.85,3.16,19.62,9.65,162.15,20.99,0,75.39
0.3,38.66,3.27,19.73,9.56,162.7,20.83,0,77.96
0.3,39.07,3.17,19.18,10.15,156.62,20.05,0,76.86
0.3,37.71,3.07,18.86,9.78,153.02,19.68,0,72.28
0.3,38,3.15,18.95,9.82,155.22,20.05,0,73.06
0.3,38.62,3.15,18.94,9.98,153.05,20.14,0,71.78
0.3,38.81,3.04,19.3,10.09,158.83,20.69,0,73.67
0.3,39.04,3.09,19.72,10.48,163.15,21.62,0,74.92
0.3,41.11,3.13,20.28,10.93,167.43,23.03,0,77.25
0.3,41.34,3.2,21.6,10.97,169.42,22.14,0,76.5
0.3,40.46,3.22,21.14,10.7,164.69,23.3,0,74.6
0.3,38.69,3.22,20.58,10.48,161.57,23.4,0,73.28
0.3,38.66,3.12,20.57,10.53,163.75,23.29,0,73.31
0.3,39.5,3.16,20.49,10.47,163.01,23.13,0,72.2
0.3,39.02,3.14,19.94,10.37,165.48,22.97,0,71.5
0.3,39.1,3.14,20.13,10.93,164.77,22.56,0,70.14
0.3,39.1,3.13,20.47,11.63,166.06,23.87,0,72
0.3,40.07,3.19,20.06,11.41,163.3,23.42,0,71.28
0.3,41.4,3.22,20.59,11.49,160.52,23,0,69.87
0.3,40.17,3.25,19.91,11.47,155.32,21.81,0,68.79
0.3,39.27,3.39,19.49,10.63,157.96,21.46,0,67.96
0.3,40.05,3.5,19.9,10.86,158.49,21.52,0,67.78
0.3,40.68,3.51,20.3,10.68,168.51,21.63,0,68.25
0.3,40.01,3.5,18.91,10.54,168.9,21.45,0,68.51
0.3,40.59,3.37,18.77,10.71,172.47,22.4,0,70.47
0.3,40.99,3.37,18.74,10.93,171,22.63,0,70.5
0.3,41.28,3.37,18.46,11.01,172.31,22.96,0,70.45
0.3,41.28,3.37,18.46,11.01,172.31,22.96,0,70.45
0.3,41.87,3.37,18.53,11.52,176.41,23.76,0,72.13
0.3,43.02,3.35,18.61,12.2,179.38,24.87,0,73.91
0.3,43,3.4,18.44,11.52,175.44,25.13,0,73.51
0.3,41.89,3.46,18.26,11.43,172.7,23.99,0,73.36
0.3,42.35,3.46,18.7,11.4,173.25,24.31,0,73.79
0.3,42.06,3.37,18.61,11.34,173.23,24.3,0,73.73
0.3,42.58,3.42,19.05,11.58,174.82,23.94,0,74.21
0.3,42.03,3.41,18.7,11.94,175.73,24.42,0,75.19
0.3,41.8,3.44,19.01,12.09,181.42,25.05,0,75.91
0.3,41.01,3.45,19.23,12.34,185.93,25.65,0,77.7
0.3,39.75,3.43,19.1,12.04,183.4,25.4,0,75.65
0.3,41.03,3.36,19.61,11.93,180.3,24.71,0,75.14
0.3,39.41,3.33,18.6,11.24,168.67,24.1,0,71.25
0.3,39.4,3.35,18.59,11.45,170.28,24.6,0,70.42
0.3,39.27,3.43,18.66,11.94,173.69,25.13,0,72.2
0.3,41.12,3.47,19.36,12.02,177.46,25.2,0,74.66
0.3,41.17,3.45,19.01,11.99,178.71,25.21,0,74.09
0.3,41.18,3.38,18.79,11.91,184.25,25.03,0,74.6
0.3,41.64,3.48,19.01,11.77,181.41,25.56,0,72.2
0.3,41.34,3.41,19.17,11.15,179.71,24.83,0,72.04
0.3,41.59,3.37,19.4,10.52,180.46,24.83,0,71.49
0.3,40.13,3.39,18.81,10.34,171.66,24.15,0,70.09
0.3,40.42,3.33,19.01,10.41,173.33,24.34,0,70.67
0.3,40.84,3.33,18.75,9.86,168.99,23.59,0,68.87
0.55,41.25,3.33,18.8,10.1,174.17,24.99,0,70.51
0.6,40.78,3.35,19.04,10.06,174.95,24.91,0,70.06
0.74,41.01,3.34,18.96,9.93,185.88,24.1,0,69.99
0.73,41.07,3.33,18.83,9.67,185.8,24.96,0,70.46
0.78,40.2,3.35,18.83,9.67,185.8,24.96,0,70.46
0.77,41.13,3.32,18.9,9.6,186.49,24.48,0,70.6
0.66,40.26,3.31,18.4,9.54,182.46,24.42,0,72.94
0.71,40.04,3.34,18.16,9.21,183.48,26.46,0,72.3
0.65,38.35,3.35,17.73,8.76,182.39,25.82,0,70.14
0.6,37.8,3.33,17.75,9.07,184.93,26.17,0,72.96
0.61,38.09,3.34,17.45,8.96,179.69,26.51,0,73.5
0.6,38.12,3.34,18.16,8.97,179.18,28.53,0,74.31
0.61,37.7,3.34,17.88,9.13,182.63,29.13,0,75
0.61,36.73,3.55,17.77,8.95,181.24,29.53,0,75.35
0.58,36.58,3.52,17.83,8.89,180.61,29.95,0,75.03
0.61,35.54,3.5,17.88,8.49,177.6,28.65,0,72.89
0.61,35.65,3.49,17.6,8.97,180.77,29.83,0,75.92
0.58,35.3,3.53,17.54,8.87,179.49,30.36,0,76
0.61,35.66,3.51,17.63,8.88,179,30.31,0,76.3
0.58,35.36,3.39,17.81,8.48,179.85,29.67,0,76.85
0.6,35.2,3.44,17.92,8.43,178.89,30.38,0,78.54
0.6,35.86,3.37,18.15,8.68,179.52,33.24,0,77.97
0.57,35.51,3.53,17.96,8.68,181.61,33.75,0,78.39
0.57,34.89,3.55,17.62,8.79,180.83,33.1,0,77.45
0.57,33.16,3.55,16.75,8.82,178.2,32.88,0,76.81
0.7,33.15,3.43,16.66,9.04,173.29,32.71,0,76.53
0.66,33.49,3.49,16.75,9.12,171.69,31.79,0,77.1
0.62,33.47,3.6,16.88,9.15,173.43,31.62,0,76.96
0.59,33.03,3.66,16.66,8.98,171.09,31.45,0,77.12
0.59,32.73,3.58,16.36,9.32,172.27,30.58,0,77.5
0.62,33.41,3.64,16.57,9.72,171.45,30,0,78.37
0.63,34.08,3.62,16.7,10.03,172.87,29.8,0,78.72
0.62,34.55,3.62,17.19,10.21,175.5,29.97,0,79.69
0.62,33.95,3.61,16.78,10.23,176.62,29.33,0,78.14
0.69,33.18,3.73,16.68,10.42,176.03,28.8,0,77.71
0.67,33.81,3.73,16.97,9.84,173.69,30.73,0,78.26
0.65,33.49,3.87,17.15,9.83,178.18,31.04,0,79.18
0.65,33.7,3.85,17,9.99,180,30.5,0,78.7
0.61,33.2,3.85,16.77,10.08,178.34,29.98,0,78.22
0.63,33.18,3.85,16.56,10.07,179.29,29.46,0,78.06
0.65,34.41,3.74,16.97,10.16,181.49,29.27,0,79.63
0.63,33.76,3.79,16.88,10.31,180.18,28.66,0,79.62
0.62,33.34,3.74,16.78,10.08,181.36,28.52,0,79.98
0.62,33.5,3.68,16.88,10.2,182.65,28.86,0,80
0.62,33.26,3.5,16.84,10.27,185.37,29.32,0,80.74
0.69,33.26,3.37,16.79,10.07,184.48,28.9,0,79.79
0.66,33.03,3.37,16.71,10.01,185.94,29.05,0,79.04
0.66,33.83,3.37,16.69,10.24,188.01,28.79,0,79.98
0.69,33.59,3.32,16.82,10.22,190.58,29.12,0,79.32
0.73,33.55,3.37,17.36,10.27,191.52,28.39,0,79.15
0.98,33.86,3.34,17.36,10.27,191.52,28.39,0,79.15
0.9,33.82,3.31,17.18,10.35,187.76,29.53,0,79.03
0.93,35.05,3.23,17.75,10.4,189.93,29.98,0,80.47
0.91,34.42,3.02,17.33,10.31,188.73,30.33,0,80.41
0.91,34.77,3.14,17.4,10.13,188.81,31.26,0,81.23
0.9,34.7,3.29,17.66,10.26,195.31,31.06,0,81.94
0.9,35.52,3.22,17.87,10.5,196.59,31.89,0,81.4
0.9,35.25,3.13,17.82,10.5,193.2,31.25,0,80.6
0.85,35.46,3.08,17.98,10.22,192.21,30.61,0,79.47
1,35.04,3.08,17.84,10.11,187.81,29.99,0,78.08
1.05,34.48,3.03,17.26,9.51,185.06,29.02,0,77.83
1.34,35.9,2.98,17.74,9.32,188.5,28.69,0,77.01
1.45,36.8,2.92,17.71,9.16,186.57,27.74,0,75.5
1.44,36.97,2.85,17.53,9.59,181.87,28.37,0,76.35
1.44,37.04,2.89,17.74,9.72,181.82,28.54,0,75.4
1.46,37.42,2.85,17.95,9.92,185.45,28.38,0,76.31
1.56,36.54,2.83,17.57,9.69,187.52,28.02,0,74.34
1.85,36.48,2.84,17.7,9.69,189.51,27.9,0,74.99
2.35,35.94,2.87,17.67,9.8,184.61,26.41,0,74.14
2.4,36.15,2.84,17.62,10.01,185.6,27.16,0,74.46
2.88,36.7,2.96,17.99,10.1,183.6,30.35,0,75.91
2.17,36.43,2.97,17.64,10.46,180.58,29.59,0,75.5
2.34,35.99,3.05,17.65,10.7,181.48,30.54,0,79.05
2.18,35.86,3.12,17.62,10.83,185.15,29.76,0,78.33
1.94,35.6,3.14,17.64,10.89,186.65,30.2,0,78.88
2.18,35.79,3.16,17.53,10.89,187.01,30.4,0,79.32
2.18,35.65,3.15,17.33,10.53,187.53,30.75,0,79.21
2.18,35.02,3.13,17.33,10.38,183.11,31.1,0,78.91
2.04,34.33,3.09,16.88,10.54,181.55,31.91,0,79.14
2.19,34.73,3.12,17.04,10.48,181.48,31.88,0,79.27
2.21,34.19,3.06,16.66,10.17,180.64,31.53,0,77.84
2.06,34.37,2.88,16.84,10.08,180.33,31.01,0,73.33
2.03,33.41,2.91,16.8,10.03,179.64,30.66,0,73.82
2.12,33.5,2.84,16.7,10.2,178.4,31.42,0,74.86
2.09,33.78,2.91,16.97,10.31,179.46,31.68,0,74.45
1.94,33.82,2.88,16.95,10.37,174.97,32.93,0,73.65
1.98,33.01,2.91,16.5,10.15,172.16,37.25,0,71.33
1.61,32.21,2.91,15.91,9.49,165.01,37.73,0,70.04
1.74,32.44,2.91,15.98,9.26,165.85,36.86,0,70.64
1.86,32.15,2.91,15.87,9.19,165.23,37.47,0,71.02
1.96,32.35,2.88,15.96,9.33,176.39,37.05,0,71.63
1.88,32.69,2.9,16.29,9.7,184.84,36.74,0,71.82
1.88,33.84,2.88,16.43,9.38,180.85,36.41,0,71.54
1.9,32.84,2.93,16.3,9.94,183.48,37.59,0,70.9
1.88,32.59,2.97,16.1,9.97,185.78,38.4,0,70.45
2.05,33.77,2.94,16.68,10.58,200.75,37.8,0,71.63
2.04,35.36,3.01,17.8,11.2,200.56,38.97,0,74.75
2.08,36.51,3,17.72,11.26,194.53,39.58,0,75.11
2.06,36.82,2.94,17.56,10.82,194.9,37.9,0,74.5
2.04,36.65,2.96,17.94,11.25,202.01,38.79,0,75.89
2.25,37.33,2.96,18.55,11.71,206.1,39.4,0,78.63
2.36,37.43,3.01,19.89,11.9,205.05,40.52,0,78.38
2.68,37.76,3.04,20.35,11.38,203.75,38.54,0,77.47
2.81,36.51,3.19,20.05,11.29,204.21,38.75,0,77.51
2.88,36.51,3.13,19.88,11.05,200.57,38.44,0,76.73
2.96,35.6,3.13,19.8,11.21,201.58,38.44,0,76.63
2.77,35.27,3.17,20.22,11.64,207.8,38.99,0,78.02
2.48,35.01,3.1,19.93,11.37,204.7,38.41,0,76.89
2.51,35.11,3.15,19.93,11.37,204.7,38.41,0,76.89
2.39,35.16,3.15,18.96,11.27,204.81,39.12,0,75.9
2.42,34.67,3,18.39,11.24,205.84,39.02,0,75.75
2.25,34.94,3.05,18.78,11.34,205.74,40.36,0,77.03
2.13,35.33,3.16,19.17,11.27,204.99,39.82,0,78.07
2.35,35.65,3.14,19.6,11.36,209.78,39.94,0,78.5
2.29,35.74,3.12,19.94,11.68,213.79,40.31,0,80.75
2.19,37.42,3.23,20.5,11.9,212.04,40.65,0,81.68
2.27,38.12,3.38,20.65,12.17,213.01,42.48,0,82.64
2.18,38.21,3.38,20.9,12.33,209.38,42.6,0,84.61
2.33,38.41,3.14,21.08,12.4,207.29,43.19,0,84.97
2.42,38.31,2.94,20.94,12.47,205.29,43.85,0,85
2.68,37.9,3.05,20.92,12.77,207,42.5,0,84.4
2.36,37.28,2.98,21.04,12.81,212.25,42.03,0,84.29
2.36,37.57,3,21.25,12.71,214.81,42.71,0,85.63
2.35,36.71,2.99,21.36,12.84,217.8,43.22,0,85.67
2.35,36.58,2.98,21.24,12.65,218.68,44.33,0,86.09
2.17,35.58,2.97,20.78,11.67,214.46,44.21,0,84.17
2.1,35.77,2.93,20.66,11.78,212.95,44.73,0,82.19
2.13,35.65,2.92,20.89,11.86,215.48,46.03,0,82.2
2.13,35.86,2.92,21.01,11.86,215.81,47,0,82.51
2.13,35.86,2.92,21.01,11.86,215.81,47,0,82.51
2.05,35.86,2.91,21.05,12.03,218.64,46.42,0,82.49
1.82,36.78,2.92,21.25,11.79,217.44,44.93,0,81.87
1.88,36.43,2.91,21.13,11.7,218.21,44.59,0,81.48
1.88,35.57,2.91,21.02,11.65,219.05,44.56,0,82.79
1.88,35.57,2.91,21.02,11.65,219.05,44.56,0,82.79
2.06,36.17,2.91,21.08,11.63,216.74,43.02,0,81.5
2.09,36.63,2.89,21.38,11.98,216.89,43.67,0,82.39
2.11,36.95,2.86,21.65,13.37,223.72,46.77,0,82.5
2.09,36.78,2.86,22.23,12.97,228.87,47.78,0,82.98
2.02,36.78,2.93,22.38,12.88,230.21,45.52,0,83.09
1.9,36.51,2.93,21.81,12.71,226.88,45.16,0,82.31
1.94,35.84,2.88,21.72,12.8,228.09,44.32,0,81.07
2.04,36.18,2.94,22,12.39,224.57,44.4,0,81.21
2.03,36.52,2.9,22.48,12.28,223.9,44.57,0,81.18
2.01,36.38,2.9,22.26,12.23,219.99,44.18,0,80.94
1.9,36.12,2.92,22.26,12.23,219.99,44.18,0,80.94
1.93,35.99,2.92,21.98,11.99,222.91,45.12,0,81.9
1.96,36.09,2.92,22.3,12.45,227.51,45.06,0,81.7
1.96,36.09,2.92,22.58,12.13,228.69,45.1,0,81.33
2.09,35.97,2.9,22.64,12.16,226.91,45.24,29.51,80.68
2.1,35.99,2.86,22.43,12.25,222.17,45.08,28.63,81.34
2.13,35.9,2.83,22.39,12.06,219.85,46.06,24.04,81.99
1.96,36.56,2.84,21.53,11.9,213.32,45.27,23.16,79.8
2.05,35.96,2.76,20.96,11.93,216.85,47.25,24.27,81.28
1.97,34.91,2.68,20.34,11.74,210.93,47.1,22.5,79.65
2.7,34.74,2.71,20.35,11.65,215.06,51.62,23,79.06
2.35,35.38,2.77,20.22,12.16,217.73,50.61,25.87,79.27
2.55,35.41,2.76,20.16,11.93,216.3,51.96,26.76,80.23
2.7,35.16,2.75,19.75,12.46,223.51,53.43,25.14,83.63
2.86,35.11,2.76,19.82,12.49,227.93,54.25,24.23,84.28
2.86,35.4,2.75,20.01,13.02,228.63,55.74,22.04,85.99
3.02,35.87,2.75,20.48,13.19,233.8,56.7,22.52,85.63
3.54,35.57,2.73,20.71,13.1,240.34,54.81,22.43,85.94
3.67,35.38,2.75,20.74,13.75,236.39,57.4,24.95,85.36
3.59,35.65,2.75,20.88,14.32,241.27,59,24.48,86.12
4.07,36.64,2.75,20.88,14.32,241.27,59,24.48,86.12
4.38,36.1,2.73,21.19,14.22,232,53.44,23.97,86
4.31,34.68,2.71,21.19,13.94,228.46,52.98,23.72,86.61
3.84,34.08,2.7,20.07,13.85,226.18,51.75,22.61,86.33
3.92,33.65,2.68,19.62,14.16,223.21,51.48,21.04,85.45
4.24,33.83,2.63,19.52,14.1,222.49,49.75,19.84,86.5
3.76,34.23,2.6,19.8,13.97,222.38,51.28,20.12,86.44
3.84,33.95,2.61,19.94,14.38,223.93,52.21,19.46,87.56
3.75,33.49,2.6,19.49,13.97,217.93,50.43,17.21,86.52
3.52,32.65,2.59,18.77,13.65,214.14,49.2,17.51,84.02
3.68,33.45,2.6,19.17,14.11,217.75,51.59,19.88,84.95
3.54,33.32,2.65,19.21,13.78,218.15,49.88,18.95,85.07
3.66,33.56,2.63,19.26,13.92,216.06,48.97,17.94,85.15
3.19,34.01,2.62,19.23,13.41,211.15,47.52,16.63,84.61
3.13,34.34,2.6,19.55,13.92,217.01,48.13,16.09,86.16
3.21,34.25,2.6,19.27,14.12,220.63,48.46,13.83,86.36
3.15,34.18,2.57,19.31,14.44,227.1,49.76,16.13,87.07
3.04,34.41,2.57,19.2,15.01,227.06,50.57,15.36,86.76
3.23,34.54,2.57,19.43,15.15,228.61,51.54,18.8,86.63
3.25,34.72,2.57,19.63,14.96,229.39,52.74,17.35,87.72
3.29,35.12,2.57,19.88,14.78,229.86,52.77,19.56,87.68
3.17,35.33,2.6,19.9,14.53,230.63,50.99,19,88.2
3.14,36.13,2.58,20.04,14.86,233.01,52.05,18.06,89.2
3.19,36.27,2.6,20.07,14.3,231.07,51.59,18.56,90.56
3.17,36.68,2.68,20.35,14.61,234.7,52.15,19.46,89.25
3.09,37.16,2.68,20.66,14.22,230.72,53.06,10.15,89.98
3.17,37.71,2.61,20.61,13.88,229.08,50.74,10.1,88.05
3.14,37.43,2.54,20.48,13.67,229.68,51.13,8.94,88.55
2.87,36.17,2.54,20.68,13.95,231.16,51.96,9.18,88.69
2.95,36.46,2.56,20.83,14.24,235.31,52.27,9.12,90.58
2.85,37.13,2.59,20.86,14.08,235.98,50.75,10.67,90.99
2.71,36.38,2.6,20.59,14.15,233.95,51.26,10.21,89.35
2.79,36.44,2.57,20.72,13.95,228,52.17,10.36,88.74
2.91,35.67,2.58,20.79,14.12,229.62,52.38,10.95,88.06
2.91,35.67,2.58,20.79,14.12,229.62,52.38,10.95,88.06
2.91,35.67,2.57,20.98,14.1,230.28,50.98,10.13,88.6
2.61,36.26,2.58,20.93,14.12,236.3,50.84,10.07,88.63
2.48,36.45,2.57,20.91,14.08,234.94,50.43,9.56,88.28
2.65,37.55,2.63,21.5,14.26,224.21,52,10,89.44
2.65,36.59,2.7,21.41,14.47,224.15,51.34,9.32,91.07
2.47,36.63,2.61,21.5,14.43,226.31,50.34,8.56,91.39
2.47,36.66,2.58,21.57,14.24,226.57,49.99,9,90.78
2.36,36.57,2.6,21.51,14.38,228.82,49.66,9.2,91.07
2.27,37.07,2.58,21.61,14.49,234.6,49.56,9.25,91.83
2.31,38.1,2.58,21.91,14.49,238.86,49.81,9.1,92.91
2.58,38.27,2.57,21.65,14.17,237.6,47.01,9.28,91.67
2.38,35.37,2.58,20.54,13.58,238.31,46,9.08,94
2.48,35.94,2.57,20.99,13.75,241.13,47.09,9.88,94.19
2.61,36.03,2.56,20.55,13.61,238.33,46.75,10.5,94.01
2.7,35.91,2.56,20.7,13.74,240.58,48.05,12.12,94.61
3.16,35.55,2.57,20.67,13.44,238.51,48.58,12.53,94.39
3.34,35.43,2.56,20.65,13.55,238.35,50.99,12.5,94.51
3.33,35.21,2.59,20.59,13.43,237.9,49.09,12.01,94.15
3.33,34.49,2.56,20.59,12.98,241.6,48.79,10.99,95.09
3.89,35.23,2.56,20.92,13.05,240.32,48.82,10.89,95
3.74,35.23,2.55,21.24,13.34,243.02,47.76,11.1,95.85
3.23,35.66,2.53,21.39,13.53,240,47.86,10.51,94.91
3.3,35.67,2.51,21.49,13.18,239.7,48.17,10.83,95.44
3,36.82,2.5,22.16,13.89,241.62,46.9,10.76,96.82
2.88,37.28,2.49,22.56,13.92,240.92,47.1,11.04,97.41
2.64,37.11,2.5,22.71,14.08,239.19,46.45,9.94,98.06
2.54,36.34,2.49,22.31,13.83,234.04,46.22,10.83,97.29
2.49,37.01,2.49,22.46,13.61,229.75,45.17,10.76,96.2
2.49,37.03,2.49,22.42,13.79,231,44.93,10.38,97.55
2.71,37.13,2.49,22.6,13.84,234.44,45.79,10.97,97.7
2.72,36.99,2.39,22.85,14.49,235.87,45.05,11.76,97.55
2.65,36.84,2.4,23.26,14.55,234.11,44.13,12.1,97.69
2.59,36.51,2.35,23.51,14.73,232.38,44.34,12.14,96.31
2.68,36.57,2.34,23.59,14.75,236.1,44.13,11.63,97.42
2.77,36.8,2.34,23.9,14.7,237.28,43.87,11.6,97.42
2.77,36.75,2.34,23.87,14.78,236.48,43.79,11.26,98.16
2.78,36.46,2.35,23.87,14.43,237.94,43.66,11.02,97.52
2.71,36.48,2.35,24.07,14.62,237.19,43.63,10.88,97.31
2.65,36.25,2.34,23.36,14.25,236.99,43.56,11.73,96.68
2.57,35.63,2.34,23.12,13.75,239.72,42.77,11.31,96.43
2.66,35.63,2.35,23.12,13.75,239.72,42.77,11.31,96.43
2.65,35.66,2.35,22.89,14.29,237.35,43.16,11.85,96.78
2.83,35.86,2.4,23.25,14.28,239.31,43.36,11.22,96.81
2.7,36.06,2.39,23.06,14.36,238.65,42.81,10.87,97.37
2.73,35.91,2.37,23.03,14.5,239.25,43.78,9.9,97.9
2.74,36.44,2.38,23.31,14.85,239.08,46.11,9,98.56
2.74,36.58,2.34,23.3,14.67,238.37,45.72,9.01,96.4
2.56,36.92,2.33,23.21,14.66,236.67,44.87,9.27,96.75
2.54,36.99,2.39,23.4,14.51,237.17,45.04,9.15,97.55
2.54,36.86,2.39,23.12,14.56,237.89,45.06,9.48,98.84
2.59,36.72,2.41,23.18,14.43,236.37,45.34,9.44,100.5
2.64,37.37,2.46,23.09,14.07,236.08,44.79,9.35,100.46
2.64,37.11,2.53,22.76,14.08,233.97,44.35,9.4,99.92
2.58,37.39,2.56,22.65,13.69,229.74,42.78,8.82,100
2.55,36.67,2.54,22.2,13.04,221.25,42.14,8.99,99.5
2.51,36.93,2.57,22.62,13.53,225.94,43.04,8.51,100.16
2.55,36.71,2.66,22.72,13.56,224.7,43.09,8.42,100
2.48,36.41,2.69,22.42,13.62,224.25,42.69,8.72,100.05
2.31,36.4,2.72,22.17,13.88,226,44.28,9.27,99.03
2.25,36.6,2.75,22.18,13.81,228.6,43.04,9.06,99.04
2.41,36.99,2.89,22.07,13.84,229.39,43.95,9.03,98.67
2.39,37.15,3.09,22.05,14.01,230.98,44.22,8.71,97.94
2.51,36.78,3.14,21.94,14.14,233.89,45.77,8.73,99.11
2.48,37.15,3.14,22.12,14.21,232.03,46.94,8.77,99.89
2.58,37.05,3.35,22.13,14.17,231.42,46.17,8.43,100.3
2.47,37.15,3.12,22.13,14.17,231.42,46.17,8.43,100.3
2.36,36.82,2.94,21.92,13.81,229.46,46.29,8.1,98.65
2.38,37.07,2.9,22.1,13.63,227.08,46,8.14,98.79
2.39,36.23,2.88,21.91,13.57,227.01,46.39,7.78,98.37
2.36,36.42,2.92,22.33,13.79,227.69,46.33,7.96,99.4
2.49,36.42,2.97,22.41,13.97,226.46,46.99,7.53,98.55
2.36,36.54,2.95,22.29,13.59,225.45,46.06,7.58,97.71
2.41,36.78,2.88,22.58,13.63,225.78,46.84,7.24,99.56
2.42,36.69,2.89,22.27,13.63,224.96,46.24,7.25,99.31
2.48,37.39,2.85,22.35,13.41,224.01,45.74,6.56,98.9
2.38,36.07,2.66,21.55,13.08,222.02,44.56,6.36,97.93
2.4,35.78,2.66,21.23,13.36,225.17,44.17,6.08,94.93
2.42,36.02,2.55,21.52,13.57,225.85,44.67,6.15,96.54
2.73,35.92,2.57,21.59,13.16,223.84,44.27,5.71,97.24
2.69,36.37,2.56,21.96,13.24,224.58,45.55,4.97,98.4
2.94,36.33,2.52,22.02,13.35,224.82,46.8,4.46,99.04
2.78,36.39,2.47,21.8,13.27,226.36,51.73,4.31,99.84
2.94,35.91,2.44,21.58,13.38,226.42,51.42,4.38,98.94
2.86,35.77,2.47,21.73,13.43,224.57,51.81,4.47,100.29
2.87,35.21,2.33,21.51,13.36,224.34,53.02,4.36,100.09
2.74,35.52,2.32,21.66,13.25,222.79,53.6,4.65,100.03
2.83,35.54,2.35,21.99,13.44,221.34,52.02,4.85,100.44
2.77,35.19,2.32,21.74,13.19,219.39,51.5,4.61,99.49
2.77,34.89,2.34,21.84,14.32,219.51,50.72,4.65,99.59
2.8,34.8,2.33,21.84,14.25,218.8,49.69,4.46,99.21
2.95,34.91,2.33,21.99,14.29,217.19,47.02,4.54,99.2
2.99,34.78,2.31,22.04,14.52,218.06,47.24,4.61,99.96
3.1,35.14,2.31,22.36,14.72,213.4,48.9,4.71,99.76
3.19,35.08,2.34,22.32,14.57,211.94,47.11,4.92,100.01
3.46,35.28,2.31,22.51,14.55,213.64,45.83,5.02,101.59
3.23,35.2,2.29,22.3,14.43,214.05,49.45,4.55,102.39
3.03,35.5,2.29,22.16,14.46,213.31,49,4.49,102.5
3.28,35.41,2.19,22.04,14.37,214.43,47.66,4.46,100.95
3.14,35.07,2.14,21.17,14.16,213.88,47.57,4.23,101.42
3.23,35.61,2.15,21.55,14.27,213.83,48.47,3.91,101.42
3.4,35.54,2.26,21.69,14.4,216.01,48.57,3.82,100.85
3.38,35.31,2.29,21.26,14.48,216.83,48.16,4.07,100.63
3.57,35.49,2.3,21.33,14.49,214.98,49.28,4.36,101.24
3.69,35.38,2.29,21.39,14.39,214.35,49.5,5.14,101.25
3.78,35.45,2.27,21.37,14.94,212.42,50.12,5.38,102.1
3.77,35.45,2.32,21.43,14.9,211.79,50.13,5.13,103.07
3.49,35.84,2.35,21.57,15.02,211.14,49.76,5.14,103
3.46,35.54,2.37,21.57,15.06,214.91,50.41,5.36,103.56
3.68,35.71,2.31,21.73,15.26,212.46,52,5.9,105.64
3.64,35.61,2.35,21.95,15.24,211.83,52,6.05,106.1
3.7,35.96,2.35,21.95,15.24,211.83,52,6.05,106.1
3.7,35.76,2.33,21.71,15.07,209.28,50.04,7,106.06
3.66,35.77,2.3,21.77,14.91,216.97,49.83,6.9,103.68
3.57,34.98,2.38,21.5,14.61,216.01,48.98,6.9,102.58
3.53,34.88,2.35,21.52,14.36,213.91,47.69,5.74,103.57
3.54,34.92,2.3,21.58,12.99,214.9,47.35,5.11,102.59
3.34,34.93,2.31,21.42,12.44,215.59,47.58,5.05,101.96
3.23,35.06,2.27,21.89,12.54,218.5,48.36,4.91,104
3.08,34.98,2.3,21.83,12.38,215.45,48.47,4.97,102.83
3.09,34.91,2.26,21.42,12.37,214.85,44.1,4.82,101.86
3,34.7,2.26,21.13,12.18,210.13,44.56,4.49,100.99
3.08,35.02,2.23,21.32,12.16,209.08,43.98,4.53,100.51
3.07,35.37,2.23,21.47,12.31,211.3,44.69,4.66,100.51
3.07,35.08,2.23,21.59,12.52,214.02,44.67,4.67,101.45
3.09,34.91,2.21,21.44,12.34,212.62,44.79,4.51,101.82
3.17,35.12,2.2,21.37,12.73,211.67,45.97,4.57,102.51
3.02,35.47,2.24,21.32,12.75,209.96,47.28,4.5,98.42
3.11,35.94,2.25,21.31,12.92,211.76,48.08,4.43,99.49
2.99,34.2,2.31,21.28,12.75,210.69,47.75,4.52,94.79
3.01,33.36,2.28,21.11,13.37,213.48,48.51,4.6,96.08
2.77,33.72,2.31,21.53,13.4,213.02,48.33,4.19,96.19
2.77,33.49,2.32,21.5,13.49,213.06,48.11,4.28,96.39
2.76,33.17,2.35,20.8,13.61,211.62,48.08,4.24,96.64
2.8,33.28,2.47,20.72,13.63,216.51,48.03,4.76,95.65
2.92,33.32,2.46,21.02,13.85,219.66,48.01,4.86,95.35
3.08,33.37,2.4,20.99,13.8,219.7,48,4.87,95.12
2.92,33.36,2.36,21.18,13.67,218.84,48.01,4.64,95.58
2.92,33.75,2.45,21.5,13.76,219.13,48.33,5.33,97.47
3.04,34.06,2.46,21.68,13.86,220.37,48.34,5.07,98.85
3.02,34.14,2.44,22.01,13.68,218.95,47.94,5.4,98.37
3.18,33.93,2.5,21.77,13.57,215.6,46.56,5.92,97.45
3.1,33.89,2.49,21.87,13.46,216.24,46.78,6,95.79
3,34.2,2.49,22.14,13.57,218.15,46.67,5.98,97.02
2.92,34.14,2.5,22.05,13.6,218.41,47.02,5.63,96.52
2.84,34.15,2.48,22.11,13.56,219.4,47.5,5.8,96.88
2.71,33.93,2.4,21.83,13.96,217.69,48.61,5.78,96.54
2.69,34.07,2.42,22.04,13.82,218.21,38.55,5.27,96.2
2.69,34.14,2.45,21.96,13.59,214.95,37.8,5.1,94.87
2.59,33.95,2.38,21.74,13.51,216.77,37.56,4.94,95.97
