"X.AMRS.PB.","X.GRWG.PB.","U.YOLO.PB.","U.CNBS.PB.","U.MJ.PB.","X.POTX.PB.","U.STZ.PB.","U.IIPR.PB.","X.CARA.PB.","X.TLRY.PB.","X.SNDL.PB.","X.CNTTQ.PB."
25.2,0,0,0,0,0,135.56,0,15.57,0,0,0
25.5,0,0,0,0,0,135.06,0,15.13,0,0,0
25.35,0,0,0,0,0,134.76,0,14.17,0,0,0
25.65,0,0,0,0,0,135.04,0,15.52,0,0,0
26.7,0,0,0,0,0,134.42,0,15.29,0,0,0
25.35,0,0,0,0,0,133.24,0,16.27,0,0,0
25.2,0,0,0,0,0,133.23,0,15.46,0,0,0
25.2,0,0,0,0,0,132.04,0,15.41,0,0,0
24,0,0,0,0,0,132.22,0,15.78,0,0,0
24.9,0,0,0,0,0,134.79,0,17.24,0,0,0
23.85,0,0,0,0,0,134.99,0,15.86,0,0,0
22.65,0,0,0,0,0,133.38,0,15.02,0,0,0
22.5,0,0,0,0,0,132.22,0,16.11,0,0,0
23.1,0,0,0,0,0,135.21,0,15.3,0,0,0
23.4,0,0,0,0,0,138.14,0,15.07,0,0,0
23.25,0,0,0,0,0,138.27,0,15.68,0,0,0
23.1,0,0,0,0,0,137.41,0,15.09,0,0,0
22.95,0,0,0,0,0,137.62,0,15.7,0,0,0
23.7,0,0,0,0,0,142.09,0,15.83,0,0,0
24.9,0,0,0,0,0,141.35,0,16.45,0,0,0
24.75,0,0,0,0,0,143.2,0,16.75,0,0,0
23.75,0,0,0,0,0,145.02,0,17.02,0,0,0
23.55,0,0,0,0,0,143.83,0,17.06,0,0,0
24.9,0,0,0,0,0,140.64,0,16.54,0,0,0
25.2,0,0,0,0,0,142.73,0,15.79,0,0,0
24.15,0,0,0,0,0,141.79,0,15.49,0,0,0
24,0,0,0,25.6,0,140.5,0,14.59,0,0,0
23.7,0,0,0,25.45,0,144.63,0,14.31,0,0,0
22.8,0,0,0,25.1,0,141.8,0,13.78,0,0,0
22.95,0,0,0,25,0,142.99,0,15.18,0,0,0
22.95,0,0,0,25.48,0,140.16,0,16,0,0,0
22.8,0,0,0,24.98,0,139.92,0,16.21,0,0,0
22.8,0,0,0,24.57,0,138.27,0,15.17,0,0,0
22.5,0,0,0,24.3,0,137.65,0,14.67,0,0,0
22.65,0,0,0,24.83,0,139.23,0,15.32,0,0,0
22.35,0,0,0,24.81,0,142.93,0,15.78,0,0,0
22.95,0,0,0,24.63,0,139.92,0,15.3,0,0,0
23.1,0,0,0,24.07,0,138.58,0,15.33,0,0,0
24.45,0,0,0,23.85,0,141.38,0,15.64,0,0,0
25.8,0,0,0,23.99,0,142.61,0,15.29,0,0,0
24.6,0,0,0,24.35,0,143.65,0,15.59,0,0,0
24.6,0,0,0,24.26,0,142.97,0,15.41,0,0,0
25.08,0,0,0,24.33,0,142.66,0,15.09,0,0,0
25.35,0,0,0,24.55,0,143.24,0,15.36,0,0,0
25.35,0,0,0,24.5,0,144.18,0,16.11,0,0,0
25.2,0,0,0,23.87,0,144.14,0,15.79,0,0,0
24.15,0,0,0,23.87,0,142.41,0,16.85,0,0,0
23.44,0,0,0,23.87,0,140.27,0,16.85,0,0,0
23.7,0,0,0,23.61,0,140.72,0,16.69,0,0,0
24.45,0,0,0,23.31,0,143.65,0,17.53,0,0,0
23.7,0,0,0,23.39,0,143.08,0,16.91,0,0,0
23.4,0,0,0,22.83,0,149.5,0,15.05,0,0,0
22.8,0,0,0,22.86,0,146.98,0,14.92,0,0,0
22.65,0,0,0,22.91,0,147.05,0,13.54,0,0,0
21.15,0,0,0,23.11,0,147,0,13.51,0,0,0
19.2,0,0,0,22.86,0,144.1,0,11.31,0,0,0
19.2,0,0,0,22.9,0,143.34,0,11.12,0,0,0
19.65,0,0,0,22.4,0,142.75,0,11.93,0,0,0
18.67,0,0,0,22.34,0,143.99,0,11.45,0,0,0
18.3,0,0,0,22.44,0,145.67,0,10.95,0,0,0
19.8,0,0,0,22.05,0,145.14,0,11.44,0,0,0
19.8,0,0,0,21.61,0,143.43,0,11.01,0,0,0
20.25,0,0,0,22.21,0,148.76,0,11.62,0,0,0
18.45,0,0,0,21.92,0,148.25,0,11.01,0,0,0
22.8,0,0,0,22.16,0,148.48,0,10.82,0,0,0
21.9,0,0,0,21.96,0,146.11,0,10.16,0,0,0
22.5,0,0,0,22.18,0,151.8,0,9.44,0,0,0
22.2,0,0,0,23.04,0,152.4,0,8.99,0,0,0
22.2,0,0,0,23.02,0,154.36,0,8.57,0,0,0
21.15,0,0,0,22.57,0,152.53,0,8.58,0,0,0
21.75,0,0,0,23.39,0,150.32,0,8.82,0,0,0
21.75,0,0,0,23.26,0,146.8,0,8.69,0,0,0
21.45,0,0,0,23.3,0,137.94,0,7.88,0,0,0
21.6,0,0,0,22.92,0,134.97,0,6.94,0,0,0
21,0,0,0,22.62,0,136.09,0,7.17,0,0,0
21.6,0,0,0,22.91,0,138.81,0,7.14,0,0,0
20.85,0,0,0,22.45,0,135.62,0,7.2,0,0,0
20.85,0,0,0,22.75,0,137.99,0,7.46,0,0,0
21.24,0,0,0,22.71,0,138.75,0,7.32,0,0,0
21.75,0,0,0,22.77,0,139.33,0,7.47,0,0,0
22.2,0,0,0,23.38,0,141.99,0,8.05,0,0,0
22.5,0,0,0,23.16,0,140.31,0,7.3,0,0,0
23.85,0,0,0,23.3,0,139.52,0,7.59,0,0,0
22.8,0,0,0,23.89,0,140.57,0,7.41,0,0,0
22.65,0,0,0,23.64,0,139.47,0,6.99,0,0,0
21.6,0,0,0,23.64,0,139.08,0,7.16,0,0,0
22.35,0,0,0,23.92,0,143.62,0,6.91,0,0,0
22.65,0,0,0,23.76,0,142.02,0,4.75,0,0,0
22.65,0,0,0,23.96,0,141.4,0,4.91,0,0,0
21.45,0,0,0,24.56,0,144.5,0,5.09,0,0,0
22.5,0,0,0,24.81,0,143.74,0,5.82,0,0,0
19.65,0,0,0,25.42,0,144.44,0,5.63,0,0,0
18.45,0,0,0,26.16,0,143.85,0,5.39,0,0,0
18.3,0,0,0,26.05,0,138.75,0,5.52,0,0,0
18.3,0,0,0,25.94,0,139.95,0,5.13,0,0,0
19.95,0,0,0,26.42,0,140.27,0,5.29,0,0,0
17.1,0,0,0,26.77,0,140.49,0,5.22,0,0,0
16.95,0,0,0,27.18,0,142.04,0,4.78,0,0,0
17.55,0,0,0,26.67,0,141.86,0,5.02,0,0,0
16.95,0,0,0,25.91,0,144.11,0,4.66,0,0,0
16.65,0,0,0,26.35,0,144.57,0,4.73,0,0,0
16.95,0,0,0,27.5,0,146.89,0,4.95,0,0,0
17.4,0,0,0,27.83,0,147.05,0,5.16,0,0,0
16.95,0,0,0,27.86,0,147.18,0,6.27,0,0,0
17.25,0,0,0,27.97,0,149.41,0,6.51,0,0,0
17.1,0,0,0,27.14,0,150.12,0,5.74,0,0,0
18.45,0,0,0,27.04,0,149.94,0,5.83,0,0,0
19.06,0,0,0,27.29,0,149.66,0,5.76,0,0,0
18.6,0,0,0,27.6,0,149.38,0,5.73,0,0,0
17.85,0,0,0,27.87,0,149.72,0,6.07,0,0,0
17.7,0,0,0,27.91,0,151.6,0,6,0,0,0
16.8,0,0,0,27.86,0,151.12,0,6.22,0,0,0
16.35,0,0,0,28.14,0,152.68,0,6.59,0,0,0
15,0,0,0,27.63,0,151.43,0,6.84,0,0,0
14.36,0,0,0,27.12,0,151.42,0,6.69,0,0,0
15.75,0,0,0,27.23,0,160.31,0,6.9,0,0,0
15.45,0,0,0,26.94,0,157.39,0,6.8,0,0,0
15.75,0,0,0,27.84,0,158.95,0,6.66,0,0,0
19.5,0,0,0,28.36,0,157.43,0,6.6,0,0,0
17.4,0,0,0,28.63,0,156.96,0,7.06,0,0,0
16.5,0,0,0,29.01,0,156.09,0,7.43,0,0,0
16.2,0,0,0,28.96,0,156.81,0,7.51,0,0,0
15.75,0,0,0,28.72,0,156.7,0,7.4,0,0,0
16.05,0,0,0,28.58,0,158,0,8.11,0,0,0
16.05,0,0,0,29.19,0,157.3,0,8.21,0,0,0
15.75,0,0,0,28.93,0,156.02,0,7.66,0,0,0
15.75,0,0,0,28.45,0,155.22,0,7.09,0,0,0
15.75,0,0,0,28.42,0,154.82,0,6.62,0,0,0
16.05,0,0,0,28.45,0,156.8,0,6.86,0,0,0
15.9,0,0,0,28.91,0,156.25,0,6.34,0,0,0
15.75,0,0,0,29.39,0,156.66,0,6.04,0,0,0
15.15,0,0,0,29.42,0,155.53,0,6.51,0,0,0
15.15,0,0,0,29.74,0,156.08,0,6.1,0,0,0
14.36,0,0,0,29.26,0,157.8,0,6.11,0,0,0
14.25,0,0,0,28.79,0,158.45,0,6.13,0,0,0
13.05,0,0,0,28.85,0,158.84,0,5.8,0,0,0
12.15,0,0,0,28.79,0,159.17,0,5.55,0,0,0
12.33,0,0,0,28.87,0,159.61,0,5.55,0,0,0
12.3,0,0,0,28.5,0,161.12,0,5.47,0,0,0
12.18,0,0,0,29.17,0,163.46,0,5.77,0,0,0
10.35,0,0,0,29.3,0,162.91,0,5.62,0,0,0
9.48,0,0,0,29.54,0,161.89,0,5.2,0,0,0
9.48,0,0,0,29.15,0,161.41,0,5.21,0,0,0
8.7,0,0,0,29.1,0,162.49,0,5.47,0,0,0
8.46,0,0,0,28.83,0,158.13,0,5.5,0,0,0
7.95,0,0,0,28.17,0,154.6,0,5.65,0,0,0
8.18,0,0,0,27.89,0,156.08,0,5.49,0,0,0
8.12,0,0,0,28.21,0,154.04,0,5.79,0,0,0
8.24,0,0,0,27.69,0,154.29,0,6.14,0,0,0
7.7,0,0,0,27.39,0,157.61,0,6.18,0,0,0
7.61,0,0,0,27.42,0,156.81,0,6.24,0,0,0
8.21,0,0,0,27.42,0,157.89,0,6.25,0,0,0
8.7,0,0,0,27.22,0,157.84,0,6.37,0,0,0
8.89,0,0,0,27.09,0,155.3,0,6.55,0,0,0
8.62,0,0,0,27.12,0,153.15,0,6.46,0,0,0
8.11,0,0,0,27.24,0,153.7,0,6.13,0,0,0
8.19,0,0,0,27.36,0,154.1,0,6.44,0,0,0
8.1,0,0,0,27.78,0,153.39,0,6.22,0,0,0
9.6,0,0,0,27.99,0,155.08,0,6.31,0,0,0
8.71,0,0,0,28.38,0,151.13,0,6.07,0,0,0
8.4,0,0,0,28.98,0,154.06,0,6.11,0,0,0
8.01,0,0,0,28.7,0,154.1,0,5.8,0,0,0
7.82,0,0,0,28.19,0,153.41,0,5.43,0,0,0
8.47,0,0,0,27.71,0,152.88,0,5.36,0,0,0
7.76,0,0,0,27.57,0,157.09,0,5.26,0,0,0
7.65,0,0,0,27.72,0,156.25,0,5.33,0,0,0
7.5,0,0,0,27.72,0,156.73,0,5.26,0,0,0
7.7,0,0,0,28.02,0,154.05,0,5.01,0,0,0
7.38,0,0,0,28.46,0,154.38,0,5.13,0,0,0
6.75,0,0,0,28.43,0,154.83,0,4.96,0,0,0
6.21,0,0,0,28.59,0,153.65,0,4.88,0,0,0
5.96,0,0,0,29.19,0,155.97,0,5.05,0,0,0
6.12,0,0,0,27.83,0,152.6,0,4.83,0,0,0
5.25,0,0,0,27.45,0,153.1,0,4.46,0,0,0
5.62,0,0,0,28.28,0,157.69,0,4.78,0,0,0
6.04,0,0,0,29.09,0,159.35,0,4.92,0,0,0
6.81,0,0,0,29.48,0,165.4,0,4.8,0,0,0
6.8,0,0,0,29.36,0,163.56,0,5.1,0,0,0
6.5,0,0,0,29.03,0,164.07,0,5.06,0,0,0
6.21,0,0,0,28.74,0,165.91,0,4.93,0,0,0
6,0,0,0,28.53,0,165.34,0,5.08,0,0,0
5.94,0,0,0,28.36,0,166.01,0,5.08,0,0,0
6.16,0,0,0,29.13,0,165.96,0,5.17,0,0,0
6.17,0,0,0,29.22,0,164.18,0,5.1,0,0,0
6.09,0,0,0,29.42,0,163.69,0,5.16,0,0,0
6.07,0,0,0,29.43,0,163.51,0,5.04,0,0,0
6.02,0,0,0,29.85,0,162.84,0,4.95,0,0,0
6.15,0,0,0,29.89,0,163.06,0,4.93,0,0,0
5.95,0,0,0,30.5,0,163.12,0,4.99,0,0,0
6,0,0,0,30.68,0,164.03,0,4.82,0,0,0
5.9,0,0,0,30.76,0,166.33,0,5.01,0,0,0
5.81,0,0,0,30.81,0,165.35,0,4.99,0,0,0
5.82,0,0,0,31.11,0,167.65,0,6.08,0,0,0
5.3,0,0,0,30.71,0,166.3,0,6.07,0,0,0
5.55,0,0,0,30.67,0,165.38,0,5.85,0,0,0
5.33,0,0,0,30.63,0,163.01,0,6.21,0,0,0
5.43,0,0,0,30.4,0,163.55,0,5.99,0,0,0
5.23,0,0,0,30.96,0,164.64,0,5.93,0,0,0
5.06,0,0,0,30.73,0,163.98,0,6.03,0,0,0
4.92,0,0,0,30.62,0,162.62,0,5.77,0,0,0
5.28,0,0,0,30.88,0,162.64,0,6.07,0,0,0
5.7,0,0,0,31.34,0,163.64,0,5.94,0,0,0
5.7,0,0,0,31.73,0,163.05,0,5.98,0,0,0
5.96,0,0,0,31.65,0,162.6,0,5.86,0,0,0
5.73,0,0,0,32.02,0,164.62,0,6.03,0,0,0
6.04,0,0,0,31.88,0,166.11,0,5.91,0,0,0
5.84,0,0,0,32,0,165.16,0,6,0,0,0
5.73,0,0,0,31.59,0,165.46,0,6.17,0,0,0
5.7,0,0,0,31.76,0,164.94,0,6.55,0,0,0
6.66,0,0,0,31.49,0,164.47,0,6.28,0,0,0
6.36,0,0,0,31.21,0,165.27,0,6.02,0,0,0
6.46,0,0,0,31.23,0,165.28,0,6.12,0,0,0
6.4,0,0,0,31.35,0,165.48,0,5.9,0,0,0
6.58,0,0,0,31.26,0,165.79,0,6.05,0,0,0
6.82,0,0,0,30.75,0,166.36,0,5.98,0,0,0
6.54,0,0,0,30.98,0,166.61,0,5.56,0,0,0
6.53,0,0,0,30.96,0,166.65,0,5.49,0,0,0
6.39,0,0,0,30.56,0,165.67,0,5.51,0,0,0
6.15,0,0,0,30.82,0,166.8,0,5.52,0,0,0
6.16,0,0,0,30.76,0,166.17,0,5.49,0,0,0
6.01,0,0,0,30.7,0,164.13,0,5.41,0,0,0
6.2,0,0,0,30.72,0,164.84,0,5.37,0,0,0
6.15,0,0,0,31.1,0,167.01,0,5.31,0,0,0
6.12,0,0,0,31.41,0,167.67,0,5.39,0,0,0
6.08,0,0,0,31.48,0,166.92,0,5.66,0,0,0
6.05,0,0,0,31.37,0,166.07,0,6.01,0,0,0
6.3,0,0,0,31.13,0,165.53,0,5.98,0,0,0
6.38,0,0,0,30.18,0,162.37,0,5.62,0,0,0
6.56,0,0,0,30.24,0,164.8,0,6,0,0,0
6.45,0,0,0,29.49,0,161.31,0,5.97,0,0,0
6.45,0,0,0,29.34,0,162.66,0,6.08,0,0,0
6.6,0,0,0,29.56,0,166.42,0,6.22,0,0,0
6.94,0,0,0,29.46,0,164.63,0,6.5,0,0,0
7.12,0,0,0,29.46,0,162.68,0,6.86,0,0,0
7.65,0,0,0,29.48,0,162.85,0,7.26,0,0,0
8.25,0,0,0,30,0,165.74,0,7.5,0,0,0
7.83,0,0,0,30.18,0,166.02,0,7.5,0,0,0
7.2,0,0,0,29.86,0,166.63,0,7.32,0,0,0
7.36,0,0,0,29.27,0,165.64,0,7.75,0,0,0
7.35,0,0,0,30.25,0,165.95,0,8.61,0,0,0
7.94,0,0,0,30.44,0,165.28,0,8.56,0,0,0
7.57,0,0,0,30.03,0,163.68,0,8.17,0,0,0
8.7,0,0,0,30.21,0,166.47,0,8.34,0,0,0
9,0,0,0,30.61,0,165.44,0,8.6,0,0,0
8.71,0,0,0,30.38,0,165.66,0,8.65,0,0,0
8.85,0,0,0,30.64,0,168.58,0,9.67,0,0,0
8.93,0,0,0,30.55,0,171,0,8.91,0,0,0
8.72,0,0,0,30.48,0,168.72,0,8.67,0,0,0
9.66,0,0,0,30.85,0,171.25,0,8.71,0,0,0
9.52,0,0,0,30.88,0,169.73,0,8.16,0,0,0
11.55,0,0,0,30.81,0,170,0,7.55,0,0,0
12.15,0,0,0,30.85,0,168.98,0,8.07,0,0,0
11.62,0,0,0,30.83,0,169.48,0,7.74,0,0,0
13.35,0,0,0,31.05,0,167.11,0,7.67,0,0,0
16.05,0,0,0,31.5,0,167.17,0,7.75,0,0,0
15.6,0,0,0,31.81,0,167.29,0,7.6,0,0,0
15.9,0,0,0,31.94,0,166.91,0,7.9,0,0,0
16.35,0,0,0,32.1,0,167.4,0,7.91,0,0,0
16.5,0,0,0,32.28,0,169.53,0,7.72,0,0,0
15.75,0,0,0,32.13,0,168.16,0,7.5,0,0,0
16.2,0,0,0,31.82,0,166.51,0,7.05,0,0,0
15.6,0,0,0,31.65,0,165.66,0,6.99,0,0,0
15.45,0,0,0,31.29,0,166.04,0,6.81,0,0,0
15.3,0,0,0,31.32,0,167.07,0,6.99,0,0,0
15.75,0,0,0,30.59,0,163.44,0,7.14,0,0,0
15.3,0,0,0,30.08,0,163.67,0,6.51,0,0,0
11.64,0,0,0,30.2,0,160.02,0,5.88,0,0,0
12.15,0,0,0,30.35,0,159.6,0,7.26,0,0,0
11.54,0,0,0,31.39,0,165.93,0,8.38,0,0,0
12.16,0,0,0,31.1,0,166.57,0,8.63,0,0,0
11.73,0,0,0,30.08,0,153.81,0,9.34,0,0,0
11.41,0,0,0,27.97,0,152.87,0,9.62,0,0,0
11.84,0,0,0,27.42,0,152.4,0,9.43,0,0,0
11.96,0,0,0,27.13,0,147.95,0,9.31,0,0,0
11.96,0.01,0,0,27.98,0,152.43,0,10.16,0,0,0
12.11,0.01,0,0,27.55,0,153.34,0,12.2,0,0,0
11.86,0.01,0,0,27.3,0,154.77,0,11.68,0,0,0
11.66,0.02,0,0,27.09,0,155.09,0,11.96,0,0,0
11.8,0.03,0,0,27.53,0,157.39,0,11.28,0,0,0
11.92,0.04,0,0,27.33,0,156.52,0,9.79,0,0,0
11.88,0.04,0,0,27.21,0,154.55,0,10.22,0,0,0
11.43,0.05,0,0,26.96,0,155.05,0,10.37,0,0,0
12.15,0.07,0,0,26.96,0,156.28,0,9.8,0,0,0
14.24,0.08,0,0,27.4,0,156.29,0,9.21,0,0,0
13.42,0.09,0,0,27.28,0,155.81,0,9.45,0,0,0
13.2,0.1,0,0,27.43,0,150.97,0,8.99,0,0,0
12.36,0.12,0,0,26.69,0,145.27,19.1,8.95,0,0,0
12.51,0.14,0,0,26.72,0,146.05,18.4,9.49,0,0,0
12.04,0.15,0,0,27.07,0,148.86,15.4,9.72,0,0,0
12.19,0.17,0,0,27.32,0,147.99,16.65,9.76,0,0,0
12.08,0.19,0,0,27.68,0,149.83,16.75,9.5,0,0,0
11.58,0.21,0,0,27.7,0,151.05,17.02,9.83,0,0,0
11.98,0.23,0,0,27.75,0,152.84,16.95,9.86,0,0,0
11.63,0.25,0,0,27.85,0,153.43,16.86,9.61,0,0,0
11.47,0.27,0,0,27.94,0,155.21,16.75,9.01,0,0,0
11.55,0.3,0,0,27.26,0,155.6,16.4,8.63,0,0,0
11.14,0.32,0,0,27.31,0,156.26,16.68,8.9,0,0,0
10.35,0.35,0,0,27.22,0,157.72,16.55,9.36,0,0,0
10.93,0.37,0,0,27.09,0,156.77,16.74,9.54,0,0,0
10.65,0.4,0,0,27.05,0,150.49,17.69,9.19,0,0,0
10.29,0.43,0,0,26.95,0,151.68,18.01,9.18,0,0,0
10.23,0.46,0,0,27.06,0,148.74,18.13,9.2,0,0,0
10.65,0.49,0,0,27.29,0,150.73,18.57,9.96,0,0,0
10.9,0.52,0,0,28.03,0,151.42,18.55,10.17,0,0,0
10.75,0.55,0,0,27.29,0,151.1,18.5,9.98,0,0,0
10.52,0.59,0,0,24.41,0,152.39,18.63,9.82,0,0,0
11.05,0.62,0,0,24.19,0,153.75,17.9,9.38,0,0,0
10.95,0.66,0,0,24.12,0,153.39,18.13,9.29,0,0,0
10.92,0.69,0,0,24.26,0,152.24,18.46,9.36,0,0,0
11.1,0.73,0,0,24.5,0,154.63,18.57,9.74,0,0,0
11.4,0.76,0,0,24.64,0,158,18.8,10.36,0,0,0
11.85,0.8,0,0,25,0,146.75,19.57,10.25,0,0,0
12.07,0.84,0,0,24.59,0,149.45,19.14,10.27,0,0,0
12.23,0.88,0,0,24.64,0,150.28,19,11.1,0,0,0
12.02,0.92,0,0,24.32,0,149.24,18.73,11.13,0,0,0
11.87,0.97,0,0,24.43,0,148.97,18.36,10.88,0,0,0
11.1,1.01,0,0,24.77,0,147.5,18.15,11.12,0,0,0
10.7,1.05,0,0,24.85,0,149.29,18.58,11.41,0,0,0
10.41,1.1,0,0,25.04,0,152.8,18.91,11.17,0,0,0
10.23,1.14,0,0,25.04,0,153.74,18.83,11.19,0,0,0
10.07,1.19,0,0,24.6,0,150.47,18.59,11.88,0,0,0
9.6,1.24,0,0,24.5,0,149.59,19.05,11.59,0,0,0
9.88,1.28,0,0,24.87,0,150.08,18.86,11.43,0,0,0
9.5,1.33,0,0,25.35,0,151.58,18.81,11.94,0,0,0
9.02,1.38,0,0,25.5,0,153.05,18.7,12.22,0,0,0
9.18,1.43,0,0,25.73,0,154.09,18.8,12.92,0,0,0
9.35,1.48,0,0,25.5,0,149.98,18.7,13.73,0,0,0
9.3,1.54,0,0,25.6,0,148.92,18.76,13.87,0,0,0
8.93,1.59,0,0,25.6,0,148.33,18.8,14.16,0,0,0
7.92,1.64,0,0,25.67,0,149.77,18.51,15.3,0,0,0
7.95,1.7,0,0,25.84,0,149.86,18.2,16.48,0,0,0
6.75,1.75,0,0,26.23,0,149.27,17.9,15.83,0,0,0
7.36,1.81,0,0,26.6,0,149.08,18.02,16.64,0,0,0
7.6,1.87,0,0,26.46,0,149.78,17.98,16.39,0,0,0
7.62,1.92,0,0,26.46,0,152,17.93,16.29,0,0,0
7.65,1.98,0,0,26.63,0,154.58,18,16.46,0,0,0
7.6,2.04,0,0,26.87,0,155.68,17.95,16.32,0,0,0
7.95,2.1,0,0,27.38,0,155.45,18.02,14.83,0,0,0
8.47,2.16,0,0,27.5,0,155.49,17.95,13.5,0,0,0
8.41,2.22,0,0,27.16,0,155.88,17.78,15.53,0,0,0
7.83,2.29,0,0,27.41,0,156.18,17.79,15.08,0,0,0
8.19,2.35,0,0,27.5,0,158.49,17.56,14.51,0,0,0
8.31,2.41,0,0,27.24,0,161.31,17.75,14.75,0,0,0
8.42,2.48,0,0,27.41,0,160.67,17.63,14.83,0,0,0
8.27,2.54,0,0,27.75,0,160.07,17.5,14.69,0,0,0
7.8,2.61,0,0,27.8,0,160.17,17.79,14.54,0,0,0
7.96,2.68,0,0,27.65,0,153.54,17.81,14.54,0,0,0
7.83,2.75,0,0,27.5,0,158.85,17.05,15.03,0,0,0
8.03,2.81,0,0,27.5,0,157.74,16.85,16.2,0,0,0
7.65,2.88,0,0,27.16,0,158.8,16.4,16.02,0,0,0
7.53,2.95,0,0,27.71,0,159.62,16.16,16.58,0,0,0
7.97,3.02,0,0,27.18,0,158.4,16.4,16.75,0,0,0
7.08,3.1,0,0,27.73,0,158.75,16.25,18.04,0,0,0
6.94,3.17,0,0,27.72,0,157.79,16.15,17.9,0,0,0
6.6,3.24,0,0,27.74,0,157.17,15.85,16.98,0,0,0
6.49,3.31,0,0,27.26,0,156.42,15.58,17.4,0,0,0
7.59,3.39,0,0,27.08,0,155.79,15.5,17.48,0,0,0
7.5,3.46,0,0,27.57,0,157.56,15.45,15.8,0,0,0
7.49,3.54,0,0,27.58,0,158.36,15.67,15.31,0,0,0
6.94,3.62,0,0,27.3,0,159.1,15.69,14.7,0,0,0
7,3.69,0,0,27.91,0,162.07,16.77,15.56,0,0,0
7.44,3.77,0,0,28.26,0,162.02,16.89,15.64,0,0,0
7.42,3.85,0,0,28.06,0,161.68,16.88,15.37,0,0,0
7.38,3.93,0,0,28.3,0,162.54,17.2,16.16,0,0,0
7.37,4.01,0,0,28.1,0,164.56,16.8,15.56,0,0,0
7.35,4.09,0,0,27.9,0,164.18,17.25,16.08,0,0,0
7.32,4.17,0,0,27.9,0,162.71,16.5,16.68,0,0,0
7.29,4.25,0,0,28.12,0,164.07,16.35,16.75,0,0,0
7.31,4.34,0,0,28.25,0,163.73,16.45,18.14,0,0,0
7.43,4.42,0,0,28.25,0,162.45,16.59,19.08,0,0,0
7.96,4.5,0,0,28.44,0,163.69,17.04,20.23,0,0,0
7.89,4.59,0,0,28.44,0,162.44,17,18.73,0,0,0
7.8,4.67,0,0,28.44,0,162.08,17.09,18.31,0,0,0
7.77,4.76,0,0,29,0,161.66,17.2,17.92,0,0,0
7.38,4.85,0,0,28.86,0,161.48,17.67,17.41,0,0,0
6.6,4.93,0,0,29,0,161.36,17.4,17.58,0,0,0
7.13,5.02,0,0,29.01,0,171.71,18.01,18.64,0,0,0
7.5,5.11,0,0,29.15,0,170.37,18,18.2,0,0,0
7.2,5.2,0,0,29.35,0,171.28,18,18.57,0,0,0
7.21,5.29,0,0,29.15,0,170.35,18.1,18.86,0,0,0
8.7,5.38,0,0,29.05,0,169.92,18.15,18.15,0,0,0
10.12,5.47,0,0,28.82,0,168.97,18.16,17.53,0,0,0
10.89,5.56,0,0,29.08,0,168.74,18.28,17.21,0,0,0
10.48,5.66,0,0,29.46,0,170.08,18.29,17,0,0,0
8.98,5.75,0,0,29.35,0,172.17,18.09,16.9,0,0,0
8.29,5.84,0,0,28.95,0,171.91,18.08,17.25,0,0,0
7.55,5.94,0,0,29.12,0,172.94,18,17.07,0,0,0
8.01,6.03,0,0,29.1,0,172.09,18.3,16.52,0,0,0
7.62,6.13,0,0,29.33,0,173.03,17.45,16.6,0,0,0
7.76,6.22,0,0,29.36,0,172.56,17.71,16.37,0,0,0
8.34,6.32,0,0,29.05,0,170.42,17.65,15.95,0,0,0
8.21,6.41,0,0,29.05,0,171.06,17.8,15.94,0,0,0
8.11,6.51,0,0,29.22,0,172.54,17.92,15.88,0,0,0
7.87,6.61,0,0,29.34,0,172.09,17.61,15.67,0,0,0
7.98,6.71,0,0,29.74,0,174.6,17.35,14.91,0,0,0
8.1,6.81,0,0,29.75,0,173.75,16.8,15.92,0,0,0
7.86,6.91,0,0,29.5,0,177.23,16.89,14.93,0,0,0
7.99,7.01,0,0,29.68,0,178.51,16.85,14.67,0,0,0
5.03,7.11,0,0,29.64,0,179.51,17.2,14.5,0,0,0
4.87,7.21,0,0,29.65,0,177.77,17.53,15.19,0,0,0
5.07,7.31,0,0,30.03,0,177.56,17.42,15.36,0,0,0
4.94,7.42,0,0,30.14,0,178.3,17.76,15.99,0,0,0
4.83,7.52,0,0,30.26,0,178.52,17.85,17.18,0,0,0
4.75,7.62,0,0,30.65,0,180.23,17.5,16.61,0,0,0
4.35,7.73,0,0,30.72,0,182.18,17.8,16.8,0,0,0
3.9,7.83,0,0,30.24,0,180.7,17.56,15.58,0,0,0
4.43,7.94,0,0,27.99,0,180.82,17.25,16.84,0,0,0
4.3,8.04,0,0,29.04,0,182.89,17.39,16.82,0,0,0
4.34,8.15,0,0,28.75,0,184.06,17.35,17.59,0,0,0
4.16,8.26,0,0,28.99,0,180.87,17.35,17.14,0,0,0
4.09,8.36,0,0,29.33,0,178.81,17.68,17.04,0,0,0
4.07,8.47,0,0,29.12,0,180.02,17.02,16.7,0,0,0
4.05,8.58,0,0,29.33,0,180.9,17.1,16.7,0,0,0
3.97,8.69,0,0,29.29,0,180.39,17.53,16.69,0,0,0
3.9,8.8,0,0,29.02,0,180.51,17.7,16.54,0,0,0
3.88,8.91,0,0,28.9,0,182.75,17.48,16.55,0,0,0
3.8,9.02,0,0,29.05,0,184.59,17.6,17.35,0,0,0
3.8,9.13,0,0,28.95,0,184.54,17.35,17.55,0,0,0
3.3,9.24,0,0,29.09,0,184.45,17.18,18.21,0,0,0
3.59,9.35,0,0,29.27,0,185.76,17.3,17.28,0,0,0
3.34,9.46,0,0,29.38,0,184.49,17.18,17.44,0,0,0
3.23,9.58,0,0,29.28,0,183.44,17.46,17.98,0,0,0
3.24,9.69,0,0,29.28,0,181.01,17.5,17.17,0,0,0
3.16,9.8,0,0,29.16,0,179.13,17.2,17.55,0,0,0
3.11,9.92,0,0,29.29,0,179.55,17.14,17.43,0,0,0
3.1,10.03,0,0,29.53,0,179.92,17.07,17.43,0,0,0
3.26,10.15,0,0,29.18,0,180.3,17.08,17.12,0,0,0
3.05,10.26,0,0,29.53,0,180.82,17.25,17.12,0,0,0
2.98,10.38,0,0,29.56,0,183.33,17.21,17.45,0,0,0
2.91,10.49,0,0,28.95,0,184.59,17.09,17.68,0,0,0
2.71,10.61,0,0,28.85,0,184.56,17.23,19.48,0,0,0
3.28,10.73,0,0,29.12,0,184.11,17.29,19.87,0,0,0
3.41,10.85,0,0,28.76,0,184.57,17.48,22.58,0,0,0
3.27,10.96,0,0,29.32,0,182.47,17.11,25.41,0,0,0
3.18,11.08,0,0,29.05,0,182.33,17.05,26.42,0,0,0
3.26,11.2,0,0,29.33,0,183.92,16.88,26.93,0,0,0
3.16,11.32,0,0,29.06,0,193.96,16.61,25.51,0,0,0
3.15,11.44,0,0,29.12,0,193.73,16.63,15.38,0,0,0
3.25,11.56,0,0,29.05,0,191.79,16.62,16.42,0,0,0
3.28,11.68,0,0,29.08,0,192.56,16.79,16.73,0,0,0
3.23,11.8,0,0,29.13,0,193.89,16.83,15.28,0,0,0
3.18,11.92,0,0,29.05,0,193.76,16.52,15.05,0,0,0
3.3,12.04,0,0,29.14,0,193.53,16.46,13.59,0,0,0
3.36,12.16,0,0,29.47,0,193.84,16.44,12.2,0,0,0
3.41,12.29,0,0,29.54,0,193.95,16.34,12.55,0,0,0
3.37,12.41,0,0,30.23,0,197.1,15.99,13.44,0,0,0
3.34,12.53,0,0,30.3,0,196.31,16.3,13.94,0,0,0
3.37,12.66,0,0,30.66,0,198.31,16.26,15.36,0,0,0
3.63,12.78,0,0,30.77,0,196.59,16.27,15.41,0,0,0
3.75,12.9,0,0,31.05,0,197.17,16.4,15.14,0,0,0
3.9,13.03,0,0,31.05,0,198.28,16.3,15.63,0,0,0
4.12,13.15,0,0,31.03,0,198.16,16.41,15.45,0,0,0
4.07,13.28,0,0,30.86,0,198.46,16.55,15.34,0,0,0
3.93,13.4,0,0,31.1,0,196.02,16.08,15.13,0,0,0
3.96,13.53,0,0,30.65,0,193.65,16.42,14.96,0,0,0
3.95,13.66,0,0,31,0,193.44,17.05,14.57,0,0,0
4.03,13.78,0,0,31,0,194.38,17.35,13.97,0,0,0
4.13,13.91,0,0,31,0,194.56,17.5,14.03,0,0,0
4.03,14.04,0,0,31,0,193.56,18.1,14.07,0,0,0
3.96,14.16,0,0,31,0,194.83,18.01,13.09,0,0,0
3.91,14.29,0,0,31.05,0,193.55,17.56,13.31,0,0,0
3.84,14.42,0,0,31.12,0,193.04,17.27,13.36,0,0,0
3.55,14.55,0,0,31.03,0,193.81,17.63,16.32,0,0,0
3.05,14.68,0,0,31.18,0,194.95,17.83,14.92,0,0,0
2.77,14.81,0,0,31.07,0,194.64,17.92,14.35,0,0,0
2.5,14.93,0,0,31,0,195.46,17.6,14.35,0,0,0
2.68,15.06,0,0,30.44,0,194.67,17.45,13.85,0,0,0
2.42,15.19,0,0,30.68,0,195.65,17.32,13.96,0,0,0
2.48,15.32,0,0,30.78,0,197.03,17.68,14.25,0,0,0
2.39,15.45,0,0,30.82,0,198.63,17.22,14.05,0,0,0
2.2,15.58,0,0,30.86,0,198.56,16.83,13.94,0,0,0
2.01,15.72,0,0,30.54,0,197.05,16.75,13.51,0,0,0
2.4,15.85,0,0,30.79,0,197.91,16.5,13.14,0,0,0
2.44,15.98,0,0,30.87,0,198.04,16.47,12.83,0,0,0
2.44,16.11,0,0,30.92,0,196.75,16.62,13.13,0,0,0
2.41,16.24,0,0,31.15,0,196.74,17.26,12.98,0,0,0
2.37,16.37,0,0,30.98,0,196.88,17.31,13.1,0,0,0
2.45,16.51,0,0,31.1,0,198.32,17.5,12.76,0,0,0
2.39,16.64,0,0,30.94,0,197.7,17.46,12.82,0,0,0
2.39,16.77,0,0,30.93,0,198.39,16.97,12.6,0,0,0
2.41,16.91,0,0,31.06,0,199.46,16.92,12.85,0,0,0
2.47,17.04,0,0,31.07,0,200.1,17,14.32,0,0,0
2.49,17.17,0,0,31.2,0,200,16.98,13.87,0,0,0
2.46,17.31,0,0,31.21,0,200.05,16.92,13.82,0,0,0
2.51,17.44,0,0,31.37,0,200.98,16.81,13.99,0,0,0
2.67,17.57,0,0,31.85,0,202.47,16.6,13.79,0,0,0
2.7,17.71,0,0,32.03,0,202.2,16.55,14.36,0,0,0
2.76,17.84,0,0,31.93,0,202.43,17.24,14.05,0,0,0
2.9,17.98,0,0,32.08,0,203.66,17.52,13.76,0,0,0
3.18,18.11,0,0,32.1,0,204.58,17.68,13.63,0,0,0
3.72,18.25,0,0,31.87,0,204.47,17.69,13.23,0,0,0
3.72,18.39,0,0,32.02,0,204.37,17.69,13.29,0,0,0
3.63,18.52,0,0,32.28,0,203.43,17.66,13.67,0,0,0
3.35,18.66,0,0,32.24,0,203.94,17.82,13.49,0,0,0
3.39,18.79,0,0,32.2,0,202.26,17.76,13.39,0,0,0
3.69,18.93,0,0,32.16,0,201.75,17.44,13.2,0,0,0
3.55,19.07,0,0,32.02,0,201.02,17.58,13.18,0,0,0
3.49,19.2,0,0,32.3,0,201.68,18.02,13.06,0,0,0
3.21,19.34,0,0,31.77,0,200.54,18.1,13.42,0,0,0
3.23,19.48,0,0,31.46,0,200.41,18.25,13.15,0,0,0
3.16,19.61,0,0,31.08,0,199.83,18.25,13.18,0,0,0
3.23,19.75,0,0,31.12,0,199.28,18.23,13.3,0,0,0
3.18,19.89,0,0,31.34,0,199.44,18.64,13.71,0,0,0
3.26,20.03,0,0,31.45,0,199.44,18.64,14.07,0,0,0
3.36,20.16,0,0,31.7,0,199.11,18.71,13.91,0,0,0
3.31,20.3,0,0,31.85,0,201.08,18.86,13.8,0,0,0
3.27,20.44,0,0,31.65,0,209.26,18.95,13.97,0,0,0
3.37,20.58,0,0,31.65,0,210.08,18.81,13.65,0,0,0
3.33,20.71,0,0,31.01,0,208.16,19.01,13.46,0,0,0
3.32,20.85,0,0,31.03,0,207.96,19.05,13.42,0,0,0
3.3,20.99,0,0,31.24,0,207.74,19.16,13.47,0,0,0
3.33,21.13,0,0,31.07,0,207.49,19.09,13.05,0,0,0
3.27,21.27,0,0,31.24,0,208.54,19.21,12.46,0,0,0
3.26,21.41,0,0,31.25,0,210.45,18.79,12.87,0,0,0
3.21,21.55,0,0,31.17,0,213.6,18.08,12.48,0,0,0
2.99,21.69,0,0,31.2,0,211.8,18.62,12.42,0,0,0
2.99,21.82,0,0,30.99,0,211.98,18.19,12.37,0,0,0
2.98,21.96,0,0,31.02,0,211.23,18.3,12.43,0,0,0
2.88,22.1,0,0,30.34,0,211.71,18.81,12.45,0,0,0
3.04,22.24,0,0,30.32,0,212.67,19.1,12.68,0,0,0
3.03,22.38,0,0,30.32,0,212.48,19.31,12.26,0,0,0
3.05,22.52,0,0,29.77,0,211.75,19.27,11.88,0,0,0
3.08,22.66,0,0,30.21,0,211.87,19.38,12.7,0,0,0
3.15,22.8,0,0,29.85,0,213,19.73,12.94,0,0,0
3.13,22.94,0,0,29.95,0,219.05,19.66,12.54,0,0,0
3.18,23.08,0,0,29.94,0,215.99,19.5,12.2,0,0,0
3.33,23.22,0,0,30.01,0,214.33,19.52,12.21,0,0,0
3.21,23.36,0,0,29.77,0,215.93,19.54,12.32,0,0,0
3.15,23.5,0,0,30.14,0,215.75,19.45,11.94,0,0,0
3.33,23.64,0,0,29.83,0,215.37,19.53,12.45,0,0,0
3.37,23.78,0,0,30,0,217.67,19.51,12.59,0,0,0
3.26,23.92,0,0,29.91,0,218.08,19.57,12.89,0,0,0
3.29,24.06,0,0,29.41,0,218.64,19.58,13.24,0,0,0
3.15,24.2,0,0,29.25,0,220.7,19.66,12.93,0,0,0
3.16,24.34,0,0,29.06,0,218.11,19.52,12.11,0,0,0
3.02,24.48,0,0,29,0,217.19,19.36,12.29,0,0,0
3.07,24.62,0,0,29.4,0,217.36,19.57,12.2,0,0,0
3.53,24.76,0,0,29.56,0,216.38,19.43,12.18,0,0,0
3.66,24.9,0,0,29.6,0,217.53,18.77,12.11,0,0,0
3.67,25.04,0,0,29.46,0,219.81,18.99,12.04,0,0,0
3.62,25.18,0,0,29.3,0,220.43,19.14,12.18,0,0,0
3.61,25.32,0,0,29.02,0,221.66,19.15,12.38,0,0,0
3.67,25.46,0,0,29,0,221.8,19.1,12.34,0,0,0
3.74,25.6,0,0,29.5,0,220.13,18.99,12.04,0,0,0
3.69,25.74,0,0,29.8,0,220.01,18.8,12.13,0,0,0
3.57,25.88,0,0,29.6,0,214.4,18.39,12.15,0,0,0
3.62,26.02,0,0,29.25,0,217.45,18.09,12.43,0,0,0
3.57,26.16,0,0,29.4,0,218.51,18.73,12.77,0,0,0
3.47,26.3,0,0,29.46,0,216.33,19.14,12.6,0,0,0
3.41,26.44,0,0,29.5,0,216.78,19.28,12.48,0,0,0
3.3,26.58,0,0,29.25,0,216.91,19.36,12.73,0,0,0
3.25,26.72,0,0,29.05,0,216.87,19.93,13.06,0,0,0
3.28,26.86,0,0,29.07,0,217.93,19.87,13.53,0,0,0
3.6,27,0,0,29.11,0,219.35,20.86,12.54,0,0,0
3.61,27.14,0,0,28.97,0,220.01,19.81,12.72,0,0,0
3.54,27.28,0,0,29,0,218.58,20.32,13.13,0,0,0
3.5,27.42,0,0,28.95,0,222.74,22.75,12.62,0,0,0
3.4,27.56,0,0,29.04,0,224.41,24.87,12.39,0,0,0
3.53,27.7,0,0,29.5,0,222.49,24.86,12.63,0,0,0
3.51,27.84,0,0,29.35,0,223.17,23.49,12.4,0,0,0
3.43,27.98,0,0,29.19,0,223.48,24.89,12.52,0,0,0
3.57,28.12,0,0,29.06,0,224.58,24.26,12.57,0,0,0
3.54,28.26,0,0,29.22,0,223.73,24.61,12.23,0,0,0
3.58,28.4,0,0,29.84,0,224.37,24.86,12.25,0,0,0
3.68,28.54,0,0,30.21,0,225.52,25.87,12.51,0,0,0
3.71,28.68,0,0,30.31,0,225.9,28,12.71,0,0,0
3.7,28.82,0,0,32,0,227.92,28.53,12.75,0,0,0
3.73,28.96,0,0,32.57,0,228.59,32.22,12.24,0,0,0
3.84,29.1,0,0,33.38,0,227.47,35.87,12.2,0,0,0
4.02,29.23,0,0,35.56,0,226.74,36.36,12.83,0,0,0
4.18,29.37,0,0,37.8,0,227.56,31.8,13.5,0,0,0
4.14,29.51,0,0,35.41,0,225.76,26,12.77,0,0,0
4.25,29.65,0,0,36.45,0,219.57,29.42,12.55,0,0,0
4.2,29.79,0,0,38.38,0,216.78,29.3,12.43,0,0,0
4.76,29.93,0,0,37.89,0,222.01,30.53,12.76,0,0,0
5.05,30.06,0,0,37.57,0,219.28,31.63,12.72,0,0,0
4.75,30.2,0,0,35.7,0,219.02,32.48,12.63,0,0,0
4.62,30.34,0,0,33.61,0,217.45,30.2,12.67,0,0,0
4.61,30.48,0,0,33.89,0,216.71,31.84,12.44,0,0,0
4.71,30.61,0,0,35.23,0,217.78,33.77,12.32,0,0,0
4.88,30.75,0,0,35.83,0,219.11,31.16,12.55,0,0,0
4.9,30.89,0,0,36.03,0,217.31,28.33,12.43,0,0,0
4.98,31.03,0,0,36.46,0,218.32,28.17,12.99,0,0,0
5,31.16,0,0,37.97,0,219.31,28.18,13.34,0,0,0
5.02,31.3,0,0,38.77,0,220.75,29.97,13.71,0,0,0
4.94,31.44,0,0,38.51,0,222.06,30.85,16.08,0,0,0
5.18,31.57,0,0,37.21,0,221.26,30.04,15.35,0,0,0
5.18,31.71,0,0,37.63,0,223.57,29.21,15.11,0,0,0
5.18,31.84,0,0,36.64,0,220.74,28.37,15.49,0,0,0
4.98,31.98,0,0,34.79,0,220,27.62,15.05,0,0,0
4.88,32.11,0,0,35.07,0,219.49,28.37,14.66,0,0,0
4.92,32.25,0,0,32.9,0,220.68,26.74,14.07,0,0,0
4.88,32.39,0,0,30.55,0,215.79,26.54,13.39,0,0,0
4.98,32.52,0,0,30.39,0,211.37,26.27,12.25,0,0,0
4.96,32.65,0,0,33.26,0,216.3,25.89,12.85,0,0,0
4.95,32.79,0,0,32.21,0,214.1,26.67,12.71,0,0,0
4.81,32.92,0,0,31.6,0,208.74,26.06,12.2,0,0,0
4.93,33.06,0,0,32.01,0,210.26,26.42,12.3,0,0,0
5.07,33.19,0,0,32.41,0,213.08,25.79,13.69,0,0,0
5.2,33.33,0,0,32.3,0,213.47,26.5,13.99,0,0,0
5.22,33.46,0,0,33.19,0,214.02,25.88,14.47,0,0,0
5.27,33.59,0,0,33.26,0,216.81,25.99,14.83,0,0,0
5.18,33.72,0,0,32.32,0,219.49,25.83,14.47,0,0,0
5.15,33.86,0,0,32.26,0,219.6,25.85,14.05,0,0,0
5.28,33.99,0,0,32.63,0,217.3,25.73,13.82,0,0,0
5.57,34.12,0,0,32.5,0,213.87,25.31,13.79,0,0,0
5.88,34.25,0,0,32.06,0,213.15,25.76,13.86,0,0,0
5.89,34.39,0,0,31.9,0,217.46,25.86,14.31,0,0,0
5.76,34.52,0,0,31.93,0,218.02,25.3,14.19,0,0,0
5.23,34.65,0,0,30.86,0,218.1,24.32,14.08,0,0,0
5.28,34.78,0,0,31.78,0,215.53,24.95,13.98,0,0,0
5.26,34.91,0,0,32.42,0,215.84,24.61,13.69,0,0,0
5.31,35.04,0,0,32.38,0,219.83,24.92,14.36,0,0,0
5.19,35.17,0,0,33.24,0,219.5,26.03,14.3,0,0,0
5.5,35.3,0,0,33.73,0,222.52,27.03,14.16,0,0,0
5.39,35.43,0,0,33.26,0,223.86,26.43,14.35,0,0,0
5.59,35.56,0,0,33.22,0,227.7,26.85,14.31,0,0,0
5.69,35.69,0,0,33.13,0,230.31,26.56,14.38,0,0,0
5.8,35.82,0,0,33.05,0,230.15,27.24,14.45,0,0,0
5.78,35.94,0,0,32.68,0,227.92,27.1,14.27,0,0,0
5.72,36.07,0,0,32.29,0,227.41,27.82,13.84,0,0,0
5.57,36.2,0,0,31.99,0,226.85,26.99,13.3,0,0,0
6.4,36.33,0,0,31.63,0,228.49,27.94,12.55,0,0,0
6.75,36.46,0,0,32.07,0,226.36,26.58,12.04,0,0,0
6.76,36.58,0,0,31.75,0,227.57,26.52,11.77,0,0,0
6.73,36.71,0,0,31.7,0,226.11,25.9,12.32,0,0,0
6.74,36.83,0,0,30.51,0,224.23,26.29,12.44,0,0,0
6.8,36.96,0,0,30.65,0,220.91,25.92,12.1,0,0,0
6.8,37.09,0,0,30.74,0,220.36,26.17,12.84,0,0,0
6.75,37.21,0,0,29.43,0,218.49,25.97,12.27,0,0,0
6.53,37.34,0,0,28.63,0,220.37,26.32,12.14,0,0,0
6.69,37.46,0,0,29.53,0,229.08,27.41,12.36,0,0,0
6.67,37.58,0,0,29.35,0,231.47,28.72,12.2,0,0,0
6.62,37.71,0,0,28.18,0,228.29,29.25,11.83,0,0,0
6.79,37.83,0,0,27.2,0,225.09,28.94,11.75,0,0,0
6.96,37.95,0,0,27.4,0,226.47,30.16,12.26,0,0,0
7.05,38.08,0,0,28.1,0,229.93,30.58,12.06,0,0,0
6.79,38.2,0,0,27.35,0,227.19,30.22,11.89,0,0,0
6.8,38.32,0,0,26.6,0,226.21,30.6,11.88,0,0,0
6.9,38.44,0,0,27.4,0,226.07,30.94,12.23,0,0,0
6.93,38.56,0,0,27.69,0,225.46,31.07,12.35,0,0,0
6.8,38.68,0,0,28.12,0,224.25,32.05,12.39,0,0,0
6.69,38.8,0,0,29.52,0,223.85,34.92,12.44,0,0,0
6.45,38.92,0,0,29.92,0,226.99,33.22,12.28,0,0,0
6.62,39.04,0,0,29.7,0,231.4,33.37,12.64,0,0,0
6.41,39.16,0,0,29.36,0,232.14,33.03,12.62,0,0,0
6.29,39.28,0,0,29.26,0,229.62,32.33,12.34,0,0,0
6.33,39.4,0,0,29.29,0,227.58,31.47,12.34,0,0,0
6.53,39.52,0,0,28.63,0,228.24,32.64,12.36,0,0,-0.01
6.59,39.64,0,0,28.42,0,226.18,32.7,12.21,0,0,-0.01
6.68,39.75,0,0,28.25,0,226.84,32.85,12.49,0,0,-0.01
6.64,39.87,0,0,28.14,0,228.73,33.75,12.5,0,0,-0.01
6.6,39.99,0,0,28.04,0,234.19,33.5,12.75,0,0,-0.02
6.6,40.1,0,0,28.69,0,233.11,34.08,12.38,0,0,-0.02
6.74,40.22,0,0,28.43,0,229.63,34.15,12.94,0,0,-0.02
6.74,40.33,0,0,28.5,0,226.77,34.32,12.56,0,0,-0.03
6.79,40.45,0,0,28.41,0,224.07,33.65,12.42,0,0,-0.03
6.73,40.56,0,0,28.88,0,221.29,34.13,12.48,0,0,-0.04
6.42,40.67,0,0,29.3,0,223.76,34.83,12.84,0,0,-0.05
5.97,40.79,0,0,28.71,0,221.38,34.23,12.46,0,0,-0.05
5.7,40.9,0,0,29.25,0,221.94,33.82,12.92,0,0,-0.06
5.83,41.01,0,0,29.5,0,220.37,32.38,12.04,0,0,-0.06
5.84,41.12,0,0,30.05,0,220.22,33.13,12.13,0,0,-0.07
6.19,41.23,0,0,30.57,0,221.8,32.69,12.65,0,0,-0.08
6.03,41.34,0,0,30.3,0,221.75,32.67,12.38,0,0,-0.09
5.5,41.46,0,0,30.07,0,221.47,32.52,12.39,0,0,-0.1
5.1,41.56,0,0,29.62,0,222.05,33.34,12.38,0,0,-0.1
5.35,41.67,0,0,30.37,0,220.15,33.67,12.26,0,0,-0.11
5.44,41.78,0,0,31.06,0,219.32,34.13,11.7,0,0,-0.12
5.31,41.89,0,0,30.74,0,216.18,34.17,11.59,0,0,-0.13
5.19,42,0,0,30.74,0,216.57,34.94,16.56,0,0,-0.14
5.17,42.11,0,0,30.32,0,216.9,35.77,15.55,0,0,-0.15
5.02,42.21,0,0,29.88,0,216.75,36.64,17.01,0,0,-0.16
5,42.32,0,0,29.56,0,216.83,36.71,16.96,0,0,-0.17
5.07,42.43,0,0,29.55,0,219.75,36.49,15.84,0,0,-0.19
5.11,42.53,0,0,29.85,0,224.94,36.77,15.75,0,0,-0.2
5.16,42.64,0,0,29.76,0,223.01,37.51,15.62,0,0,-0.21
5.1,42.74,0,0,29.54,0,222.76,37.85,15.3,0,0,-0.22
5.22,42.84,0,0,30.13,0,225.78,37.41,15.54,0,0,-0.23
5.26,42.95,0,0,31.11,0,225.19,37.14,15.91,0,0,-0.25
5.45,43.05,0,0,32.15,0,224.33,36.66,16.06,0,0,-0.26
5.53,43.15,0,0,31.7,0,223.51,37.88,15.91,0,0,-0.27
5.41,43.25,0,0,31.36,0,227.3,37.93,16.25,0,0,-0.29
5.3,43.35,0,0,30.93,0,226.13,38.8,16.35,0,0,-0.3
5.38,43.45,0,0,30.38,0,229.72,38.11,16.78,0,0,-0.32
5.33,43.55,0,0,30.22,0,229.23,36.94,16.85,0,0,-0.33
5.42,43.65,0,0,30.12,0,232.18,36.63,16.75,0,0,-0.35
5.42,43.75,0,0,29.99,0,232.92,35.72,16.77,0,0,-0.36
5.37,43.85,0,0,30.01,0,232.22,34.95,16.92,0,0,-0.38
5.5,43.95,0,0,30.14,0,231.85,35.07,16.62,0,0,-0.39
5.59,44.04,0,0,30.76,0,231.65,34.54,16.64,0,0,-0.41
5.49,44.14,0,0,31.61,0,231.33,34.66,16.86,0,0,-0.43
5.59,44.24,0,0,31.16,0,231.39,34.99,16.58,0,0,-0.44
5.68,44.33,0,0,30.33,0,228.12,36.46,15.84,0,0,-0.46
6.19,44.43,0,0,29.82,0,229.65,36.73,16.44,0,0,-0.48
6.38,44.52,0,0,28.12,0,229.42,37.01,18.06,0,0,-0.49
6.45,44.61,0,0,29.34,0,232.32,35.3,19.26,0,0,-0.51
6.38,44.71,0,0,29.34,0,219.02,36.59,19.13,0,0,-0.53
6.47,44.8,0,0,29.35,0,215.8,36.18,19.8,0,0,-0.55
6.22,44.89,0,0,29,0,214.97,35.83,20.07,0,0,-0.57
6.08,44.98,0,0,29.13,0,215.51,35.57,19.75,0,0,-0.59
6.11,45.07,0,0,29.56,0,215.71,35.4,19.5,0,0,-0.61
6.28,45.16,0,0,29.75,0,214.96,35.43,19.99,0,0,-0.63
6.62,45.25,0,0,29.6,0,218.31,35.31,20.88,0,0,-0.64
6.62,45.34,0,0,29.39,0,217.98,35.61,20.71,0,0,-0.66
6.66,45.43,0,0,29.28,0,217.35,35.32,21.51,0,0,-0.69
6.79,45.51,0,0,29.21,0,217.53,34.92,21.82,0,0,-0.71
6.7,45.6,0,0,28.83,0,215.61,34.5,21.71,0,0,-0.73
6.7,45.69,0,0,27.77,0,213.39,32.66,21.15,0,0,-0.75
6.76,45.77,0,0,27.36,0,213.87,33.39,21.59,0,0,-0.77
6.67,45.86,0,0,27.77,0,214.35,33.31,19.81,0,0,-0.79
6.62,45.94,0,0,27.42,0,215.8,33.23,19.25,22.15,0,-0.81
6.59,46.02,0,0,27.26,0,215.94,32.95,19.05,29.6,0,-0.83
6.71,46.11,0,0,27.63,0,214.98,33.8,19.3,29.46,0,-0.86
6.69,46.19,0,0,27.06,0,214.58,33.36,18.66,25.35,0,-0.88
6.86,46.27,0,0,26.93,0,215.15,33.1,18.8,26.4,0,-0.9
6.9,46.35,0,0,26.42,0,214.63,33.61,17.95,26.31,0,-0.92
6.78,46.43,0,0,26.5,0,213.95,32.23,17.57,24.18,0,-0.95
6.63,46.51,0,0,26.6,0,209.65,32.05,17.88,22.63,0,-0.97
6.87,46.59,0,0,26.91,0,210.2,32.32,17.92,22.1,0,-0.99
6.95,46.67,0,0,26.9,0,208.62,32.81,17.86,22.93,0,-1.02
6.93,46.74,0,0,26.83,0,207.95,33.46,17.92,23.86,0,-1.04
6.87,46.82,0,0,26.77,0,214.01,33.14,17.86,24.13,0,-1.06
6.78,46.9,0,0,26.75,0,212.5,33.15,17.83,24.83,0,-1.09
7.24,46.97,0,0,26.52,0,217.11,33.05,17.93,24.67,0,-1.11
7.62,47.05,0,0,26.57,0,214.4,33.02,18.91,24.72,0,-1.14
7.83,47.12,0,0,26.9,0,214.78,33.55,19.28,25.59,0,-1.16
7.72,47.19,0,0,26.5,0,213.31,35.18,19.55,25.68,0,-1.19
7.66,47.27,0,0,25.76,0,213.78,37.25,18.66,26.65,0,-1.21
7.82,47.34,0,0,25.17,0,221.8,36.06,18.41,24.25,0,-1.24
7.42,47.41,0,0,27.02,0,208.27,35.06,18.49,29.08,0,-1.26
7.49,47.48,0,0,26.74,0,202.45,34.42,18.84,29.17,0,-1.29
6.55,47.55,0,0,27.23,0,203.94,34.72,18.92,30.62,0,-1.31
6.78,47.62,0,0,28.83,0,202.9,36.23,18.91,35.89,0,-1.34
7.1,47.68,0,0,29.7,0,200.49,37.37,18.71,39.8,0,-1.37
7.47,47.75,0,0,30.15,0,203.35,38.08,18.69,38.9,0,-1.39
7.59,47.82,0,0,30.45,0,204.9,38.35,18.51,38.21,0,-1.42
7.59,47.88,0,0,32.28,0,207.62,40.73,18.4,43.81,0,-1.45
7.59,47.95,0,0,33.78,0,210.27,41.22,18.64,53.4,0,-1.47
7.59,48.01,0,0,32.44,0,207.18,42.65,19.62,51.25,0,-1.5
7.56,48.07,0,0,34.37,0,209.26,43.11,19.92,62.12,0,-1.53
8.39,48.14,0,0,32.96,0,208.76,43.29,20,59,0,-1.55
8.97,48.2,0,0,33.46,0,208.01,45.34,20.16,65.17,0,-1.58
9.03,48.26,0,0,34.39,0,209.64,45.14,20.05,69.27,0,-1.61
8.77,48.32,0,0,34.94,0,211.08,43.07,20.01,77,0,-1.64
8.44,48.38,0,0,35.03,0,209.75,41.57,20.21,89.85,0,-1.67
8.28,48.44,0,0,34.32,0,208.59,42.68,19.85,80.03,0,-1.69
8.22,48.49,0,0,34.7,0,211.72,42.88,19.91,77.75,0,-1.72
8.39,48.55,0,0,35.88,0,212.06,43.78,20.18,84.49,0,-1.75
8.3,48.61,0,0,37.21,0,215.26,44.06,20.73,95.6,0,-1.78
7.94,48.66,0,0,37.65,0,216.01,41.78,20.84,104.94,0,-1.81
8.05,48.72,0,0,35.41,0,214.84,42.45,21.44,119.31,0,-1.84
7.55,48.77,0,0,35.71,0,212.04,41.69,21.79,108.99,0,-1.87
7.43,48.82,0,0,37.1,0,212.35,42.96,21.2,119.82,0,-1.89
7.36,48.88,0,0,39.65,0,213.53,43.3,22.37,154.96,0,-1.92
7.38,48.93,0,0,41.13,0,215.18,44.02,22.18,184.74,0,-1.95
7.97,48.98,0,0,42.89,0,218.56,44.49,23.91,176.34,0,-1.98
7.95,49.03,0,0,39.45,0,216.96,47.38,23.18,123.1,0,-2.01
8,49.08,0,0,39.4,0,216.32,46.28,23.7,99.5,0,-2.04
8.31,49.12,0,0,39.32,0,214.52,46.93,23.45,107.81,0,-2.07
7.82,49.17,0,0,38.94,0,213.77,46.68,23.14,114.25,0,-2.1
8.02,49.22,0,0,38.52,0,214.99,46.43,23.92,131.15,0,-2.13
7.93,49.26,0,0,40.02,0,215.8,48.26,23.93,143.57,0,-2.16
7.48,49.31,0,0,40.69,0,213.32,46.88,23.47,164.78,0,-2.19
7.36,49.35,0,0,38.58,0,212.66,46.51,22.7,138.16,0,-2.22
7.84,49.39,0,0,40.04,0,210.93,43.42,22.6,156.55,0,-2.25
7.73,49.44,0,0,39.11,0,222.09,42.03,20.52,145.56,0,-2.28
8.41,49.48,0,0,38.73,0,223.16,42.6,20.71,146.32,0,-2.31
8.63,49.52,0,0,39.34,0,228.64,42.53,20.2,139.43,0,-2.34
9.19,49.56,0,0,39.18,0,226.28,44.82,19.82,128.83,0,-2.37
8.86,49.59,0,0,38.35,0,221.7,44.33,18.77,136.07,0,-2.4
8.04,49.63,0,0,37.5,0,217.78,44.14,18.98,131.59,0,-2.43
7.7,49.67,0,0,39.19,0,225.55,42.62,19.33,148.06,0,-2.46
7.46,49.7,0,0,42.48,0,223.72,42.92,19.39,165.31,0,-2.49
7.55,49.74,0,0,40.88,0,226.98,43.39,20.65,158.14,0,-2.53
7.36,49.77,0,0,39.61,0,227.16,42.99,20.36,148.05,0,-2.56
7.8,49.81,0,0,39.36,0,225.23,41.78,19.96,152.1,0,-2.59
7.54,49.84,0,0,37.45,0,222.89,40.28,19.67,145,0,-2.62
7.46,49.87,0,0,33.93,0,219.15,40.77,19.27,122.5,0,-2.65
7.2,49.9,0,0,32.97,0,214.87,40.41,18.68,120.61,0,-2.68
7.09,49.93,0,0,31.36,0,212.15,40.4,17.8,108.9,0,-2.71
7.29,49.96,0,0,32.19,0,213.14,41.49,18.9,106.58,0,-2.74
7,49.98,0,0,31.95,0,209.99,41.37,18.67,107.71,0,-2.77
7.09,50.01,0,0,29.18,0,202.75,40.84,17.99,90.67,0,-2.81
7.41,50.04,0,0,29.62,0,198.42,41.24,18.21,89.9,0,-2.84
7.44,50.06,0,0,30.95,0,199.23,40.9,18.72,94.81,0,-2.87
7.53,50.08,0,0,31.8,0,200.87,41.02,19.8,98.27,0,-2.9
7.16,50.11,0,0,32.31,0,201.24,40.87,19.66,98.96,0,-2.93
7.25,50.13,0,0,33.4,0,200.26,40.09,19.55,100.57,0,-2.96
7.37,50.15,0,0,34.23,0,204.01,41.51,19.68,106.5,0,-2.99
7.41,50.17,0,0,36.66,0,206.72,42.3,19.71,139,0,-3.03
7.31,50.19,0,0,34.43,0,204.72,45.33,20.43,118.48,0,-3.06
6.33,50.21,0,0,32.55,0,203.09,44.34,19.66,109.01,0,-3.09
5.85,50.22,0,0,31.87,0,201.95,44.37,18.93,113.09,0,-3.12
5.9,50.24,0,0,30.68,0,199.69,45.05,18.9,111,0,-3.15
4.14,50.25,0,0,29.44,0,197.31,46.7,18.11,102,0,-3.18
3.86,50.27,0,0,31.17,0,197.44,47.67,18.75,107.11,0,-3.22
3.97,50.28,0,0,30.64,0,196.64,50.29,19.03,110.48,0,-3.25
3.67,50.29,0,0,29.42,0,193.49,50.91,17.99,107,0,-3.28
3.55,50.3,0,0,28.92,0,190.68,49.79,17.75,103.92,0,-3.31
3.93,50.31,0,0,29.63,0,194.15,52.04,18.36,108.87,0,-3.34
3.92,50.32,0,0,30.25,0,193.82,55.98,18.48,113.94,0,-3.37
3.94,50.33,0,0,30.05,0,192.42,54.42,18.51,115.46,0,-3.41
4.36,50.34,0,0,29,0,194.2,46.74,18.77,113.92,0,-3.44
4.41,50.34,0,0,28.66,0,195.85,50.11,18.35,113.93,0,-3.47
4.75,50.35,0,0,29.62,0,201.45,49.63,18.71,110.81,0,-3.5
4.8,50.35,0,0,29.28,0,196.21,49.78,18.43,107.2,0,-3.53
4.95,50.35,0,0,29.16,0,195.72,49.27,18.18,102.44,0,-3.56
4.82,50.36,0,0,29.03,0,198.2,50.74,18.7,103,0,-3.59
4.2,50.36,0,0,28.03,0,191.2,49.49,17.76,100.26,0,-3.63
4,50.36,0,0,27.24,0,189.52,49.4,17.4,98.23,0,-3.66
4.16,50.35,0,0,27.6,0,190.74,50.02,17.1,98.85,0,-3.69
4.33,50.35,0,0,28.85,0,188.62,49.92,16.07,100.28,0,-3.72
4.41,50.35,0,0,28.6,0,187.33,50.48,15.82,97.06,0,-3.75
4.34,50.34,0,0,29.07,0,188.74,50.39,15.7,94.07,0,-3.78
4.34,50.34,0,0,28.39,0,186.79,50.64,15.52,84.5,0,-3.81
4.2,50.33,0,0,27.3,0,182.63,51.7,14.07,75.52,0,-3.85
4.08,50.32,0,0,27.15,0,181.23,52.06,14.04,75.13,0,-3.88
3.98,50.32,0,0,26.3,0,176.05,50.02,13.97,65.88,0,-3.91
3.74,50.31,0,0,26.4,0,172.56,50.89,13.81,76.64,0,-3.94
3.58,50.3,0,0,25.75,0,172.03,50.06,13.36,71.31,0,-3.97
3.39,50.28,0,0,25.29,0,166.83,48.87,12.97,78.12,0,-4
3.01,50.27,0,0,24.21,0,162.18,45,12.64,74.7,0,-4.03
3.15,50.26,0,0,23.61,0,157.15,43.29,12.41,71.55,0,-4.06
3.08,50.24,0,0,23.86,0,159.29,45.18,12.77,71.39,0,-4.09
3.07,50.22,0,0,24.11,0,163.48,46.41,13.16,71.3,0,-4.12
3.46,50.21,0,0,24.06,0,163.5,44.69,12.96,71.17,0,-4.15
3.53,50.19,0,0,25.05,0,162.84,45.89,12.69,75.02,0,-4.18
3.34,50.17,0,0,24.97,0,160.81,45.36,12.99,70.56,0,-4.22
3.49,50.15,0,0,25.59,0,162.8,45.59,13.93,69.2,0,-4.25
3.77,50.13,0,0,26.37,0,164.01,45.86,14.56,70.31,0,-4.28
3.85,50.1,0,0,26.44,0,161.73,45.06,14.41,69.9,0,-4.31
3.93,50.08,0,0,27.01,0,166.56,46.25,15.17,69.77,0,-4.34
4.05,50.05,0,0,27.7,0,170.17,49.6,15.98,71.82,0,-4.37
4.01,50.03,0,0,27.77,0,172.44,51.5,15.44,83.1,0,-4.4
4.04,50,0,0,28.9,0,150.93,51.47,15.66,79.64,0,-4.43
3.93,49.97,0,0,29.58,0,159.82,51.04,15.75,80.75,0,-4.46
3.82,49.94,0,0,30.68,0,159.07,51.72,15.81,95.97,0,-4.49
3.73,49.91,0,0,31.17,0,160.86,54.09,15.13,100.11,0,-4.51
3.8,49.88,0,0,30.23,0,160.47,53.06,15.18,82.88,0,-4.54
3.68,49.84,0,0,30.65,0,159.82,52.79,15.23,85.51,0,-4.57
3.66,49.81,0,0,30.52,0,160.33,54.95,15.37,83.45,0,-4.6
3.59,49.77,0,0,30.91,0,164.09,54.32,15.33,77.14,0,-4.63
3.51,49.74,0,0,31.19,0,165,54.72,15.37,74.14,0,-4.66
3.44,49.7,0,0,30.94,0,164.73,56.02,15.33,72.85,0,-4.69
3.38,49.66,0,0,30.51,0,165.59,56.83,15.01,71.73,0,-4.72
3.33,49.62,0,0,31.18,0,164.75,57.83,14.96,73.95,0,-4.75
3.19,49.58,0,0,31.91,0,166.8,59.9,15.44,75.34,0,-4.78
2.93,49.54,0,0,33.79,0,167.88,61.41,14.81,81.86,0,-4.8
2.79,49.49,0,0,33.05,0,168.16,58.77,14.67,78.96,0,-4.83
3.11,49.45,0,0,33.69,0,170.56,61.23,15.15,77.41,0,-4.86
3.39,49.4,0,0,35.1,0,173.62,61.85,15.23,80.25,0,-4.89
3.2,49.35,0,0,35.8,0,173.68,63.31,15.1,81.62,0,-4.92
3.15,49.3,0,0,37.15,0,172.76,65.55,15.36,83.14,0,-4.94
5.45,49.25,0,0,36.5,0,174.68,64.79,15.49,83.2,0,-4.97
5.47,49.2,0,0,34.64,0,172.23,62.95,15.57,78,0,-5
5.44,49.15,0,0,35.2,0,174.01,62.33,15.22,79.82,0,-5.02
5.69,49.1,0,0,34.33,0,175.18,64.31,16.79,79.22,0,-5.05
5.01,49.04,0,0,33.4,0,172.72,66.58,16.36,75.44,0,-5.08
4.89,48.99,0,0,34.4,0,171.92,65.94,16.55,75.94,0,-5.11
4.63,48.93,0,0,34.91,0,174.72,65.39,16.72,77.28,0,-5.13
4.58,48.87,0,0,34.84,0,173.94,60.49,16.54,76.55,0,-5.16
4.95,48.81,0,0,35.67,0,174.9,65,17.05,76.42,0,-5.18
4.85,48.75,0,0,35.68,0,176.9,66.92,17.21,75.55,0,-5.21
4.53,48.69,0,0,35.61,0,174.72,65.36,16.91,76.9,0,-5.24
4.47,48.62,0,0,36.22,0,166.97,64.88,16.54,81.03,0,-5.26
4.63,48.56,0,0,36.07,0,165.73,68.59,16.64,79.12,0,-5.29
4.93,48.49,0,0,36.45,0,169.04,73.03,16.94,78.9,0,-5.31
4.89,48.43,0,0,36.07,0,167.11,78.17,17.13,77.4,0,9.04
4.6,48.36,0,0,36.75,0,169.38,77.99,16.9,78.68,0,9.21
4.65,48.29,0,0,37.06,0,169.17,79.51,17.38,79.24,0,9.16
4.74,48.22,0,0,37.06,0,169.11,78.99,17.04,81.24,0,9.11
4.64,48.14,0,0,37.1,0,171.94,78.05,17.21,79.5,0,9.41
4.8,48.07,0,0,36.62,0,170.63,76.88,17.13,77.24,0,8.98
4.71,48,0,0,37.24,0,167.47,75.27,16.63,76.84,0,8.96
4.55,47.92,0,0,36.6,0,166.03,71.34,16.1,75.85,0,8.95
4.36,47.84,0,0,35.6,0,167.64,69.36,16.34,69.71,0,8.3
4.26,47.76,0,0,35.68,0,166.14,69.3,16.59,69.91,0,8.31
4.4,47.68,0,0,36.3,0,168.31,73.33,17.13,69.91,0,8.8
4.66,47.6,0,0,36.41,0,168.77,75.54,17.42,72.1,0,8.72
4.4,47.52,0,0,36.89,0,170.61,77.86,19.48,71.71,0,8.9
4.15,47.43,0,0,36.79,0,170.61,77.49,18.95,72.28,0,8.74
3.93,47.35,0,0,37.27,0,170.43,80.21,18.35,72.5,0,8.88
3.81,47.26,0,0,38.34,0,171.06,86.14,19.06,72.24,0,9.47
3.88,47.17,0,0,38.73,0,167.33,89.79,19.52,69.71,0,9.79
3.09,47.09,0,0,38.3,0,164.6,88.34,19.34,70.67,0,9.72
2.77,46.99,0,0,38.42,0,169.33,90.08,19.64,70.18,0,9.96
2.24,46.9,0,0,36.82,0,169.49,87.54,18.3,67.16,0,9.62
2.08,46.81,0,0,37.02,0,167.98,85.44,18.24,67.68,0,9.45
1.87,46.71,0,0,37.24,0,171.78,88.96,18.98,66.83,0,9.79
2.34,46.62,0,0,36.08,0,170.07,86.98,18.79,64.8,0,10.03
2.1,46.52,0,0,36.03,0,172.5,84.7,19.09,65.88,0,8.1
2.09,46.42,0,0,36.33,0,175.34,81.66,19.63,65.45,0,7.74
2.07,46.32,0,0,36.61,0,177.53,79.99,19.59,63.01,0,7.99
2.12,46.22,0,0,36.36,0,176.73,76.84,19.59,63.73,0,7.71
2.5,46.12,0,0,35.94,0,179.62,76.94,19.76,63.29,0,7.46
2.89,46.01,0,0,35.81,0,191.42,80.17,19.58,61.03,0,7.35
2.76,45.91,0,0,36.3,0,193.14,82.57,19.65,59.54,0,7.61
2.98,45.8,0,0,35.81,0,192.25,83.4,20.16,56.67,0,7.72
3.54,45.69,0,0,35.27,0,190.95,81.95,20.45,56.37,0,7.38
3.74,45.58,0,0,35.91,0,190.08,84.92,20.34,57.02,0,7.45
2.88,45.47,0,0,34.91,0,191.09,83.99,19.48,53.46,0,7
2.87,45.36,0,0,35.09,0,190.52,84.68,18.73,52.83,0,7.16
3.43,45.24,0,0,33.86,0,190.91,83.32,19.43,49.14,0,6.84
3.94,45.13,0,0,34.02,0,190.04,81.71,19.28,50.13,0,6.82
4.17,45.01,0,0,34.14,0,191.58,80.37,18.07,50.58,0,7.26
5.03,44.89,24.93,0,33.88,0,198.82,80.66,18.14,48.97,0,7.08
5.15,44.77,31.32,0,34.36,0,203.39,79.93,17.7,50.42,0,-6.15
4.93,44.65,25.44,0,34.9,0,205.4,80.61,17.67,51.76,0,7.16
5.08,44.53,25.51,0,34.82,0,207.49,83.92,18.89,50.26,0,7.24
5.09,44.41,25.8,0,34.91,0,210.04,84.16,19.04,51.27,0,7.53
4.86,44.28,25.54,0,34.58,0,212.19,86.61,19.38,51.21,0,7.49
4.76,44.15,25.65,0,35.23,0,212.16,86.82,19.35,53.14,0,7.26
4.66,44.03,26.15,0,35.8,0,212.48,86.84,19.47,52.64,0,7.15
4.46,43.9,26.01,0,35.65,0,211.8,85.11,19.08,51.33,0,6.79
4.04,43.77,25.54,0,35.36,0,212.02,85.71,18.94,51.9,0,6.43
4.42,43.63,24.65,0,34.75,0,209.12,84.56,19.56,50.15,0,5.61
5.04,43.5,25.06,0,35.36,0,211.33,86.2,19.74,50.22,0,6.05
4.86,43.36,25.22,0,35.5,0,210.35,84.16,20.15,49.73,0,5.97
4.89,43.23,24.56,0,34.66,0,207.9,79.52,19.01,47.14,0,5.77
4.79,43.09,24.61,0,34.67,0,207.29,80.57,19.1,46,0,5.83
4.55,42.95,24.18,0,33.95,0,201.89,79.65,19.26,46.4,0,5.59
4.55,42.81,24.9,0,34.29,0,203.23,81.22,18.81,49.05,0,5.88
4.24,42.66,23.94,0,32.35,0,201.16,79.96,17.68,46.41,0,5.71
4.26,42.52,24.58,0,33.33,0,205.45,82.08,18.22,48.55,0,6.07
4.39,42.37,25,0,33.82,0,204.96,86.55,18.71,48.77,0,6.2
4.32,42.23,25.18,0,33.9,0,206.8,89.01,19.15,47.55,0,6.07
4.24,42.08,24.93,0,33.51,0,204.92,88.75,19.03,45.66,0,5.98
4.08,41.93,24.65,0,33.17,0,203.06,83.61,18.19,44.12,0,5.82
4.11,41.78,24.91,0,33.78,0,204.95,85.23,18.99,44.59,0,5.87
4.23,41.62,25.08,0,34.07,0,204.87,87.36,18.95,46.07,0,5.89
4.2,41.47,24.24,0,33.03,0,206.19,86.66,18.43,44.79,0,5.61
4.02,41.31,24.7,0,33.36,0,198.67,87.41,18.04,43.88,0,5.71
3.83,41.15,25.01,0,33.52,0,195.88,88.49,17.07,43.57,0,-6.45
3.74,40.99,24.79,0,33.11,0,194.18,86.42,17.98,42.74,0,5.87
3.73,40.83,24.36,0,32.45,0,188.85,81.7,21.55,40.75,0,5.59
3.55,40.67,24.08,0,31.86,0,187.34,84.05,21.39,39.08,0,5.47
3.38,40.51,23.25,0,30.86,0,176.47,83.86,20.56,37.96,0,5.26
3.57,40.34,22.46,0,30.08,0,177.31,83.97,20.23,34.66,0,5.17
3.71,40.17,23.41,0,31.52,0,184.43,84.64,20.43,36.45,0,5.29
3.68,40.01,23.3,0,31.63,0,187,92,20.43,35.48,0,5.23
3.62,39.84,23.03,0,31.4,0,184.36,92.65,20.07,35.63,0,5.19
3.66,39.66,23.76,0,32.08,0,188.43,95.12,20.03,38.8,0,5.24
4.1,39.49,24.18,0,32.92,0,191.98,98.42,20.3,43.06,0,5.35
4.08,39.32,23.69,0,32.5,0,194.96,94.43,19.8,40.44,0,5.3
3.94,39.14,23.63,0,32.42,0,189.32,98.46,19.62,41.77,0,5.23
4.09,38.96,23.13,0,31.91,0,189.35,100.86,19.94,40.7,0,5
3.92,38.78,22.7,0,31.1,0,187.63,108.48,19.35,38.99,0,4.99
3.95,38.6,22.79,0,31.4,0,187.28,116.02,19.81,40.34,0,4.99
4.13,38.42,23.02,0,31.59,0,181.99,119.54,19.8,40.99,0,4.95
4.1,38.23,23.11,0,31.99,0,184.3,125.14,19.72,45.43,0,5.35
3.99,38.05,23.56,0,32.51,0,185.77,134.7,20.27,49.73,0,5.2
3.65,37.86,22.9,0,31.91,0,183.84,117.51,20.62,50.4,0,5.08
3.54,37.67,22.48,0,31.7,0,181.22,124.18,19.57,48.03,0,5.16
3.22,37.48,22.15,0,31.2,0,183.85,130.35,19.75,46.72,0,5.01
3.33,37.29,22.4,0,31.22,0,184.98,124.95,20.08,47.16,0,4.96
3.42,37.1,22.84,0,31.6,0,188.29,119.57,21.14,46.35,0,4.98
3.57,36.9,22.99,0,31.68,0,197.06,123.34,21.49,46.56,0,5.01
3.64,36.7,23.17,0,32.05,0,196.1,125.02,22.34,49.25,0,5.11
3.5,36.51,22.86,0,31.58,0,198.74,120.52,22.25,47.36,0,4.97
3.47,36.3,23.1,0,31.83,0,199.77,128.38,22.07,47.64,0,5.06
3.47,36.1,23.33,0,32.02,0,197.82,133.41,22.01,47.89,0,-6.5
3.42,35.9,23.13,0,31.76,0,197.49,130.15,21.81,46.98,0,4.93
3.32,35.69,22.56,0,31.26,0,200.07,124.62,21.52,45.44,0,3.82
3.34,35.49,22.42,0,31.26,0,198,132.28,21.99,45.15,0,3.59
3.21,35.28,22.21,0,30.93,0,200.82,132.18,22.44,45.87,0,3.16
3.08,35.07,21.95,0,30.6,0,197.67,137.71,22.71,45.07,0,3.1
3.14,34.86,21.01,0,29.42,0,199.58,126.07,24.28,43.34,0,2.56
3.12,34.64,21.6,0,30.02,0,198.71,127.21,25.42,44.14,0,3.05
3.07,34.43,21.54,0,30.12,0,197.83,128.28,26.08,44.33,0,2.74
2.94,34.21,21.9,0,30.37,0,199.32,125.63,26.91,44.25,0,2.85
2.91,33.99,21.65,0,30.12,0,202.56,123.61,25.33,43.34,0,2.93
3,33.77,21.5,0,29.78,0,201.52,123.37,25.9,43.52,0,2.77
3.08,33.55,20.96,0,29.43,0,201.23,113.06,25.84,42.2,0,2.72
3,33.33,20.41,24.32,29.1,0,202.28,102.96,25.48,42.93,0,2.61
3.07,33.1,20.15,24.11,28.92,0,204.1,104.89,26.25,42.97,0,2.03
2.97,32.88,19.74,23.91,28.34,0,203.05,105.38,22.75,41.83,0,1.95
2.8,32.65,20.09,23.98,28.58,0,203.95,107.71,23.03,42.06,0,2.27
2.82,32.42,20.05,23.69,28.15,0,198.99,106.94,22.86,40.64,0,2.17
2.96,32.19,20.12,23.86,28.14,0,200.95,108.95,23.74,40.76,0,2.15
3.09,31.95,20.09,23.78,28.01,0,196.82,105.6,23.94,40.77,0,2.34
2.93,31.72,19.7,23.38,27.01,0,193.62,101.71,22.85,40.25,8.39,2.17
2.83,31.48,20.61,24.56,28.3,0,192.74,102.71,22.63,43.2,10.4,2.27
2.82,31.24,20.19,24.09,27.58,0,186.74,99.14,22.33,42.26,11.6,2.17
2.83,31,20.44,24.55,28.16,0,187.21,103.44,22.21,42.52,12.7,2.19
2.87,30.76,20.35,24.54,28.55,0,188.16,105.87,22.61,41.93,12.75,2.17
3.64,30.52,20.62,24.82,28.75,0,193.34,103.99,24.03,43.84,12.41,2.24
3.58,30.27,20.37,24.35,28.55,0,194.02,102.5,23.37,42.64,11.36,3.19
3.91,30.02,20.14,24.14,28.19,0,192.97,99.51,23,42.45,10.43,2.29
3.86,29.78,20.99,24.95,28.88,0,196.48,107.39,23.39,45.99,10.32,2.23
3.59,29.52,19.93,23.79,27.1,0,193.24,103.29,23.01,39.05,11.04,2.12
3.44,29.27,18.85,22.41,25.63,0,194.4,102.47,22.59,35.11,11.08,1.99
3.66,29.02,19.33,22.96,26.17,0,198.85,106.1,23.36,31.3,10.54,2.09
4.39,28.76,19.2,22.76,25.94,0,201.84,110.12,23.79,29.95,10.36,2.01
4.21,28.5,19.13,22.75,25.8,0,202.51,112.74,23.7,29.21,10,1.96
4.32,28.24,19.12,22.63,26.01,0,202.84,112.72,24.23,32.22,10,1.86
4.06,27.98,18.77,22.02,25.37,0,201.67,106.41,23.99,29.01,9.61,1.92
4.04,27.72,18.13,21.42,24.81,0,198.31,101.54,22.94,28.28,9.62,1.85
3.97,27.46,18,21.28,24.73,0,202.48,102.65,22.92,28.13,9.44,1.78
3.7,27.19,17.3,20.29,23.78,0,198.06,100.96,22.49,26.5,9,1.69
3.66,26.92,17.73,20.82,24.05,0,201.87,102.29,22.99,27.12,8.75,1.66
3.73,26.65,17.83,20.79,24.27,0,204.56,101.72,23.71,26.68,7.79,1.77
3.77,26.38,17.56,20.61,24.01,0,204.16,89,23.44,25.55,7.89,1.73
3.75,26.11,17.72,20.78,24.34,0,205.29,88.55,22.86,27.74,8.19,-5.92
3.79,25.83,17.98,20.93,24.56,0,208.35,90.78,22.59,30.07,8.11,1.65
3.97,25.55,18.02,20.95,24.28,0,210.18,85.07,22.97,29.94,7.77,1.64
4.08,25.27,18.49,21.7,25.25,0,204.91,88.32,23.62,32.07,7.99,1.75
4.15,24.99,18.79,22.16,25.73,0,204.69,83.38,23.54,32,7.69,1.77
4.27,24.71,18.41,21.64,25.02,0,206.78,86.17,22.8,30.15,7.71,1.66
4.56,24.43,18.64,22.01,25.41,0,208.13,86.05,23.55,31.13,8,1.67
4.8,24.14,18.88,22.09,25.71,0,206.59,90.86,23.86,30.68,8.6,1.66
4.71,23.85,18.3,21.6,25.08,0,203.9,88.35,22.98,30.57,8.65,1.61
4.79,23.56,18.43,21.76,25.17,0,203.98,91.33,23.3,31.65,8.71,1.6
4.79,23.27,18.13,21.37,24.63,0,203.71,91.07,23.7,30.78,8.78,1.49
4.56,22.98,17.82,21.15,24.08,0,205.74,94.85,23.73,30.5,8.77,1.27
4.39,22.68,17.73,20.9,24,0,207.33,95.35,23.21,30.49,8.45,1.27
4.37,22.38,17.53,20.42,23.55,0,207.27,97.34,22.92,29.91,7.5,1.36
4.35,22.09,17.26,20.27,23.07,23.74,205.13,95.34,22.15,28.98,7.22,1.31
4.55,21.78,17.05,20.09,23.01,23.57,205.7,95.32,22,28.13,6.71,1.27
4.55,21.48,16.11,19.34,21.94,22.5,205.07,89.82,20.03,26.68,6.16,1.18
4.79,21.18,15.6,19.1,22.06,22.4,203.96,91.39,20.02,26.54,5.61,1.14
4.74,20.87,15.54,19.05,22,22.4,206.16,95.18,18.85,26.65,4.44,1.2
4.77,20.56,15.2,18.56,21.46,21.74,205.95,95.73,18.62,25.94,4.14,1.2
4.75,20.25,14.56,17.96,20.77,20.86,207.29,92.35,18.25,24.79,4.78,1.12
4.69,19.94,14,17.27,20.24,19.9,209.33,88.52,17.89,24.19,4.84,1.12
4.57,19.63,14.45,17.35,20.2,20.04,206.85,90.76,18.67,24.05,4.65,1.06
4.35,19.31,14.83,17.97,20.94,20.85,194.25,89.92,19.08,24.88,4.93,1.1
4.4,18.99,14.8,17.94,20.88,20.68,193.75,91.24,19.31,24.03,4.59,1.09
4.3,18.67,14.55,17.53,20.38,20.26,188.67,89.33,19.04,24.23,4.48,1.07
4,18.35,14.17,17.19,20.05,20,189.5,86.44,18.32,23.82,4.41,1.03
3.59,18.03,14,17.13,19.86,19.75,191.46,86.15,18,23.8,5.16,1.03
3.45,17.7,13.06,15.94,18.64,17.99,192.72,76.95,18.61,20.63,4.53,0.9
3.65,17.38,13.25,16,18.65,17.68,192.93,78.73,18.84,20.89,4.47,0.92
3.52,17.05,13.06,15.9,18.41,17.62,193.02,77.81,18.87,20.65,4.41,1.03
3.46,16.72,13.73,16.6,19.55,18.67,196.77,78.23,19.38,22.08,4.44,1.37
3.46,16.38,13.54,16.39,19.26,18.18,198.47,77.08,19.32,21.69,4.1,1.32
3.76,16.05,14.06,16.93,20.11,19.08,197.26,76.53,19.69,22.45,4.19,1.35
3.61,15.71,13.81,16.55,19.5,18.51,197.02,72.52,19.12,21.35,4.09,1.32
3.8,15.37,13.84,16.63,19.83,18.61,194.58,73.6,19.44,22.41,3.9,1.36
3.71,15.03,13.66,16.51,19.78,18.39,196.81,72.12,19.32,22.15,3.77,1.33
3.72,14.69,13.94,16.84,20.15,18.93,197.63,71.59,19.55,22.61,4,1.31
3.71,14.34,13.96,16.94,20.4,19.05,196.55,72.51,19.88,24.33,3.88,1.33
3.69,14,14.05,17.04,20.48,19.3,195.74,71.79,20.03,23.61,3.93,1.22
3.68,13.65,14,16.8,20.17,19,192.86,67.69,20.25,23.06,3.8,1.15
3.7,13.3,13.46,16.15,19.57,18.21,192.93,69.09,20.36,22.15,3.53,1.07
3.42,12.95,13.35,16.03,19.43,18.1,191.55,72.64,20.33,22.18,3.37,1.08
3.31,12.59,13.2,15.87,19.34,17.83,190.35,76.05,20.76,22.25,3.23,1.12
3.63,12.24,13.31,16.07,19.62,18.08,190.99,75.54,21.15,21.58,3.19,1.19
4.02,11.88,13.18,15.87,19.52,17.86,193.92,75.88,20.38,22.12,2.96,1.24
4.17,11.52,13.27,15.99,19.66,17.99,191.72,77.13,20.73,22.45,2.91,1.17
3.96,11.16,13.07,15.77,19.25,17.8,193.18,72.6,19.4,22.87,3.21,1.13
3.97,10.79,13.01,15.57,18.82,17.36,190.3,79.69,20.68,22.24,3.54,1.06
4.51,10.43,13.62,16.28,19.58,18.15,187.56,85.19,21.18,23.46,3.77,1.04
4.44,10.06,13.3,15.81,19.12,17.77,184.48,81.45,21.27,21.95,3.84,1.03
4.18,9.69,12.81,15.32,18.53,17.08,183.79,80,21.7,21.5,3.77,0.98
3.72,9.32,12.41,14.84,18.02,16.28,184.1,81.96,21.43,20.94,3.57,0.97
3.88,8.94,12,14.14,17.2,15.29,182.82,82.55,21.44,19.77,3.32,0.89
3.85,8.57,12.02,13.92,16.72,14.86,179.66,85.48,21.16,19.93,3.11,0.87
3.75,8.19,11.67,13.23,16.03,13.91,174.86,82.68,21.16,19.88,2.8,0.8
3.7,7.81,11.94,13.69,16.56,14.65,180.94,82.73,22.4,19.96,2.86,0.84
3.77,7.43,12.53,14.19,17.14,15.3,185.81,79.93,22.56,20.89,2.75,0.89
3.72,7.04,13.16,15.23,18.5,17.05,186.56,79.84,23.33,22.43,3.2,0.97
3.75,6.66,12.67,14.54,17.53,15.91,181.21,77.9,24.07,21.33,2.98,0.9
3.9,6.27,12.39,14.35,17.3,15.48,183.54,77.89,24.46,20.76,2.73,0.91
3.94,5.88,12.2,14.21,16.92,15,184.05,77.89,24.55,20.01,2.64,0.84
4,5.49,12.38,14.37,17.27,15.31,185.68,76.96,25.92,20.21,2.54,0.82
4.05,5.09,12.56,14.47,17.44,15.53,186.11,76.87,25.7,20.36,2.47,-3.19
4.01,4.7,12.48,14.32,17.22,15.34,185.97,77.33,25.96,19.8,2.42,0.8
3.9,4.3,12.13,13.98,16.92,15.01,186.11,77.71,25.89,18.95,2.36,0.77
3.94,4.01,12,13.82,17.01,15.2,184.45,78.01,16.93,19.51,2.28,0.78
3.65,4.06,11.92,13.66,16.88,15.06,184.27,76.23,17.02,18.76,2.16,0.78
3.4,3.92,11.71,13.51,16.75,14.89,182.42,72.51,16.13,18.36,2.07,0.79
3.24,4,11.83,13.43,16.79,14.81,183.65,73.04,16.75,18.16,1.99,0.84
3.15,4.02,11.97,13.58,17.36,15.43,181.26,72.77,16.26,19.2,2.28,0.91
3.33,4.36,11.89,13.32,17.02,15.09,180.89,74.05,16.88,18.52,2.09,0.83
3.24,4.58,11.75,13.2,16.96,15,181.54,73.41,16.35,18.16,2.22,0.82
3.49,4.45,12,13.61,17.45,15.45,179.8,73.58,16.4,18.88,2.41,0.83
3.25,4.31,12.01,13.64,17.49,15.64,182.03,74,16.58,18.59,2.52,0.84
3.35,4.31,12.05,13.6,17.48,15.55,182.89,73.93,17.03,18.17,2.53,0.86
3.44,4.3,11.68,13.3,17.2,15.13,183.08,73.38,17,17.96,2.55,0.86
3.37,4.32,11.4,12.95,16.82,14.74,183.7,73.84,16.37,17.17,2.29,0.84
3.24,4.32,11.55,13.12,17.05,14.92,185.82,73.72,16.44,17.31,2.37,0.84
3.35,4.25,11.55,13.1,17.05,14.95,188.82,70.93,16.75,17.31,2.37,0.84
3.24,4.28,11.51,12.99,16.94,14.69,188.04,75.25,16.99,17.03,2.37,0.81
3.19,4.23,11.62,13.09,17.1,14.79,186.83,76.01,16.98,17.12,2.4,0.81
3.2,4.23,11.76,13.05,16.92,14.71,188.07,77.61,16.7,16.87,2.43,-1.85
3.24,4.26,11.71,12.96,16.73,14.52,189.64,78.34,16.51,16.52,2.39,0.81
3.27,4.22,11.37,12.87,16.7,14.3,189.18,75.28,16.61,16.25,2.29,0.8
3.16,4.14,11.25,12.59,16.21,13.9,188.36,73.28,16.4,15.7,2.48,0.87
3.08,4.1,11.94,13.25,17.07,15,189.66,75.65,16.1,17.11,3,0.92
3.05,4.14,12.07,13.43,17.25,15.23,189.27,75.12,15.82,17.2,3.17,-1.45
3.07,4.2,11.83,13.21,16.88,14.84,188.3,73.61,15.44,16.4,3.02,0.96
3.14,4.21,11.76,13.07,16.7,14.71,189.44,75.05,15.06,16.01,2.87,1.08
3.21,4.15,11.55,12.78,16.46,14.37,190.42,77.5,15.17,15.5,2.97,1.18
3.12,4.02,11.26,12.5,16.26,13.98,183.76,76.32,15.01,15.28,2.84,1.04
3.05,4.29,11.3,12.5,16.35,13.96,190.4,77.01,15.01,15.78,2.69,1.03
2.94,4.38,11.48,12.74,16.73,14.4,193.57,78.45,15.37,15.82,2.99,1.04
2.95,4.35,11.45,12.6,16.39,14.07,188.27,80.28,15.72,15.53,2.74,1.04
2.85,4.47,11.77,13.21,17.32,14.95,188.41,83.64,15.86,17.31,2.88,1.05
2.9,4.61,12,13.37,17.75,15.31,190.82,84.34,16.18,21.21,2.85,1.1
2.96,4.9,12.75,14.32,18.73,16.6,190.8,82.59,16.77,21.32,3.36,1.15
3.08,4.61,12.82,14.36,18.64,16.79,190.71,82.99,16.88,20.43,3.25,1.15
2.97,4.6,12.92,14.41,18.71,16.87,189.94,82.43,17.3,20.93,3.43,1.17
3.01,4.53,12.79,14.3,18.54,16.63,189.65,81.58,17.34,21.32,3.5,-0.32
3.02,4.52,12.57,14.11,18.27,16.38,190.23,81.52,16.87,21.14,3.34,1.16
2.84,4.66,12.52,14.06,18.25,16.5,191.93,81.68,16.28,20.82,3.06,1.13
2.91,4.36,12.44,13.97,18.19,16.42,193.98,79.44,16.34,21.17,2.82,1.1
2.84,4.25,11.94,13.39,17.39,15.55,191.55,80.74,16.07,19.76,2.62,1.02
2.62,4.51,11.69,12.94,16.81,14.87,190.84,84.87,16.1,18.5,2.5,1.06
2.68,4.6,11.94,13.41,17.29,15.34,192.76,92.4,16.18,19.5,2.63,1.12
2.58,4.9,11.96,13.24,17.08,15.13,192.57,94.09,16.14,18.9,2.56,1.11
2.65,4.99,11.8,12.96,16.91,14.77,190.79,93.42,16.01,19.19,1.53,1.07
2.56,4.78,11.54,12.61,16.53,14.27,188.18,89.41,16.09,17.51,1.19,1.06
2.85,4.91,11.51,12.62,16.61,14.34,189.12,92.29,16.28,17.26,1.34,1.03
2.91,4.85,11.67,12.88,16.91,14.67,192.92,94.93,16.68,18.12,1.43,1.03
3.31,4.94,11.66,12.72,16.72,14.52,197.13,95.05,16.95,17.58,1.31,1.01
3.14,5.24,11.69,12.56,16.45,14.1,199.8,95.16,17.29,17.78,1.29,0.99
3.32,5.95,11.26,12.32,16.06,13.7,200.17,92.52,17.14,16.9,1.21,0.93
3.35,5.72,11.08,12.15,15.84,13.33,200.02,91.92,17.43,16.01,1.13,0.9
3.6,5.85,11.1,12.33,16.06,13.65,199.94,92.57,17.26,16.83,1.17,0.89
3.84,5.82,10.95,12.12,15.75,13.25,198.73,92.79,17.47,16.31,1.17,0.81
3.8,5.75,10.95,12.09,15.79,13.22,201.14,94.37,17.25,16.13,1.17,0.8
3.74,6.33,11.34,12.61,16.41,13.88,203.79,98.91,17.73,17.33,1.32,0.82
3.56,6.36,11.48,12.69,16.47,13.99,203.7,100.85,17.59,17.18,1.37,1.69
3.39,6.25,11.43,12.52,16.31,13.78,203.81,102.29,17.18,17.07,1.35,0.84
3.32,6.52,11.44,12.55,16.49,13.83,206.57,105.78,17.18,18.5,1.35,0.81
3.1,6.41,11.42,12.68,16.62,14,208.25,106.95,17.2,19.22,1.38,0.84
3.29,6.17,11.27,12.43,16.43,13.78,207.4,105.41,17.22,19.34,1.53,0.82
3.27,5.47,10.76,11.81,15.53,13.05,201.54,102.25,16.36,17.28,1.58,0.79
3.17,5.19,10.32,11.38,15.03,12.5,195.25,96.41,15.95,16.56,1.48,0.76
3.12,5.34,10.16,11.19,14.85,12.27,190.97,96.03,15.86,15.86,1.45,0.75
2.93,4.96,9.54,10.7,14.16,11.52,175.55,94.97,15.35,14.53,1.42,0.67
3.18,5.46,9.61,10.77,13.87,11.36,172.37,91.92,14.98,14.38,1.45,0.63
3.46,5.42,9.7,10.76,14.2,11.39,177.13,97.68,15.55,15.22,1.48,0.66
3.28,5.42,9.47,10.42,13.66,11.1,177.39,95.18,14.83,13,1.49,0.65
3.65,5.29,9.89,10.76,14.28,11.55,185.96,98,15.9,12.46,1.63,0.66
3.55,4.8,9.51,10.31,13.68,11,182.67,96.14,15.98,11.17,1.5,0.63
3.59,4.68,9.06,9.91,13.08,10.38,179.16,93.56,15.27,10.02,1.43,0.6
3.05,3.9,8.1,8.8,11.75,9.08,164.17,83.05,13.78,7.66,1.22,0.47
3.07,4.38,8.37,9.15,12.09,9.52,165.32,85.91,13.95,7.83,1.05,0.52
2.95,3.89,7.7,8.52,11.31,8.95,155.17,76.83,13.41,7.07,0.91,0.5
2.65,3.5,6.6,7.4,9.92,7.67,131.43,65.68,11.03,5.92,0.81,0.47
1.81,3.58,6.94,7.77,10.27,7.53,133,71.52,11.52,4.02,0.74,0.48
1.56,2.94,6.3,7.17,9.51,7.07,124.74,56.89,9.86,3.04,0.68,0.48
2.14,3.18,6.57,7.4,9.87,7.3,124.43,58.99,11.18,2.88,0.67,0.44
2,2.81,5.94,6.82,9.16,6.74,121.24,46.5,9.1,2.46,0.57,0.39
2.37,2.99,6.2,7.2,9.62,7.13,122.96,51.6,10.42,3.72,0.69,0.41
2.18,3.01,6.51,7.44,9.72,7.45,119.66,58.94,10.49,3.84,0.79,0.46
1.93,3.24,6.65,7.47,9.61,7.64,105.63,60.38,11.03,3.84,0.72,0.49
2.13,3.53,7.22,8.01,10.35,8.2,123.79,65.52,12.25,4.01,0.77,0.53
2,3.71,7.57,8.55,10.95,8.69,126.36,73.28,12.51,5.01,0.79,0.67
2.16,4.35,8.22,9.2,12.03,9.73,140.65,83.99,13.29,7.85,1.02,0.74
2.25,4.3,8.05,9.14,12.11,9.8,145.08,78.94,12.6,9.09,1.05,0.7
2.44,3.97,7.82,8.84,11.55,9.12,146.56,79.8,13.2,6.6,0.98,0.64
2.55,3.79,7.7,8.76,11.41,9.08,143.16,75.31,13.13,6.87,0.63,0.01
2.16,3.35,7.17,8.18,10.56,8.5,136.85,68.88,12.38,5.85,0.56,5.63
2.28,3.34,7.26,8.3,10.77,8.5,129.89,68.59,12.66,6.06,0.49,5.77
2.25,3.19,7.11,8.08,10.44,8.18,132.02,66.84,12.79,5.5,0.47,5.91
2.55,3.36,7.39,8.46,10.89,8.6,142.04,70.43,13.36,5.9,0.51,6.05
2.5,3.33,7.43,8.55,10.97,8.67,149.59,70.11,13.35,6.37,0.5,6.19
2.44,3.7,7.65,8.86,11.29,8.81,157.75,68.98,14.05,6.97,0.56,6.33
2.47,3.73,7.77,8.91,11.5,8.88,166.12,75.57,13.73,6.75,0.6,6.48
2.4,3.88,7.8,8.93,11.41,8.84,160.62,74.79,13.66,6.44,0.59,6.62
2.33,4.15,7.87,9.08,11.39,8.91,157.63,73,14.13,6.55,0.56,6.76
2.38,4.28,7.98,9.28,11.6,9.16,167.83,76.29,14.54,7.02,0.57,6.91
2.39,4.2,7.77,9.17,11.35,9.01,162.22,71.34,13.92,6.79,0.57,7.06
2.24,4.21,7.65,8.98,11.08,8.75,162.15,73.1,14.07,6.33,0.53,7.21
2.27,4.15,7.91,9.33,11.46,8.99,162.69,73.19,14.62,6.49,0.54,7.35
2.34,4.23,7.99,9.36,11.5,9.06,156.61,71.83,14.82,6.72,0.56,7.5
2.37,4.15,7.92,9.23,11.28,8.95,152.78,71.02,15.4,6.8,0.53,7.65
2.66,4.14,8,9.23,11.36,9,155.22,71.5,15.7,6.78,0.52,7.81
2.47,4.1,8.15,9.44,11.48,9,153.06,72.88,15.63,6.8,0.51,7.96
2.67,4.33,8.37,9.61,11.86,9.35,158.79,74.17,15.79,8.05,0.5,8.11
2.83,4.53,8.75,10.05,12.37,9.83,163.15,76.5,16.14,8.43,0.48,8.27
2.89,4.6,8.63,9.87,12.25,9.66,167.41,76.82,15.57,8.03,0.49,8.42
2.83,4.77,8.82,10.06,12.4,9.84,169.42,79.99,15.86,8.11,0.49,8.58
2.69,4.67,8.61,9.76,12,9.51,164.68,78,14.82,8.05,0.56,8.74
2.48,4.54,8.33,9.4,11.5,9.11,161.56,74.64,14.24,7.23,0.64,8.9
2.39,4.78,8.52,9.61,11.9,9.34,163.84,76.49,14.48,7.64,0.56,9.06
2.41,4.87,8.54,9.65,11.8,9.33,163.01,76.84,14.61,7.37,0.54,9.19
2.33,4.5,8.56,9.66,11.74,9.42,165.43,77.97,14.98,7.41,0.55,9.21
2.5,4.55,8.6,9.67,11.77,9.45,164.93,75.52,14.76,7.62,0.52,9.11
2.67,4.77,8.72,9.71,11.81,9.36,166.05,74.85,14.18,7.78,0.5,9.12
3.47,5.02,8.67,9.69,11.7,9.27,163.3,73.38,15.78,8.08,0.5,9.39
3.25,4.63,8.72,9.62,11.51,9.05,160.54,74.13,15.12,7.46,0.48,9.23
3.22,4.67,8.35,9.13,10.93,8.5,155.31,70.86,14.15,7.18,0.39,8.92
3.13,5.42,8.5,9.37,11.05,8.57,157.95,71.68,15.08,7.17,0.39,8.96
3.41,5.36,9.01,9.85,11.95,9.7,158.5,74.06,15.04,7.75,0.54,9.02
3.5,5.51,9.75,10.3,12.89,10.93,168.5,76.08,15.05,7.97,0.6,8.67
3.53,5.91,9.7,10.49,12.61,10.75,168.81,77.73,15.23,8.15,0.56,8.23
3.59,5.92,9.84,10.61,12.7,10.53,172.57,79.02,15.98,8.05,0.54,8.28
3.65,5.97,10.21,11.07,13.4,11.55,170.99,80.49,15.93,9.64,0.6,8.67
3.5,6.63,10.8,11.71,13.98,12.16,172.3,82.91,16.43,10.25,0.84,8.8
3.52,6.54,11.16,12.05,14.27,12.6,174.04,84.85,16.58,10.6,0.94,8.73
3.55,6.41,11.16,12.02,14.29,12.64,176.52,84.99,16.31,10.79,0.9,8.89
3.36,6.85,10.96,11.86,14.21,12.25,179.25,84.25,16.07,10.63,0.86,8.82
3.17,6.47,11,11.98,14.28,12.35,175.43,85.78,16.23,10.38,0.87,8.72
3.71,6.55,10.69,11.4,13.71,11.62,172.64,81.68,15.83,9.84,0.85,8.92
5.36,6.75,10.8,11.6,13.83,11.84,173.31,87.25,15.68,10.03,0.86,9.36
4.85,7.23,10.93,11.7,13.85,11.79,173,87.82,15.86,10.02,0.82,9.72
5,6.66,11.15,11.84,14.04,11.99,174.78,90.22,16.07,10.09,0.82,9.77
4.86,6.8,11.12,11.8,14,11.98,175.72,90.22,15.6,10.06,0.8,9.72
4.67,6.73,11.16,11.77,13.95,11.96,181.3,93.46,15.37,9.48,0.82,9.93
4.38,7.11,11.8,12.54,15.24,13.35,185.92,95.85,16.36,10.4,1.08,9.84
4.31,7.71,11.75,12.41,14.9,13,183.44,92.85,16.05,10.13,1.08,9.54
4.04,7.53,11.65,12.33,14.77,12.8,180.54,92.39,16.45,9.68,1.07,9.45
3.72,6.57,10.48,11.19,13.41,11.45,168.56,87.25,14.97,8.37,0.9,9.63
3.89,6.55,10.71,11.34,13.65,11.64,170.28,89.96,15.05,8.4,0.96,10.1
3.87,6.6,10.8,11.48,13.56,11.66,173.69,95.74,15.51,8.43,1,9.77
3.98,6.64,10.95,11.67,13.83,11.78,177.45,98.7,15.75,8.24,0.98,8.23
3.83,6.5,10.83,11.48,13.54,11.48,178.66,98.25,15.84,8.09,0.93,7.68
3.89,7.4,11.05,11.7,13.6,11.46,184.24,98.97,16.19,8.55,0.9,7.87
3.89,7.31,10.87,11.58,13.47,11.39,181.25,95.65,16.61,8.3,0.87,7.98
4.4,7.05,10.84,11.56,13.46,11.4,179.61,95.85,17.3,8.4,0.84,7.76
4.24,6.97,10.95,11.63,13.51,11.49,180.41,96.06,17.3,8.56,0.9,7.54
4.08,7,10.5,11.36,13.15,11.2,171.7,91.88,16.78,8.17,0.84,7.39
4.05,7.06,10.51,11.37,13.2,11.02,173.38,92.53,17.29,8.55,0.82,7.36
4.22,6.52,10.28,11.01,12.76,10.69,168.99,89.16,17.02,7.9,0.8,7.55
4.17,6.02,10.34,11.14,12.96,10.42,173.96,90.41,16.78,7.7,0.82,7.74
4.27,6.83,10.16,10.91,12.8,10.13,174.35,88.02,17.07,7.1,0.79,7.62
4.52,6.87,10.33,11.14,12.95,10.2,185.77,93.76,17.7,7.01,0.78,7.38
4.77,6.78,10.24,11.09,12.87,10.24,185.8,92.68,17.49,6.93,0.78,7.47
4.86,6.9,10.26,11.22,12.92,10.31,186.46,95.08,17.48,7.39,0.81,7.22
4.76,6.97,10.33,11.32,13.03,10.32,186.48,96.43,17.57,7.82,0.81,7
4.58,6.84,10.31,11.18,13.02,10.21,182.47,91.68,17.5,7.67,0.76,7.16
4.61,6.86,10.32,11.26,12.99,10.22,183.46,91.78,17.74,7.56,0.78,6.95
4.36,6.69,10.11,11.12,12.75,10.05,182.39,89.74,17.62,7.41,0.79,6.74
4.42,6.61,10.51,11.36,13.09,10.37,184.85,90.75,17.63,8,0.8,6.9
4.2,6.8,10.7,11.38,13.04,10.41,179.69,89.31,17.53,7.46,0.83,7.24
4.56,7.16,10.81,11.57,13.2,10.31,179.18,91.47,17.54,7.57,0.82,7.17
4.28,7.23,11.07,11.89,13.59,10.8,182.57,93.44,17.92,7.82,0.87,7.03
4.31,7.27,10.95,11.88,13.5,10.68,181.24,92.74,17.64,7.64,0.9,7.06
4.14,7.19,10.98,11.89,13.45,10.71,180.61,93.88,17.77,7.34,0.83,7.15
4.08,7.37,11.02,11.89,13.34,10.56,177.56,94.5,17.84,7.14,0.82,7.19
4.25,7.84,11.22,11.93,13.36,10.51,180.69,94.71,17.62,7.38,0.8,7.34
4.18,7.68,11.12,11.82,13.2,10.33,179.48,96.1,17.66,7.24,0.72,7.54
4.19,7.55,11.01,11.63,13.05,10.22,178.99,97.59,17.61,7.31,0.69,7.52
4.26,7.23,10.91,11.49,12.92,10.11,179.85,92.91,17.14,7.11,0.67,7.35
4.54,7.33,11.24,11.82,13.28,10.42,178.81,95.48,17.36,7.37,0.6,7.23
4.43,7.53,11.66,12.22,13.72,10.89,179.52,98.95,17.03,8.1,0.62,7.14
4.34,8.51,11.55,12.05,13.28,10.44,181.61,104.03,16.87,7.51,0.59,6.87
4.37,8.67,11.66,12.09,13.25,10.21,180.88,105.22,16.95,7.54,0.57,6.67
4.28,8.44,11.47,11.89,12.96,10.14,178.15,104.02,16.43,7.39,0.59,6.21
4.57,8.89,11.72,12.21,13.32,10.2,173.28,103.95,17.14,7.44,0.58,5.61
4.89,9.11,11.94,12.43,13.55,10.61,171.69,105.97,17.23,8.68,0.59,5.89
4.93,9.1,11.97,12.37,13.47,10.5,173.43,106.9,17.19,8.09,0.57,6.1
4.03,8.69,11.87,11.92,12.94,10.1,171.14,111.16,16.98,7.77,0.56,5.91
3.85,9.03,11.58,11.59,12.53,9.75,172.26,114.42,16.95,7.46,0.54,5.77
3.85,9.26,12.09,11.97,12.93,10.1,171.46,116.84,17.26,7.97,0.53,5.84
3.61,8.61,11.76,11.59,12.66,9.81,172.87,113.74,17.43,6.92,0.54,5.72
3.51,8.76,11.88,11.62,12.74,9.75,175.5,117.41,17.01,6.89,0.55,5.61
3.54,12.48,12.17,12.1,12.83,10.03,176.62,118.87,16.86,7.06,0.69,5.86
3.34,13.2,12.3,12.05,12.66,9.9,176.03,119.67,16.28,7.25,0.46,5.77
3.42,16.15,12.43,12.4,12.71,9.65,173.69,121.12,16.87,7.05,0.46,5.79
3.52,17.66,12.33,12.45,12.67,9.75,178.11,119.09,16.52,6.98,0.43,6.1
3.62,22.02,12.58,12.72,12.72,9.72,179.92,119.55,16.24,7.04,0.41,6.21
3.45,18.22,12.25,12.5,12.52,9.55,178.36,121.6,16.32,6.89,0.38,6.13
3.39,17.34,11.95,12.26,12.35,9.35,179.29,120.84,15.83,6.64,0.38,6.04
3.44,14.36,11.92,12.09,12.39,9.29,181.49,120.98,15.39,6.73,0.34,5.98
3.29,14.91,12.18,12.21,12.47,9.32,180.18,122.97,15.58,6.63,0.33,5.85
3.22,14.04,11.98,12.12,12.32,9.33,181.36,123.39,15.31,6.47,0.32,5.82
3.19,15.05,12.03,12.16,12.33,9.25,182.65,124.44,15.11,6.43,0.31,5.9
3.37,16.34,12.44,12.46,12.62,9.42,185.37,125.2,15.35,6.57,0.34,5.89
3.26,15.95,12.54,12.35,12.6,9.5,184.4,122.86,15.49,6.69,0.34,5.67
3.4,16.04,12.35,12.25,12.36,9.31,185.94,124.96,15.06,6.44,0.31,5.61
3.6,15.69,12.2,12.21,12.35,9.31,188,125.9,15.76,6.4,0.31,5.75
3.25,14.53,11.85,11.99,12.2,9.19,190.53,122.92,15.78,6.04,0.31,5.89
3.05,14.24,11.73,11.78,12.07,8.96,191.44,117.71,15.21,5.92,0.3,5.92
2.99,13.89,11.47,11.61,11.61,8.56,189.13,115.8,15.14,5.79,0.3,5.76
3,13.92,11.35,11.63,11.31,8.31,187.76,118.4,15.45,5.65,0.31,5.56
3.12,14.63,11.56,11.84,11.54,8.4,189.81,123.19,15.6,5.63,0.3,5.49
3.12,14.16,11.41,11.7,11.42,8.32,188.66,123.08,15.07,5.63,0.3,5.35
2.32,13.69,11.31,11.65,11.2,8.13,188.86,121.46,14.91,5.32,0.29,5.2
2.42,14.95,11.52,11.9,11.46,8.2,195.21,120.25,15.47,5.29,0.28,5.18
2.62,15.5,11.56,12.01,11.31,8.22,196.58,125.66,15.25,5.28,0.27,5.28
2.72,16.37,11.73,12.11,11.4,8.31,193.2,128.06,15.11,5.64,0.27,5.27
2.88,15.71,11.51,11.94,11.25,8.13,192.19,125.92,14.77,5.45,0.26,5.21
2.82,15.94,11.43,11.88,11.12,8.1,187.82,124.79,14.49,5.33,0.26,5.19
2.81,16.63,11.09,11.64,10.79,7.8,185.06,123.13,14.15,5.01,0.23,5.22
2.76,16.41,11.17,11.75,11.03,8,188.43,124.13,14.15,5.36,0.22,5.31
2.53,15.17,10.72,11.2,10.38,7.4,186.6,118.12,13.73,4.7,0.21,5.35
2.64,14.78,10.45,11.06,10.36,7.2,181.87,119.13,13.34,4.74,0.18,5.3
2.69,15.06,10.64,11.15,10.39,7.24,181.77,123.42,12.94,4.79,0.18,5.27
2.76,14.66,10.68,11.17,10.36,7.25,185.45,128.29,12.39,4.82,0.19,5.12
2.91,16,10.76,11.3,10.4,7.3,187.52,124.66,12.34,4.81,0.19,4.98
2.91,15.95,10.69,11.25,10.37,7.28,189.39,124.1,12.72,4.85,0.24,4.99
3.1,15.36,10.6,11.17,10.36,7.32,184.6,124.94,12.74,4.91,0.26,5.01
3.04,15.16,10.64,11.1,10.35,7.21,185.6,125.24,13.18,4.8,0.24,4.94
3.17,16.16,10.96,11.58,10.77,7.47,183.58,126.6,13.76,5.38,0.23,4.99
3.11,16.03,10.82,11.42,10.52,7.3,180.54,124.43,13.56,4.91,0.22,5.32
3.21,17.35,11.24,11.92,10.94,7.64,181.43,129.96,13.9,5.19,0.22,5.31
3.08,17.86,11.85,12.55,11.52,8.32,185.12,129.78,14.09,6.13,0.22,5.12
3.12,18.04,12.01,12.73,11.56,8.45,186.65,131.22,13.98,6.02,0.22,5.08
3.01,17.66,12.35,13.07,11.82,8.72,187.01,134.15,13.98,6.3,0.22,5.16
2.99,18.39,12.27,12.88,11.56,8.52,187.44,135.65,13.72,5.93,0.21,5.09
2.94,17.42,12.11,12.63,11.41,8.35,183.11,131.29,13.39,5.98,0.2,4.98
3.02,17.31,11.82,12.27,11.17,8.02,181.55,131.2,13.05,5.57,0.19,4.96
2.82,17.38,11.8,12.3,11.11,8.05,181.46,129.51,14,5.55,0.19,4.98
2.93,18.36,11.93,12.61,11.45,8.35,180.48,128.9,13.93,6.45,0.19,4.98
2.84,17.98,11.95,12.48,11.27,8.4,180.33,128.43,14.84,6.26,0.18,5.04
2.73,19.08,12.06,12.55,11.4,8.25,179.63,126.58,14.12,6.44,0.17,5.11
2.85,20.49,12.28,12.78,11.58,8.27,178.4,127.18,14.29,6.8,0.17,5.01
3.04,20.61,12.19,12.59,11.51,8.24,179.46,124,14.27,6.72,0.18,4.97
2.86,17.96,11.7,12.09,11.05,7.86,174.96,121.58,13.93,5.84,0.17,5.11
2.81,17.84,11.75,12.15,11.02,7.88,172.24,121.63,13.75,5.58,0.17,5.29
2.68,16.49,11.26,11.78,10.74,7.63,165.01,121.49,13.21,5.64,0.16,5.17
2.64,17.14,11.53,11.96,10.9,7.8,165.84,119.72,13.17,5.95,0.16,4.47
2.49,16.69,11.34,11.85,10.71,7.56,165.17,116.63,13.26,5.71,0.14,3.74
2.6,18.51,12,12.47,11.41,8.13,176.36,122.36,12.72,6.64,0.16,3.62
2.69,18.25,12.22,12.73,11.63,8.33,184.83,122.85,13.15,6.6,0.18,3.31
2.62,18.94,12.22,12.71,11.28,8.03,180.85,133.16,13.95,5.98,0.17,3.15
2.12,23.02,13.39,13.97,12.45,9.15,183.47,155.84,13.87,7.79,0.22,3.06
1.89,22.94,13.89,14.63,13.57,10.3,185.78,152.21,13.95,9.62,0.25,2.59
2.14,21.55,13.9,14.58,13.8,10.45,200.57,145,14.45,10.06,0.46,2.82
2.11,19.42,13.65,14.14,13.09,9.76,200.56,153.37,14.99,8.3,0.44,3.03
2.03,20.9,13.78,14.4,13.06,9.71,194.29,154.94,15.65,8.01,0.39,2.73
2.2,24.25,13.65,14.29,12.75,9.4,194.9,155.24,15.2,7.42,0.28,2.79
2.33,25.52,13.82,14.61,13.04,9.75,202,152.35,15.41,7.61,0.28,2.93
2.31,26.56,14.08,14.96,13.16,9.57,205.99,153.49,15.68,7.31,0.26,2.9
2.25,27.71,14.42,15.5,13.51,9.77,205.14,149.61,16.17,7.21,0.24,2.77
2.24,28.86,14.28,15.34,13.32,9.55,203.54,149.96,15.67,7.13,0.26,2.72
2.26,29.47,14.38,15.46,13.38,9.55,204.14,153.26,15.9,6.72,0.26,2.72
2.29,29.13,14.18,15.36,13.34,9.6,200.51,151.95,15.32,7.35,0.25,2.52
2.42,31.5,14.7,16,13.52,9.62,201.46,153.78,14.96,6.67,0.24,2.06
2.61,32.86,15.22,16.72,14.36,10.56,207.8,154.82,15.15,7.81,0.3,1.9
2.87,33.43,15.67,16.97,14.33,10.5,204.7,156.14,15.03,7.47,0.28,2.09
2.92,34.51,15.97,17.26,14.49,10.59,203.18,157.32,14.99,7.6,0.22,2.28
2.9,35.51,16.4,17.9,15.18,11.32,204.52,156.43,14.93,8.49,0.37,2.19
2.92,35.1,16.84,18.41,15.79,12.05,205.79,153.55,14.68,9.03,0.72,2.12
2.75,33.34,16.29,17.41,14.99,11.15,205.73,154.12,14.67,8.05,0.65,2.23
2.74,35.41,16.65,17.97,15.52,11.76,204.99,153.02,14.88,8.61,0.8,2.34
2.63,35.25,16.75,18.19,15.82,12.03,209.95,147.65,15.01,9.06,0.77,2.19
2.98,34.95,17.07,18.35,15.76,12.05,213.73,152.78,15.07,8.6,0.66,2.22
3.18,34.15,16.77,18.12,15.49,11.8,212.04,154.45,15,8.21,0.53,2.26
3.26,34.16,16.66,17.94,15.64,11.79,213,156.02,14.88,8.29,0.51,2.17
3.09,31.38,16.15,17.08,15.07,11.26,209.22,157.89,14.84,7.92,0.49,2.18
3.19,33.14,16.45,17.5,15.28,11.25,207.05,160.89,15.22,8.07,0.47,2.21
3.49,32.76,16.35,17.51,15.08,11.02,205.24,160.82,14.89,7.77,0.5,2.12
3.25,32.73,16.07,17.13,14.77,10.79,206.94,168.62,14.9,7.37,0.51,2.23
3.41,34.66,16.45,17.7,15.18,11.07,212.25,176.56,15.15,7.86,0.5,3.05
4.1,38.69,16.96,18.18,15.38,11.3,214.77,182.13,14.88,9.32,0.48,2.89
4.07,37.46,16.85,17.92,15.18,10.94,217.8,188.7,14.53,8.95,0.44,2.18
4.35,38.56,16.93,17.89,15.15,10.81,218.65,188.08,15.11,8.88,0.43,2.22
4.82,40.57,16.87,18.02,14.77,10.55,214.46,192.85,14.94,8.38,0.5,2.19
5.21,42.09,17.07,18.25,14.88,10.55,212.87,197.47,15.47,8.45,0.48,2.04
5.59,41.2,17.4,18.7,15.2,10.82,215.48,188.75,15.7,8.88,0.5,2
5.43,41.23,17.53,18.55,14.96,10.51,215.84,188.51,15.68,8.55,0.47,2.08
5.82,40.73,17.68,18.47,14.83,10.41,217.35,189.14,15.81,8.43,0.47,2.05
5.98,39.27,17.49,18.05,14.64,10.33,218.46,186.02,15.7,8.37,0.48,1.99
5.57,38.45,16.93,17.26,14.29,10.05,217.44,181.27,15.24,8.21,0.46,1.95
6.56,41.22,17.16,17.72,14.59,10.15,218.22,183.41,15.37,8.6,0.48,1.87
6.17,40.18,16.99,17.46,14.33,9.91,219.01,183.05,15.13,8.26,0.47,1.89
6.25,39.09,17.13,17.56,14.47,10.02,218.29,179.38,15.03,8.46,0.51,1.91
7.02,39.04,17.53,18.05,14.85,10.4,216.62,177.5,15.08,8.99,0.55,1.85
8,40.25,18.01,18.7,15.27,10.88,216.9,180.03,15.15,9.5,0.54,1.8
8.9,44.39,19.08,20.04,16.52,11.78,224.31,178.99,15.61,10.76,0.6,1.74
8.72,46.56,19.75,20.8,16.94,12.19,228.75,173.97,16.09,11.33,0.68,1.67
8.32,45.32,19.65,20.65,16.8,12.09,230.22,178.3,15.98,11.31,0.68,1.66
9,51.52,20.55,21.76,17.48,12.73,226.77,189.28,16.4,12.31,0.71,1.75
9.34,50.3,20.64,21.78,17.68,12.98,228.08,185.18,17.1,13.32,0.67,1.77
9.3,47.94,21.41,22.27,18.35,13.83,224.54,187.11,17.43,15.01,0.66,1.72
10.45,50.44,22.41,23.87,19.9,15.35,223.87,189.77,18.03,18.55,0.69,1.68
11.28,51.04,21.79,23.59,19.77,15.4,219.96,189.28,18.53,19.68,0.71,1.66
11.55,52.01,21.73,23.77,19.91,15.52,219.4,187.54,19.25,20.21,0.71,1.64
11.35,52.26,22.06,24.19,20.16,15.66,222.91,189.1,20.06,20.08,0.69,1.65
10.69,50.14,22,24.02,19.77,15.34,227.51,195.42,20.24,18.78,0.68,1.74
10.05,48.8,21.92,24.01,19.43,15.08,228.68,196.92,18.97,17.91,0.66,1.78
10.38,49.79,21.93,23.75,19.38,14.8,226.91,194.13,19.13,17.99,0.64,1.73
9.48,48.26,21.45,22.97,18.65,14.06,222.05,193.93,19.64,17.18,0.6,1.66
10.02,48.23,21.65,23.84,19.51,14.79,219.89,201.02,19.18,19.02,0.56,1.66
9.01,44.53,21.12,23.41,19.34,14.74,213.32,187.99,18.5,18.62,0.6,1.67
9.3,45.74,21.37,23.72,19.55,14.78,216.58,191.56,18.44,18.7,0.82,1.64
9.4,43.1,20.97,23.36,19,14.45,210.79,186.58,18.7,18.14,0.82,1.61
9.57,46.12,21.57,23.99,19.27,14.59,215.06,193.96,18.69,19.06,1.21,1.6
9.72,50.94,23.14,25.96,21.2,16.47,217.87,204.26,18.79,23.4,1.03,1.57
11.78,55.72,25.17,28.69,23.3,18.25,216.11,208.59,19.79,26.28,1.2,1.43
12.05,57.35,25.85,29.13,23.47,18.53,223.5,208.37,19.31,26.76,1.15,1.27
12.12,58.13,26.02,29.13,23.3,18.33,227.75,211.03,19.09,25.71,1.13,1.25
13.33,62.96,27.31,31.2,25.4,20.3,228.41,214.9,19.43,30.05,1.27,1.32
15.34,64.62,28.99,34.74,28.85,23.81,233.73,211.99,20.27,42.27,1.64,1.36
16.31,63.07,30.52,39.86,33.2,28.63,240.35,210.12,21.6,63.8,2.93,1.31
13.8,55.03,26.79,32.39,25.02,20.37,236.38,209.29,19.85,32.17,2.37,1.29
14.82,56.89,27.03,34.67,24.53,19.5,241.27,214.4,19.87,29.05,2.07,1.24
14.78,59.66,28.18,36.41,26.46,20.89,238.74,218.64,20.54,33.87,2.21,1.17
14.2,60.47,28.48,35.72,26.9,21.01,231.68,218.94,21.07,34.57,2.18,1.14
14.43,59.27,27.7,34.85,25.45,19.67,228.42,214.42,21.06,31.5,1.71,1.17
13.54,55.91,26.56,33.2,24.24,18.4,226.19,209.29,19.89,27.09,1.44,1.21
16.18,57.64,27.59,34.2,24.93,19.01,223.21,214.56,19.98,29.18,1.52,1.19
16.72,52.65,26.75,33,24.06,18.08,222.49,211.19,20.13,26.28,1.41,1.13
14.65,50.65,25.94,31.7,23.31,17.2,222.38,208.5,19.69,24.78,1.24,1.12
15.25,50.55,26.7,32.37,24.27,18.1,223.93,220.15,19.82,27.97,1.44,1.1
13.81,45.86,25.06,30.61,22.85,17,217.92,188.55,19.27,24.46,1.37,1.06
13.78,45.56,25.08,30.05,22.51,16.53,214.06,194.46,18.34,24.34,1.33,1.09
15.65,51.61,25.91,31.45,23.47,17.28,217.66,196.23,18.88,25.54,1.34,1.1
19.93,49.11,25.9,30.94,23.15,17.25,218.11,190.75,18.91,25.89,1.36,1.09
17.41,43.45,25.05,29.62,22.37,16.61,216.03,187.77,18.9,25.28,1.28,1.07
16.55,40,23.64,27.95,21.21,15.47,211.14,182.09,18.09,22.64,1.15,1.04
16.13,40.4,22.95,27.34,21.22,15.2,216.84,173.03,18.09,21.62,1.13,1.04
16.82,37.75,22.53,27.42,21.21,15.34,220.5,165.64,18.09,22.42,1.17,1.01
18.83,44.56,24.03,29.17,22.53,16.5,227.1,173.21,18.61,24.39,1.38,0.9
17.37,45.29,23.79,28.84,22.31,16,227.04,172.02,18.66,24.08,1.31,0.9
18.01,48.65,25.31,30.89,23.83,17.4,228.46,180.6,19.44,28.19,1.41,0.94
20.65,48.82,25.68,31.08,24,17.54,229.36,188.44,19.28,27.56,1.41,1.08
22.32,53.29,26.77,32.73,24.97,18.58,229.71,194.58,18.89,30.46,1.61,1.35
21.82,51.69,25.5,31.39,23.82,17.65,230.59,192.14,19.81,26.95,1.5,1.36
21.37,54.12,25.93,31.77,24.2,17.84,233.01,193.99,19.55,27.45,1.53,1.32
19.67,50.58,24.97,30.28,23.41,17.17,231,178.6,19.09,25.31,1.45,1.35
20.79,54.54,25.01,30.77,23.83,17.36,234.58,177.68,19.63,25.33,1.48,1.32
22.61,55.11,24.56,30.6,23.46,16.75,230.69,175.48,19.76,23.88,1.29,1.34
21.14,52.02,23.7,29.64,22.77,16.11,229,171.77,19.83,23.23,1.2,1.36
18.75,45.8,22.99,28.5,22.14,15.7,229.69,172.61,19.43,22.19,1.12,1.33
19.87,45.7,23.25,29.08,22.59,15.96,231.16,177.89,19.54,22.8,1.21,1.31
19.45,43.99,23,28.55,22.44,15.73,235.1,176.66,20.11,22.06,1.13,1.33
18.71,41.71,22.4,27.7,22.04,15.44,235.98,174.07,19.98,21.6,1.12,1.31
20.02,44.35,22.26,27.86,22.33,15.45,233.95,176.28,20.59,22.02,1.13,1.22
19.11,49.69,23.6,28.94,22.86,15.97,227.93,180.52,21.65,22.71,1.13,1.17
19.36,50.48,23.82,29.48,22.83,15.97,229.62,186.3,21.75,22.31,1.1,1.11
18.61,50.34,23.82,29.59,22.89,15.96,229.34,187.47,21.89,22.17,1.09,1.06
17.87,50.59,23.8,29.49,22.91,15.89,230.28,189.1,23.8,22.03,1.07,1.08
18.21,50.18,23.38,29.03,22.48,15.5,236.32,193.36,27.06,21.13,1.02,1.1
16.84,48.99,22.6,28,21.86,14.96,234.92,189.21,26.47,19.75,1,1.15
16.04,55.17,22.88,28.44,22.28,15.13,224.01,193.22,27.45,19.76,1.01,1.2
16.59,54.04,23,28.92,22.29,15.34,224.15,188.71,29.12,19.76,1,1.24
15.55,52.16,21.85,27.4,21.25,14.32,226.31,190.75,28.32,17.15,0.93,1.2
15.35,51.59,22.01,27.69,21.42,14.43,226.71,190.24,27.46,18.31,0.98,1.15
16.05,47.53,21.5,27.09,21.1,14.07,229.02,182.98,28.52,17.39,0.9,1.12
15.7,46.8,21.28,26.64,20.91,13.88,234.73,183.55,28.32,16.94,0.85,1.07
15.05,47.07,21.32,26.75,21.06,14,238.85,184.74,28.51,17.16,0.84,1.04
14.44,45.33,21.03,26.35,20.91,14.02,237.58,180.8,27.35,17.42,0.94,1.04
14.39,43.27,20.16,25.48,20.05,13.35,238.36,176.88,27.45,15.89,0.84,1.03
14.98,45.72,21.04,26.3,20.84,13.9,240.93,179.93,27.99,16.79,0.85,0.99
15.21,43.95,20.69,26.17,20.49,13.8,238.34,177.99,27.13,16.47,0.84,0.98
15.19,45.13,21.11,26.72,21.12,14.1,240.47,181.89,26.34,17.1,0.83,0.96
15.66,46.98,21.44,27.13,21.44,14.44,238.51,181.78,26.5,17.83,0.87,0.89
15.17,44.97,21.4,26.63,21.23,14.35,238.35,183.02,26.1,17.74,0.9,0.88
15.34,45.8,21.96,27.4,21.92,14.92,237.91,184.81,25.78,19.33,0.94,0.83
14.77,44.6,21.6,27.02,21.48,14.89,241.6,182.8,14.04,18.65,0.9,0.8
14.56,43.53,21.7,26.67,21.35,14.73,240.32,182.94,12.94,18.34,0.87,0.84
14.35,43.74,21.62,26.53,21.02,14.34,243.02,178.42,13.07,17.03,0.83,0.87
14.55,42.04,21.06,26.08,20.76,14.1,240,174.88,12.49,16.11,0.79,0.93
13.59,42.05,21.05,26.07,20.81,14.3,239.68,173,12.48,15.9,0.78,0.96
11.41,40.63,20.57,25.33,20.41,13.58,241.45,180.07,12.42,14.14,0.71,0.91
12.21,43.01,21.34,26.08,21.33,14.29,240.84,184.44,12.56,16.15,0.77,0.91
11.44,41.64,20.22,24.71,20.71,13.8,239.19,175.15,12.35,15.04,0.74,0.88
11.56,39.96,20,24.6,20.43,13.5,233.98,169.81,13.02,15.65,0.75,0.83
10.81,36.56,19.35,23.66,19.54,12.9,229.7,166.18,13.13,14.53,0.71,0.82
10.99,35.43,18.77,22.8,19.16,12.33,230.87,166.63,12.86,13.68,0.7,0.82
11.67,39.95,19.66,23.65,19.68,12.56,234.39,175.41,13.2,13.93,0.7,0.81
12.54,39.1,19.75,23.92,19.95,12.75,235.87,172.76,13.38,15.14,0.75,0.8
12.64,38.67,19.8,24.04,20.28,13.26,234.11,169.9,13.34,15.57,0.78,0.77
12.88,38.46,19.25,23.65,19.95,12.79,232.37,169.25,13.36,15.01,0.73,0.78
13.57,38.89,19.42,23.84,20.06,12.98,236.1,174.76,13.46,14.92,0.77,0.78
13.5,37.27,19.54,23.86,20.15,13.15,237.28,173,13.26,15.22,0.75,0.78
13.38,36.82,19.72,24.12,20.12,13.05,236.48,177.4,13.36,15.02,0.72,0.78
13.39,38.97,19.87,24.34,20.5,13.45,237.89,178.75,13.29,15.45,0.76,0.8
14.38,42.57,20.4,24.83,21.01,13.91,237.18,183.02,13.57,16.66,0.85,0.86
15.06,42.25,20.63,25.38,21.2,14.31,237,181.34,13.66,17.16,0.85,0.91
14.21,44.4,20.89,26,21.56,15.27,239.69,180.23,13.57,16.67,0.97,0.86
14.02,43.76,20.66,25.6,21.14,15.02,238.58,181.26,13.39,16.26,1,0.81
14.56,42.33,20.65,25.39,20.91,14.68,237.24,183.66,13.27,16.98,1,0.82
14.94,43,21.3,26.25,21.63,15.45,239.24,184.86,13.24,18.99,1.11,0.83
14.51,42.2,21.07,26,21.39,15.5,238.65,179.99,13.04,19.7,1.29,0.84
14.98,42.01,20.95,25.85,21.03,14.92,239.26,181.27,13,18.79,1.09,0.85
15.95,43.78,21.48,26.6,21.86,15.52,238.99,188.83,13.47,19.73,1.15,0.86
16.11,44.06,21.44,26.64,21.93,15.57,238.37,188.71,13.52,20.21,1.16,0.86
15.93,43.61,21.51,26.6,22.05,15.61,236.67,188.77,13.83,21.41,1.13,0.85
15.62,41.62,21.26,26.17,21.48,15.05,237.17,190.96,13.86,20.05,1.04,0.84
15.83,42.35,21.26,26.5,21.58,15.12,237.84,191.87,13.94,19.89,1.05,0.84
15.66,42.64,21.02,26.21,21.26,14.9,236.37,191.74,14.36,19.15,1.06,0.84
15.23,39.97,20.52,25.56,20.68,14.45,236.12,188.96,14.18,17.98,1,0.82
15.79,40.79,20.37,25.63,20.61,14.33,233.97,189.76,14.53,18.13,0.99,0.81
16.09,40.8,20.29,25.56,20.4,14.1,229.68,189.77,14.64,17.49,0.96,0.81
15.82,40.21,19.78,24.92,19.92,13.65,220.96,184.36,14.55,16.91,0.93,0.82
16.07,41.07,20.18,25.05,20.31,13.85,225.88,188.61,14.33,17.35,0.91,0.82
15.91,42.11,20.07,24.78,20.16,13.66,224.63,189.19,13.88,17.42,0.89,0.81
16.67,43.94,20.55,25.27,20.41,14.06,224.25,189.95,13.98,17.6,1,0.8
16.75,44.64,21.2,26,20.96,14.45,226,193,14.51,18.25,1,0.84
16.49,43.41,21.14,25.77,20.76,14.33,228.6,195.07,14.66,18.18,0.97,0.9
16.72,48.4,21.22,25.99,20.96,14.14,229.42,195.42,14.52,18.63,0.98,0.92
16.41,49.06,21.09,25.83,20.66,13.76,231.4,193.78,14.43,17.86,0.95,0.93
16.36,48.1,21.08,25.61,20.6,13.65,233.82,191.25,14.26,18.06,0.94,0.94
16.99,49.61,21.14,25.77,20.58,13.64,232.03,193.59,14.44,17.83,0.92,0.99
16.62,48.99,21.07,25.56,20.27,13.51,231.42,198.98,14.36,17.23,0.9,1.1
16.32,50.87,20.91,25.28,20.15,13.28,231.03,201.94,14.42,16.97,0.87,1.18
15.99,51.42,20.7,25.12,19.96,13.06,229.47,202.17,14.31,16.72,0.89,1.11
15.37,47.2,20.43,24.98,19.43,12.9,227.04,200,13.83,16.24,0.96,1.02
15.44,45.55,20.23,24.61,19.24,12.7,227.02,197.02,13.8,16.25,0.89,1.03
15.67,45.81,20.65,24.87,19.46,12.83,227.71,203.87,13.91,16.15,0.89,1.04
15.04,46.18,20.61,24.74,19.45,12.71,226.46,207.8,13.93,16.23,0.87,1.04
14.14,45.67,20.64,24.85,19.44,12.88,225.47,208.13,13.44,16.32,0.88,1.04
13.7,40.66,19.81,23.79,18.58,12.2,225.78,202.2,13.08,15.02,0.84,1.05
13.54,39.78,19.44,23.4,18.21,11.93,224.96,203.93,12.94,14.4,0.82,1.08
13.06,38.08,19.11,22.63,17.73,11.59,223.92,209.09,12.97,13.92,0.82,1.13
14.38,38.49,18.47,22.16,17.44,11.3,222.02,202.5,13.01,13.6,0.81,1.15
14.77,39.82,18.91,22.67,17.79,11.6,225.17,207.99,12.76,14.15,0.84,1.15
15.54,41.68,19.42,23.25,18.26,11.94,225.86,213.73,12.95,14.59,0.86,1.16
15.83,40.61,19.05,22.83,17.78,11.59,223.81,210.76,12.6,13.88,0.83,1.18
15.55,39.84,18.83,22.54,17.69,11.45,224.51,212.16,11.92,13.59,0.8,1.18
14.87,40.18,18.77,22.64,17.82,11.53,224.88,212.51,12.06,13.69,0.82,1.16
14.53,39.65,18.22,22,17.44,11.05,226.35,210.56,11.87,12.73,0.79,1.14
15.06,41.92,19.09,23.1,18.5,11.92,226.36,213.84,12.09,15.99,0.84,1.12
15.1,41.61,19.05,22.98,18.3,11.71,224.52,214.11,12.17,15.41,0.83,1.09
14.57,40.66,18.9,22.7,17.97,11.45,224.34,214.93,11.95,14.6,0.82,1.03
14.45,40.3,18.96,22.69,17.88,11.5,222.79,213.83,12.15,14.59,0.82,1.03
14.4,40.9,18.79,22.41,17.91,11.3,221.36,213.54,11.66,14.24,0.81,1.08
14.14,41.09,18.54,22.04,17.43,11,219.35,213.89,11.55,13.96,0.78,1.12
14.45,42.46,19.04,22.81,18.02,11.31,219.45,217.15,12.5,14.46,0.82,1.12
14.54,42.32,19.19,22.76,17.97,11.23,218.6,228.45,12.78,14.4,0.8,1.09
15.03,43.5,19.36,22.94,17.98,11.35,217.22,227.69,12.52,14.7,0.83,1.07
14.68,43.02,19.39,23.12,18.05,11.5,218.07,227.99,13,14.78,0.81,1.06
13.63,43.01,19.15,22.65,17.85,11.35,213.33,229.42,13.11,14.3,0.81,1.04
13.36,35.66,18.72,22.03,17.3,11.12,211.93,231.9,13.34,14.1,0.82,1.03
12.95,31.48,18.16,21.65,17.03,10.88,213.64,232.78,13.85,13.29,0.76,1.03
13.8,30.59,17.77,20.89,16.44,10.52,214.05,229.56,12.52,13.11,0.73,1.01
12.97,29.3,17.49,20.62,16.31,10.25,213.31,228.2,12.71,13.11,0.71,1
12.5,29.05,17.6,20.83,16.34,10.26,214.42,231.49,13.05,13.26,0.72,0.97
12.12,28.97,17.08,20.18,15.89,9.7,213.86,229.08,12.4,12.67,0.69,0.92
13.98,29.46,17.08,20.23,15.93,9.85,213.78,233.88,13.7,12.82,0.7,0.9
14.44,31.03,17.44,20.82,16.5,10.21,216.01,236.86,14.74,13.37,0.72,0.9
14.47,32.42,17.88,21.19,16.83,10.5,216.81,239.87,14.86,13.8,0.77,0.86
15.37,31.68,17.83,21.09,16.6,10.4,214.9,237.44,14.25,13.53,0.77,0.8
15.24,31.21,17.65,20.72,16.36,10.16,214.31,236.82,13.65,13.25,0.74,0.8
16.05,31.15,17.83,21.01,16.61,10.2,212.32,240.11,14.58,13.41,0.76,0.81
15.15,30.57,17.68,20.79,16.33,10.15,211.87,243.95,14.83,13.13,0.74,0.83
15.03,31.96,17.83,21.11,16.7,10.32,211.19,245.91,15.78,13.68,0.78,0.85
14.86,31.94,17.76,20.98,16.51,10.25,214.91,247.31,16.05,13.57,0.77,0.85
14.99,31.53,17.85,21.3,16.83,10.4,212.42,249.29,15.72,13.84,0.8,0.82
13.81,31.79,17.87,21.36,16.7,10.35,211.78,252.08,15.24,13.59,0.78,0.81
13.21,32.01,17.81,21.3,16.63,10.35,213.52,251.69,15.36,13.49,0.76,0.84
13.28,31.34,17.6,21,16.45,10.2,215.77,249.83,15.61,13.3,0.75,0.83
13.48,30.03,17.24,20.42,15.97,9.8,217.01,248.44,15.52,12.8,0.73,0.81
13.67,30.41,16.95,20.18,15.88,9.8,215.99,243.8,15.55,12.85,0.73,0.78
13.29,29.5,16.51,19.8,15.62,9.61,213.92,235.01,15.24,12.41,0.72,0.76
13.51,28.38,16.39,19.61,15.47,9.4,214.91,228.08,14.88,12.23,0.74,0.76
13.12,25.82,15.95,19.09,14.95,9.16,215.5,228.44,14.63,11.74,0.71,0.72
13.29,26.88,16.75,19.6,15.25,9.22,218.5,238.43,14.77,12.02,0.73,0.66
13.58,26.96,16.82,19.76,15.19,9.3,215.43,235.48,14.94,12,0.72,0.63
13.72,26.98,16.7,19.69,15.14,9.3,214.91,232.74,15.22,12.15,0.72,0.65
12.88,26.11,15.94,18.84,14.53,8.8,210.04,233.24,15.31,11.23,0.68,0.66
13.47,25.92,16.26,19.08,14.48,8.9,209.05,233.14,15.6,11.21,0.69,0.65
13.22,26.57,16.75,19.6,14.8,9.07,211.2,239.67,15.62,11.63,0.69,0.66
13.5,27.58,17.17,20.03,15.08,9.26,213.95,245.32,15.85,12.01,0.7,0.65
14.04,25.77,17.07,19.89,14.68,9.1,212.54,245.2,15.92,11.67,0.67,0.63
14.6,27.02,17.19,20.23,15.01,9.33,211.54,241.53,16.04,12.21,0.73,0.59
13.65,25.77,16.78,19.64,14.75,9.13,209.89,233.55,15.38,11.64,0.69,0.48
13.54,25.01,16.35,19.22,14.44,8.9,211.71,231.01,15.36,11.11,0.68,0.48
13.71,24.66,16.45,19.28,14.39,8.92,210.71,230.99,15.42,11.29,0.68,0.53
13.91,24.69,16.4,19.29,14.41,8.82,213.49,233.55,15.25,11.15,0.67,0.5
12.75,23.17,15.94,18.65,14.12,8.57,213.03,228.59,14.43,10.74,0.63,0.47
12.61,23.4,16.1,18.73,14.3,8.66,212.92,228.92,14.18,11.08,0.64,0.47
12.02,23.4,16.02,18.62,14.26,8.56,211.51,230.84,13.75,10.79,0.64,0.48
12.16,24.21,16.22,18.94,14.45,8.78,216.51,236.47,14.13,11.01,0.64,0.48
11.97,23.52,15.95,18.68,14.29,8.74,219.64,232.54,14.16,10.48,0.68,0.46
12.04,23.17,15.8,18.5,14.07,8.62,219.69,231.07,13.94,10.15,0.67,0.42
12.24,23.73,15.8,18.51,14.25,8.64,218.77,234.26,13.72,10.27,0.66,0.39
12.6,20.92,15.75,18.44,14.21,8.71,219.1,239.61,13.34,10.29,0.66,0.41
13.44,21.99,15.75,18.5,14.39,8.8,220.38,242.83,13.34,10.38,0.66,0.44
13.22,21.91,15.43,18.13,14.15,8.66,218.95,238.85,13.15,10.23,0.66,0.47
13.39,22.06,15.25,17.81,13.91,8.58,215.57,240.81,12.71,10.06,0.65,0.49
13.4,22.93,15.95,18.68,14.61,9.15,216.28,246.31,12.81,11.65,0.69,0.52
13.44,22.88,16.22,18.76,14.63,9.15,218.15,252.77,12.89,11.58,0.68,0.61
14.16,22.9,16.16,18.76,14.65,9.2,218.44,256.14,12.99,11.57,0.7,0.71
14.03,22,15.8,18.15,14.22,8.81,219.37,259.72,12.68,11.08,0.66,0.74
14.23,22.54,15.73,18.07,14.27,8.86,217.69,265.23,13.21,11,0.66,0.7
14.23,21.76,15.47,17.75,14.03,8.69,218.23,264.77,14.18,10.7,0.66,0.69
13.93,21.05,14.97,17.32,13.62,8.52,214.91,254.66,16.41,10.29,0.65,0.55
14.84,21.27,15.11,17.44,13.76,8.54,216.76,261.47,16.97,10.5,0.66,0.01
