"D.2TP.PB.","BATS.PB.","ID.GUD.PB.","U.VGR.PB.","U.STZ.PB.","U.TPB.PB.","U.RLX.PB.","U.PM.PB."
0.57,51.13,3.2,20.31,135.56,0,0,89.37
0.57,51.08,3.05,20.21,135.06,0,0,89.23
0.47,50.69,3.05,19.93,134.76,0,0,88.41
0.48,50.17,3.08,19.87,135.04,0,0,88.8
0.47,50.46,3.18,19.07,134.42,0,0,88.31
0.47,50.64,3.41,19.12,133.24,0,0,88.1
0.5,50.7,3.4,19.5,133.23,0,0,88.18
0.46,50.04,3.41,19.53,132.04,0,0,86.35
0.46,49.54,3.37,19.53,132.22,0,0,85.25
0.42,49.64,3.29,19.68,134.79,0,0,84.95
0.53,49.7,3.34,19.86,134.99,0,0,85.05
0.4,48.92,3.48,19.65,133.38,0,0,84.02
0.4,48.65,3.37,19.66,132.22,0,0,83.41
0.4,49.13,3.45,19.82,135.21,0,0,84.33
0.31,50.07,3.63,19.84,138.14,0,0,83.85
0.27,50.02,3.52,20.02,138.27,0,0,85.42
0.33,50.71,3.5,20.16,137.41,0,0,86.27
0.32,50.83,3.63,20.32,137.62,0,0,85.98
0.3,50.79,3.51,20.44,142.09,0,0,86.6
0.28,50.56,3.5,20.6,141.35,0,0,86.91
0.3,50.86,3.57,20.62,143.2,0,0,87.17
0.37,50.89,3.66,20.61,145.02,0,0,87.41
0.36,51.21,3.55,20.69,143.83,0,0,87.45
0.35,50.8,3.46,20.81,140.64,0,0,87.39
0.36,51.04,3.59,20.79,142.73,0,0,87.75
0.37,51.09,3.61,20.9,141.79,0,0,87.29
0.35,50.12,3.65,20.81,140.5,0,0,87.34
0.35,49.66,3.59,20.92,144.63,0,0,89.68
0.2,50.38,3.6,20.46,141.8,0,0,88.78
0.17,49.9,3.64,20.45,142.99,0,0,88.76
0.17,49.1,3.66,20.08,140.16,0,0,88.03
0.17,48.51,3.66,19.52,139.92,0,0,87.68
0.18,47.27,3.61,18.99,138.27,0,0,86.3
0.17,47.15,3.44,19.05,137.65,0,0,87.17
0.17,48.4,3.46,19.17,139.23,0,0,87.81
0.17,48.84,3.61,19.39,142.93,0,0,90.14
0.18,49.01,3.66,19.14,139.92,0,0,89.09
0.17,48.16,3.68,18.86,138.58,0,0,86.95
0.21,48.03,3.68,19.19,141.38,0,0,86.62
0.16,48.2,3.79,19.38,142.61,0,0,87.65
0.16,49.2,3.84,19.77,143.65,0,0,89.08
0.17,49.43,3.84,19.6,142.97,0,0,88.85
0.17,49.64,3.82,19.53,142.66,0,0,88.38
0.16,49.91,3.83,19.62,143.24,0,0,88.58
0.15,49.99,3.87,19.7,144.18,0,0,89.34
0.15,49.77,3.87,19.67,144.14,0,0,88.96
0.15,49.53,3.86,19.39,142.41,0,0,87.89
0.15,48.87,3.83,19.09,140.27,0,0,87.03
0.14,48.39,3.8,18.99,140.72,0,0,87.04
0.13,48.71,3.79,19.07,143.65,0,0,87.91
0.13,48.95,3.88,18.95,143.08,0,0,87.87
0.16,48.13,3.81,18.89,149.5,0,0,87.27
0.17,47.69,3.91,18.59,146.98,0,0,86.69
0.17,47.92,3.87,18.97,147.05,0,0,89.15
0.15,48.57,3.97,19.02,147,0,0,89.1
0.15,48.85,3.97,18.96,144.1,0,0,88.3
0.14,47.8,3.96,19.24,143.34,0,0,87.84
0.13,47.21,4,18.74,142.75,0,0,86.26
0.16,47.44,3.93,18.65,143.99,0,0,86.88
0.13,47.9,3.91,18.72,145.67,0,0,87.49
0.16,46.81,3.92,18.45,145.14,0,0,85.88
0.14,47.02,3.93,18.46,143.43,0,0,85.79
0.14,47.61,3.91,18.9,148.76,0,0,86.86
0.16,48.03,3.9,18.62,148.25,0,0,86.7
0.16,48.37,3.94,18.58,148.48,0,0,87.3
0.15,49.41,4.17,18.55,146.11,0,0,88.08
0.15,49.48,4.12,18.82,151.8,0,0,89.06
0.15,51.16,4.09,19.18,152.4,0,0,90
0.14,50.75,4.1,19.37,154.36,0,0,89.37
0.14,50.65,4.11,19.18,152.53,0,0,89.32
0.15,49.98,4.12,18.94,150.32,0,0,89.76
0.15,49.29,4.25,18.82,146.8,0,0,89.08
0.15,48.91,4.26,18.75,137.94,0,0,89.53
0.14,49,4.26,18.31,134.97,0,0,89.74
0.15,49.08,4.3,18.1,136.09,0,0,90.03
0.18,48.5,4.37,18.32,138.81,0,0,89.22
0.16,48.34,4.3,17.89,135.62,0,0,88.32
0.16,48.7,4.31,18.26,137.99,0,0,89.04
0.16,49.58,4.36,18.22,138.75,0,0,89.55
0.16,50.49,4.36,18.12,139.33,0,0,90.1
0.16,51.06,4.5,18.47,141.99,0,0,91.19
0.2,50.56,4.51,18.45,140.31,0,0,91.61
0.2,50.3,4.51,18.51,139.52,0,0,91.93
0.22,50.74,4.64,18.5,140.57,0,0,92.51
0.2,50.48,4.69,18.51,139.47,0,0,92.06
0.2,50.36,4.61,18.75,139.08,0,0,91.46
0.23,50.93,4.39,19.07,143.62,0,0,92.46
0.29,51.42,4.46,19.01,142.02,0,0,91.44
0.27,51.56,4.5,19.1,141.4,0,0,90.98
0.28,52.52,4.49,18.61,144.5,0,0,91.48
0.28,52.09,4.58,18.38,143.74,0,0,91.54
0.3,51.99,4.66,18.86,144.44,0,0,93.26
0.25,53.08,4.67,19.18,143.85,0,0,94.43
0.28,52.65,4.62,19.41,138.75,0,0,93.88
0.27,52.7,4.47,19.25,139.95,0,0,94.44
0.3,53.1,4.5,19.37,140.27,0,0,96
0.27,52.34,4.59,19.21,140.49,0,0,96.86
0.29,53.54,4.61,19.12,142.04,0,0,96.46
0.27,53.87,4.68,18.83,141.86,0,0,96.41
0.27,54.22,4.65,18.92,144.11,0,0,96.45
0.27,54.06,4.47,19.08,144.57,0,0,97.2
0.27,53.06,4.43,18.88,146.89,0,0,98.86
0.28,52.24,4.33,18.82,147.05,0,0,98.22
0.27,52.19,4.3,18.72,147.18,0,0,98.56
0.28,52.32,4.2,18.51,149.41,0,0,96.73
0.23,53.1,4.34,18.57,150.12,0,0,97.04
0.22,52.47,4.3,18.48,149.94,0,0,97.58
0.22,51.84,4.21,18.48,149.66,0,0,97.56
0.22,51.8,4.21,18.57,149.38,0,0,97.86
0.22,52.46,4.32,18.68,149.72,0,0,98.85
0.21,53.52,4.46,18.83,151.6,0,0,98.71
0.22,53.72,4.62,18.77,151.12,0,0,98.11
0.27,53.64,4.63,18.66,152.68,0,0,99.72
0.23,53.82,4.64,18.9,151.43,0,0,100.34
0.27,54.07,4.72,18.29,151.42,0,0,100.25
0.27,54.17,4.75,18.13,160.31,0,0,101.18
0.27,54.47,4.76,17.77,157.39,0,0,100.55
0.27,55.02,4.67,17.8,158.95,0,0,100.85
0.27,55.07,4.67,17.66,157.43,0,0,100.32
0.25,54.74,4.79,17.8,156.96,0,0,101.6
0.25,54.97,4.72,17.75,156.09,0,0,100.31
0.28,55.3,4.65,17.61,156.81,0,0,99.73
0.25,55.57,4.61,17.68,156.7,0,0,100.11
0.25,56.15,4.73,17.71,158,0,0,100.77
0.24,56.23,4.75,17.61,157.3,0,0,99.23
0.25,56.01,4.67,17.61,156.02,0,0,98.11
0.24,54.84,4.65,17.28,155.22,0,0,96.42
0.27,54.28,4.74,17.19,154.82,0,0,96.92
0.27,54.67,4.8,17.38,156.8,0,0,97.53
0.27,54.44,4.9,17.48,156.25,0,0,97.2
0.27,54.67,4.97,17.37,156.66,0,0,97.27
0.25,54.92,5.08,17.34,155.53,0,0,97.37
0.25,54.77,4.92,17.77,156.08,0,0,98.14
0.25,54.71,5.04,17.38,157.8,0,0,98.56
0.24,54.57,4.83,17.2,158.45,0,0,98.52
0.23,54.38,4.81,17.19,158.84,0,0,98.8
0.28,55.01,4.77,17.12,159.17,0,0,99.17
0.27,55.15,4.71,17.19,159.61,0,0,100.33
0.3,55.34,4.81,17.12,161.12,0,0,100.36
0.24,55.68,5.04,17.28,163.46,0,0,101.88
0.24,55.74,5.03,17.25,162.91,10.12,0,101.79
0.23,55.28,5.23,17.5,161.89,10.25,0,102.21
0.21,55.45,5.06,17.34,161.41,10.86,0,100.86
0.23,55.62,5.03,17.64,162.49,11.51,0,101.7
0.24,55.01,5.18,17.45,158.13,11.84,0,99.8
0.21,54.71,5.1,17.12,154.6,11.73,0,98.93
0.21,53.67,5.04,17.31,156.08,10.38,0,98.36
0.21,54.46,5.15,17.23,154.04,10.3,0,98.01
0.23,54.06,5.25,17.26,154.29,10.57,0,98.3
0.21,54.77,5.05,17.55,157.61,10.49,0,98.83
0.28,54.9,5.04,17.49,156.81,10.94,0,99.03
0.2,54.94,4.96,17.47,157.89,10.88,0,99
0.2,55.24,5.06,17.57,157.84,10.72,0,99.17
0.2,55.32,4.97,17.62,155.3,10.43,0,98.73
0.21,55.14,4.9,17.66,153.15,10.26,0,98.65
0.2,54.73,4.9,17.76,153.7,10.35,0,99.36
0.21,54.41,4.9,17.92,154.1,10.26,0,99.22
0.24,55.24,4.93,18.14,153.39,10.52,0,101.1
0.24,56.1,4.97,18.11,155.08,9.6,0,100.28
0.21,56.19,4.98,18.11,151.13,9.67,0,100.42
0.21,56.17,4.9,18.18,154.06,9.38,0,101.7
0.21,56.12,4.84,18.26,154.1,8.83,0,101.79
0.23,55.4,4.79,18.24,153.41,8.2,0,101.3
0.23,54.47,4.82,18.32,152.88,7.7,0,100.54
0.23,53.48,4.83,18.35,157.09,7.9,0,99.88
0.25,53.85,4.57,18.36,156.25,7.35,0,99.67
0.25,54.44,4.5,18.5,156.73,7.14,0,100.14
0.25,54.07,4.5,17.97,154.05,7.44,0,100.7
0.25,55.59,4.5,17.78,154.38,9.35,0,101.56
0.28,55.79,4.7,17.89,154.83,10.26,0,100.87
0.23,55.88,4.71,17.81,153.65,10.02,0,101.02
0.21,56.12,4.65,17.92,155.97,9.76,0,101.88
0.21,57.6,4.67,17.85,152.6,10.18,0,97.7
0.21,58.52,4.67,17.82,153.1,9.26,0,98.21
0.21,59.84,4.88,17.87,157.69,9.96,0,98.53
0.21,61.65,4.82,18.21,159.35,9.93,0,98.6
0.18,63.6,4.89,18.44,165.4,10.27,0,101.72
0.21,64.08,4.84,18.49,163.56,10.02,0,101.2
0.18,64.42,4.84,18.36,164.07,10.08,0,101.26
0.18,66.09,4.93,18.3,165.91,10.22,0,102.19
0.16,64.35,5.04,18.4,165.34,10.01,0,102.36
0.16,64.91,5.15,18.29,166.01,9.97,0,101.78
0.16,64.33,5.18,18.48,165.96,10.04,0,103.08
0.16,64.62,5.1,18.44,164.18,10.3,0,103.4
0.16,63.55,4.99,18.39,163.69,10.36,0,102.89
0.18,63.24,5.13,18.53,163.51,10.33,0,103.19
0.18,62.79,5.12,18.5,162.84,10.33,0,103.16
0.16,63.47,5,18.54,163.06,10.9,0,103.59
0.2,62.74,5.06,18.42,163.12,11.51,0,102.99
0.2,62.9,5.07,18.4,164.03,11.04,0,99.88
0.24,63.04,5.32,18.52,166.33,10.46,0,99.62
0.2,62.68,5.47,18.37,165.35,11.29,0,99.4
0.2,63.22,5.49,18.42,167.65,11.08,0,99.82
0.18,63.09,5.32,18.48,166.3,11.11,0,99.72
0.18,62.8,5.04,18.38,165.38,11.09,0,98.95
0.18,62.32,4.91,18.24,163.01,11.13,0,97.32
0.17,62.78,4.88,18.26,163.55,11.02,0,99.14
0.18,63.32,4.79,18.17,164.64,11.03,0,100.31
0.17,63.01,4.84,18.03,163.98,10.76,0,100.1
0.17,63.3,4.92,17.75,162.62,10.8,0,99.97
0.17,61.77,4.89,17.85,162.64,10.63,0,99.01
0.18,63.18,4.87,17.75,163.64,10.73,0,99.01
0.2,63.45,4.81,17.87,163.05,10.84,0,98.89
0.18,62.51,4.74,17.91,162.6,10.83,0,98.54
0.16,63.04,4.64,17.86,164.62,10.87,0,98.39
0.16,63.8,4.69,17.85,166.11,9.25,0,99.16
0.16,65.47,4.69,17.93,165.16,10.21,0,98.86
0.2,65.29,4.68,17.96,165.46,11.31,0,98.99
0.16,65.42,4.61,17.84,164.94,12.75,0,98.6
0.18,65.25,4.6,17.8,164.47,11.01,0,99.47
0.16,64.95,4.68,17.83,165.27,11.57,0,100.27
0.16,63.49,4.79,17.89,165.28,11.51,0,100.32
0.16,64,4.83,17.93,165.48,11.01,0,99.92
0.16,64.18,4.77,17.89,165.79,11.57,0,100.16
0.16,63.71,4.76,18.14,166.36,12.44,0,100.38
0.15,63.05,4.7,18.15,166.61,12.94,0,100.15
0.15,63.26,4.74,18.26,166.65,12.9,0,99.81
0.15,63.18,4.67,18.17,165.67,13.11,0,99.13
0.21,62.81,4.61,18.2,166.8,13.01,0,100.25
0.16,62.45,4.53,18.26,166.17,12.68,0,99.99
0.16,62.06,4.57,18.35,164.13,12.93,0,99.9
0.16,61.87,4.43,18.38,164.84,12.66,0,100.59
0.18,63.91,4.49,18.72,167.01,12.88,0,101.77
0.2,63.09,4.54,18.99,167.67,13.72,0,102.42
0.16,62.71,4.57,19.17,166.92,14.32,0,102.36
0.18,63.28,4.49,19.34,166.07,14.56,0,102.07
0.16,62.82,4.43,19.27,165.53,15.96,0,101.32
0.16,61.67,4.34,18.72,162.37,15.61,0,97.56
0.16,61.7,4.27,19.07,164.8,15.26,0,100.58
0.14,61.84,4.26,18.8,161.31,14.04,0,98.91
0.16,61.39,4.33,18.82,162.66,12.91,0,98.62
0.14,62.15,4.42,18.87,166.42,13.31,0,99.74
0.14,61.9,4.44,18.91,164.63,12.98,0,98.81
0.14,62.52,4.62,18.73,162.68,12.95,0,98.79
0.14,63.2,4.54,18.71,162.85,13.13,0,99.19
0.14,62.99,4.56,18.94,165.74,13.49,0,100.65
0.16,63.87,4.62,19.14,166.02,13.76,0,101.7
0.16,64.85,4.62,19.07,166.63,13.48,0,101.53
0.16,64.16,4.54,18.75,165.64,12.88,0,99.17
0.14,64.33,4.54,18.73,165.95,12.36,0,99.32
0.14,64.87,4.52,18.8,165.28,12.15,0,99.4
0.17,64.96,4.43,18.52,163.68,12.06,0,97.75
0.17,64.75,4.4,18.59,166.47,11.95,0,97.17
0.17,65.42,4.59,18.19,165.44,12.87,0,97.37
0.16,66.23,4.75,17.92,165.66,12.61,0,96.09
0.13,64.11,4.75,17.55,168.58,12.36,0,95.66
0.13,63.87,4.73,17.6,171,12.47,0,95.63
0.16,64,4.67,17.55,168.72,12.4,0,96.01
0.14,63.82,4.62,17.87,171.25,12.35,0,96.24
0.14,64.14,4.57,17.46,169.73,12.29,0,95.52
0.14,63.56,4.56,17.61,170,12.24,0,96.09
0.14,64.12,4.6,17.57,168.98,12.2,0,96.21
0.15,64.16,4.58,17.48,169.48,12.21,0,95.83
0.17,63.28,4.62,17.54,167.11,12.49,0,95.49
0.15,63,4.7,17.54,167.17,12.47,0,96.6
0.18,62.74,4.69,17.48,167.29,12.42,0,95.96
0.16,63.05,4.63,17.35,166.91,12.55,0,95.54
0.14,61.28,4.65,17.92,167.4,13.32,0,96.31
0.14,61.43,4.68,18.09,169.53,13.41,0,96.9
0.16,61.98,4.63,17.86,168.16,12.95,0,96.58
0.16,60.2,4.63,17.76,166.51,12.47,0,96.04
0.16,60.56,4.71,17.85,165.66,12.35,0,95.77
0.16,61.83,4.69,17.92,166.04,12.4,0,96.33
0.17,61.62,4.8,18.1,167.07,12.37,0,96.43
0.17,60.7,4.82,17.92,163.44,12.89,0,96.07
0.18,60.26,4.81,17.67,163.67,12.85,0,96.05
0.18,59.99,4.62,18.21,160.02,12.93,0,96.2
0.21,59.37,4.59,17.76,159.6,12.8,0,95.49
0.23,59.64,4.69,18.11,165.93,12.84,0,97.32
0.21,60.1,4.8,18.26,166.57,13.24,0,97.86
0.22,58.84,4.76,18.33,153.81,14.97,0,94.3
0.22,55.91,4.79,17.97,152.87,14.46,0,90.49
0.22,56.56,4.55,17.9,152.4,14.84,0,88.94
0.21,56.21,4.37,17.88,147.95,14.96,0,87.31
0.23,56.46,4.34,18.04,152.43,14.99,0,87.49
0.23,56.18,4.44,18.1,153.34,13.52,0,87.91
0.24,56.62,4.44,18.21,154.77,12.42,0,89.28
0.24,57.25,4.48,18.26,155.09,13.75,0,89.08
0.23,57.21,4.46,18.37,157.39,14.09,0,89.61
0.21,57.37,4.55,18.55,156.52,14.48,0,89.98
0.21,57.38,4.56,18.36,154.55,14.02,0,88.89
0.21,57.42,4.44,18.37,155.05,14,0,88.59
0.21,58.06,4.43,18.49,156.28,14.34,0,89.23
0.21,58.43,4.46,18.46,156.29,14.37,0,90.25
0.21,58.51,4.48,18.38,155.81,14.02,0,90.6
0.21,57.71,4.59,18.44,150.97,14.51,0,88.33
0.21,56.59,4.61,17.76,145.27,14.16,0,87.74
0.23,57.09,4.71,17.76,146.05,14.27,0,88.11
0.23,57.04,4.77,17.96,148.86,14.46,0,87.76
0.21,56.74,4.78,18.11,147.99,14.34,0,88.18
0.24,57.17,4.65,18.72,149.83,14.47,0,89.83
0.23,57.43,4.77,18.94,151.05,14.4,0,89.38
0.23,58.05,4.72,19.03,152.84,13.53,0,90.24
0.22,57.35,4.71,19.33,153.43,12.87,0,90.85
0.23,58.48,4.75,19.32,155.21,13.74,0,92.02
0.25,58.69,4.75,19.14,155.6,13.12,0,90.71
0.37,59.27,4.71,19.11,156.26,13.14,0,89.88
0.37,59.19,4.63,19.51,157.72,12.81,0,91.3
0.3,59.78,4.54,19.24,156.77,12.55,0,91.47
0.37,59.84,4.47,19.36,150.49,12.1,0,90.7
0.38,59.9,4.4,19.44,151.68,12.74,0,91.29
0.35,59.72,4.32,19.29,148.74,12.92,0,91.6
0.32,59.8,4.28,19.38,150.73,13.07,0,91.57
0.33,59.84,4.36,19.42,151.42,13.3,0,91.59
0.35,59.85,4.47,19.44,151.1,13.1,0,91.33
0.35,59.99,4.52,19.54,152.39,12.52,0,90.94
0.32,60.35,4.54,19.7,153.75,12.93,0,91.73
0.32,60.68,4.53,19.64,153.39,12.25,0,91.51
0.39,60.75,4.52,19.57,152.24,11.98,0,91.49
0.39,60.58,4.49,19.57,154.63,12.46,0,91.22
0.52,60.31,4.49,19.59,158,13.15,0,90.39
0.43,60.15,4.63,19.54,146.75,13.01,0,91.13
0.46,60.07,4.57,19.63,149.45,12.9,0,91.84
0.51,61.4,4.52,19.34,150.28,13.08,0,91.31
0.51,61.36,4.47,19.43,149.24,12.62,0,90.51
0.48,61.9,4.48,19.37,148.97,12.71,0,90.43
0.43,61.78,4.49,19.28,147.5,12.82,0,90.49
0.37,62.12,4.47,19.26,149.29,12.93,0,90.39
0.31,62.53,4.48,19.05,152.8,13.03,0,91.08
0.28,60.14,4.44,19.27,153.74,13.05,0,92.36
0.27,60.82,4.47,20.04,150.47,12.98,0,93.49
0.3,62.17,4.5,19.65,149.59,12.96,0,93.85
0.35,62.52,4.44,19.71,150.08,13.12,0,94.55
0.32,62.61,4.5,19.6,151.58,13.1,0,94.77
0.36,63.03,4.52,19.6,153.05,12.86,0,95.78
0.28,64.26,4.47,19.62,154.09,13.2,0,96.38
0.3,64.75,4.49,19.45,149.98,13.27,0,96.35
0.32,64.63,4.46,19.38,148.92,13.2,0,96.31
0.32,64.3,4.46,19.25,148.33,13.25,0,95.92
0.29,64.35,4.38,19.03,149.77,13.27,0,96.12
0.29,63.9,4.45,19.08,149.86,13.13,0,95.97
0.32,64.46,4.4,19.12,149.27,12.99,0,98.84
0.31,65.19,4.38,19.46,149.08,12.99,0,101.1
0.31,65.48,4.39,19.4,149.78,13.05,0,99.99
0.36,65.43,4.44,19.33,152,13.01,0,101.62
0.36,66,4.44,19.32,154.58,13.07,0,102.63
0.31,65.94,4.43,19.46,155.68,13,0,102.76
0.54,65.75,4.39,19.55,155.45,12.99,0,102.64
0.5,65.56,4.37,19.51,155.49,12.63,0,102.72
0.6,64.75,4.37,19.39,155.88,13.17,0,102.57
0.6,65.19,4.35,19.42,156.18,13.06,0,102.92
0.65,65.37,4.33,19.47,158.49,13.04,0,103
0.62,65.7,4.32,19.51,161.31,13.23,0,103.63
0.62,65.44,4.29,19.54,160.67,13.39,0,104.34
0.61,65.58,4.27,19.58,160.07,13.31,0,104.5
0.62,65.67,4.42,19.67,160.17,13.01,0,104.5
0.62,66.44,4.48,19.68,153.54,13.04,0,106.51
0.61,66.59,4.62,19.73,158.85,13.16,0,107.7
0.71,66.87,4.67,19.84,157.74,13.16,0,108.75
0.97,66.72,4.66,19.68,158.8,13.16,0,109.47
0.91,67.78,4.58,20.02,159.62,13.25,0,110.2
0.63,67.71,4.65,18.79,158.4,13.26,0,109.78
0.73,67.08,4.58,18.43,158.75,13.22,0,110.21
0.83,66.74,4.5,18.34,157.79,13.23,0,109.88
0.71,67.09,4.46,18.18,157.17,13.2,0,110.53
0.77,67.01,4.43,18.24,156.42,13.37,0,109.72
0.86,66.97,4.51,18.37,155.79,13.29,0,110.28
0.9,67.09,4.49,18.57,157.56,13.25,0,110.57
0.86,67.5,4.45,18.49,158.36,13.72,0,111.03
0.81,67.91,4.57,17.99,159.1,13.88,0,110.74
0.81,68.1,4.58,17.92,162.07,14.06,0,112.41
0.82,67.59,4.61,18.02,162.02,14.41,0,112.69
0.82,68.2,4.63,18.18,161.68,14.84,0,112.82
0.91,68.13,4.64,17.73,162.54,15.49,0,114.01
0.88,68.14,4.67,17.54,164.56,15.04,0,113.48
0.8,68.04,4.64,17.15,164.18,15.27,0,112.99
0.96,67.95,4.65,17.32,162.71,15.57,0,112.94
1.06,69.29,4.61,17.35,164.07,15.46,0,111.79
0.98,68.67,4.58,17.31,163.73,15.82,0,112.38
1,68.55,4.57,17.46,162.45,15.42,0,112.78
1.11,69.8,4.64,17.6,163.69,15.32,0,113.41
1.68,69.75,4.74,17.93,162.44,15.17,0,113.51
1.49,69.61,4.65,17.96,162.08,15.57,0,112.91
1.45,69.47,4.74,17.84,161.66,15.7,0,112.91
1.58,69.43,4.79,17.75,161.48,15.61,0,113.46
1.61,69.85,4.82,17.59,161.36,15.55,0,113.17
1.55,69.5,4.83,17.6,171.71,15.73,0,112.58
1.56,70.3,4.84,17.58,170.37,15.79,0,113.6
1.4,70.19,4.76,17.86,171.28,16.24,0,113.06
1.31,70.81,4.65,17.98,170.35,16.07,0,113.43
1.41,70.68,4.61,17.87,169.92,15.99,0,113.77
1.41,70.69,4.59,17.97,168.97,16.05,0,113.06
1.38,70.59,4.58,18.1,168.74,16.02,0,113.61
1.4,70.11,4.59,18.22,170.08,16,0,114.78
1.5,69.1,4.6,18.3,172.17,16.05,0,115.21
1.66,68.09,4.55,18.29,171.91,15.97,0,113.91
1.66,68.52,4.51,18.33,172.94,16.02,0,109.96
1.59,68.29,4.55,18.3,172.09,16.05,0,109.62
1.57,69.97,4.55,18.68,173.03,17.1,0,112.37
1.58,69.48,4.58,18.55,172.56,16.5,0,113.09
1.38,69.71,4.68,18.6,170.42,16.18,0,111.16
1.64,68.76,4.71,18.81,171.06,16.31,0,110.19
1.66,68.5,4.71,18.75,172.54,15.81,0,110.82
1.49,68.94,4.72,18.68,172.09,16.12,0,110.57
1.4,69.15,4.77,18.7,174.6,16.14,0,110.42
1.48,68.71,4.81,18.71,173.75,15.91,0,110.58
1.49,68.81,4.81,18.65,177.23,15.79,0,111.19
1.43,69.42,5.03,19.08,178.51,15.76,0,112.23
1.35,69.86,4.97,18.32,179.51,15.13,0,112.62
1.4,69.75,5.06,18.21,177.77,15.08,0,111.89
1.49,69.77,5.01,18.43,177.56,16.1,0,110.83
1.45,70.13,5.1,18.38,178.3,16,0,111.2
1.4,70.94,5.25,18.35,178.52,15.31,0,111.69
1.31,70.82,5.23,18.44,180.23,15.43,0,112.36
1.23,72.28,5,18.37,182.18,15.5,0,113.5
1.15,71.97,4.98,18.11,180.7,15.41,0,113.75
1.15,70.72,5.1,17.96,180.82,15.44,0,113.58
1.16,70.93,5.4,18.09,182.89,15.6,0,114.74
1.14,71.78,5.27,18.37,184.06,16.83,0,116.21
1.22,71.19,5.17,18.49,180.87,16.77,0,116.45
1.04,71.35,5.23,18.73,178.81,16.56,0,117.41
0.93,72.15,5.28,18.8,180.02,16.18,0,119.45
0.97,73.42,5.27,18.85,180.9,16.29,0,119.81
0.95,73,5.21,18.79,180.39,16.26,0,119.95
0.91,72.25,5.22,18.73,180.51,16.33,0,119.95
0.95,72.57,5.25,18.79,182.75,16.72,0,119.8
0.85,72.33,5.28,18.94,184.59,16.6,0,120.9
0.9,73.27,5.29,19.13,184.54,16.56,0,121.77
0.95,73.28,5.28,19.11,184.45,16.33,0,121.95
0.93,74.07,5.25,18.96,185.76,16.73,0,121.99
0.9,73.33,5.35,19,184.49,16.81,0,122.29
0.93,72.33,5.32,19.29,183.44,16.65,0,121.08
0.9,72.46,5.36,19.36,181.01,16.56,0,120.11
0.95,71.73,5.52,19.13,179.13,15.34,0,119.17
0.92,71.11,5.51,19.16,179.55,15.71,0,118.68
0.96,71.53,5.59,19.2,179.92,15.25,0,119.69
0.9,71.44,5.68,19.19,180.3,15.28,0,120.5
0.92,72.23,5.61,18.64,180.82,15.54,0,121.83
0.88,73.09,5.67,18.88,183.33,15.53,0,122.86
0.69,73.07,5.63,18.73,184.59,15.24,0,122.12
0.7,72.94,5.57,18.62,184.56,16.28,0,120.19
0.68,72.04,5.54,18.63,184.11,15.98,0,119.7
0.75,71.99,5.57,18.81,184.57,16.27,0,119.52
0.81,71.93,5.64,18.87,182.47,15.52,0,119.49
0.75,71.3,5.74,18.59,182.33,15.52,0,118.2
0.74,70.27,5.82,18.79,183.92,15.66,0,118.92
0.74,68.75,5.88,18.42,193.96,15.5,0,117.12
0.77,68.75,5.87,18.39,193.73,15.31,0,117.46
0.77,68.77,5.77,18.28,191.79,15.16,0,116.86
0.74,67.99,5.57,18.24,192.56,15.05,0,117.53
0.73,69.02,5.37,18.11,193.89,14.91,0,118.58
0.71,68.09,5.49,17.84,193.76,14.8,0,118.36
0.75,68.55,5.42,18.02,193.53,14.96,0,117.9
0.7,68.41,5.43,17.92,193.84,14.9,0,118.19
0.68,68.04,5.38,17.98,193.95,15.15,0,117.21
0.67,69.27,5.55,18.2,197.1,15.11,0,118.26
0.69,69.47,5.55,18.03,196.31,14.97,0,117.52
0.69,69.31,5.41,18.18,198.31,15.12,0,119.14
0.88,69.67,5.38,18.18,196.59,15.03,0,119
0.88,68.79,5.44,18.05,197.17,15.12,0,119.61
0.92,69.43,5.41,18.24,198.28,15.44,0,121.46
1.18,71.2,5.41,18.27,198.16,15.31,0,119.94
1.2,72.03,5.37,18.41,198.46,15.05,0,119.59
1.28,71.07,5.42,18.3,196.02,14.58,0,119.09
1.38,69.38,5.44,18.33,193.65,14.79,0,117.84
1.42,69.9,5.4,18.3,193.44,15.52,0,105.2
1.38,69.89,5.53,18.42,194.38,15.57,0,105.2
1.4,65.14,5.66,17.55,194.56,15.65,0,105.2
1.4,61.9,5.4,17.36,193.56,15.35,0,105.2
1.34,63.47,5.13,17.41,194.83,15.33,0,115.79
1.31,63.74,5,17.22,193.55,15.01,0,114.48
1.16,65.73,5.05,17.17,193.04,14.75,0,114.52
1.18,66.41,5.08,17.91,193.81,15.1,0,114.81
1.13,66.38,4.93,18.17,194.95,15.22,0,115.84
1.18,65.54,4.87,18.57,194.64,15.1,0,114.68
1.13,65.35,4.71,17.98,195.46,15.05,0,115.44
1.12,64.4,4.75,18.25,194.67,15.87,0,114.12
1.13,63.78,4.68,18.24,195.65,16.98,0,114.86
1.13,63.64,4.74,18.43,197.03,15.95,0,114.7
1.13,64.46,4.78,18.56,198.63,15.65,0,116.84
1.14,64.69,5.03,18.56,198.56,16.49,0,117.79
1.14,63.46,5.2,18.43,197.05,16.36,0,115.88
1.16,62.41,5.21,18.25,197.91,16.71,0,115.29
1.11,62.74,5.13,18.47,198.04,16.83,0,116.24
1.12,62.69,5.01,18.35,196.75,16.89,0,116.2
1.18,62.09,5.05,18.25,196.74,16.94,0,115.44
1.15,63.57,5.05,18.27,196.88,17.03,0,114.49
1.21,63.51,5.1,18.34,198.32,17.01,0,114.87
1.13,62.9,5.08,18.34,197.7,16.92,0,115.49
1.11,62.42,5.07,18.37,198.39,16.97,0,116.58
1.13,62.44,4.89,18.41,199.46,17.21,0,116.39
1.15,63.45,4.91,18.65,200.1,17.18,0,116.9
1.2,63.25,4.87,18.81,200,16.92,0,117.81
1.18,63.16,4.76,18.87,200.05,16.54,0,117.73
1.25,62.74,4.69,18.65,200.98,16.31,0,117.64
1.16,63.2,4.74,18.25,202.47,16.37,0,118.6
1.13,64.39,4.77,18.51,202.2,16.38,0,118.9
1.1,64.56,4.7,18.63,202.43,16.72,0,117.12
1.14,64.33,4.69,18.79,203.66,17.05,0,117.91
1.11,63.03,4.66,18.77,204.58,16.9,0,117.04
1.11,63.22,4.65,18.81,204.47,16.83,0,116.73
1.11,61.63,4.92,18.93,204.37,17,0,116.87
1.11,62.25,4.83,18.7,203.43,16.73,0,115.76
1.11,61.78,4.76,19.01,203.94,17.34,0,116.11
1.16,61.05,4.77,18.57,202.26,17.6,0,115.39
1.15,60.49,4.89,18.41,201.75,17.4,0,113.46
1.31,59.92,4.89,18.22,201.02,17.17,0,112.91
1.34,60.56,4.81,18.24,201.68,17.24,0,112.42
1.6,60.22,4.76,18.34,200.54,17.16,0,113.25
1.73,61.08,4.66,18.66,200.41,17.14,0,112.24
1.64,61.75,4.66,18.88,199.83,17.05,0,111.62
1.41,61.08,4.66,18.95,199.28,16.93,0,111.79
1.43,61.37,4.67,18.57,199.44,17,0,111.01
1.31,61.95,4.6,18.71,199.44,17.16,0,110.89
1.32,61.79,4.66,18.72,199.11,17.22,0,110.2
1.42,62.21,4.72,18.68,201.08,17.38,0,111.46
1.46,61.8,4.68,18.68,209.26,17.04,0,111.64
1.38,62.79,4.72,18.54,210.08,17.28,0,111.33
1.41,63.28,4.81,18.58,208.16,17.42,0,113.36
1.33,64.16,4.7,18.79,207.96,17.88,0,115.12
1.34,64.53,4.68,18.83,207.74,18.01,0,114.19
1.27,64.12,4.66,18.9,207.49,18.66,0,114.52
1.25,63.81,4.56,18.93,208.54,18.59,0,114.02
1.27,63.68,4.58,18.78,210.45,18.6,0,113.51
1.22,63.88,4.58,18.74,213.6,18.77,0,112.64
1.22,63.97,4.55,18.78,211.8,18.64,0,112.51
1.21,63.39,4.48,18.8,211.98,18.48,0,108.15
1.11,63.7,4.43,18.78,211.23,18.13,0,109.51
1.14,63.93,4.46,18.66,211.71,17.97,0,109.39
1.15,63.37,4.4,18.59,212.67,18.13,0,108.56
1.15,63.62,4.44,18.74,212.48,17.78,0,107.01
1.15,65.22,4.58,18.82,211.75,17.85,0,106.93
1.11,65.96,4.75,18.92,211.87,17.93,0,105.96
1.04,64.58,4.8,18.71,213,17.53,0,104.71
1,63.97,4.97,18.85,219.05,17.52,0,104.64
0.98,64.23,5.09,18.91,215.99,17.39,0,103.75
0.95,65.24,5.11,18.77,214.33,17.26,0,102.81
0.99,65.58,5.22,18.77,215.93,17.11,0,102.69
1.16,65.12,5.25,18.59,215.75,16.93,0,102.16
1.14,64.75,5.4,19.01,215.37,16.42,0,103
1.18,65.1,5.4,18.95,217.67,16.01,0,103.07
1.18,65.02,5.48,19.31,218.08,15.56,0,102.46
1.03,64.48,5.4,19.76,218.64,15.62,0,103.02
1,64.85,5.6,19.66,220.7,15.88,0,103.49
1,64.36,5.39,19.68,218.11,16.23,0,102.71
0.97,64.24,5.46,19.71,217.19,16.15,0,102.05
0.89,65.08,5.75,19.98,217.36,16.88,0,102.67
0.88,65.46,5.53,19.94,216.38,16.73,0,102.64
0.91,65.7,5.7,19.9,217.53,17.03,0,102.55
0.98,66.84,5.59,20.21,219.81,17.35,0,103.36
0.97,66.05,5.54,20.18,220.43,17.49,0,103.53
0.97,66.26,5.54,20.22,221.66,17.44,0,103.45
0.93,65.73,5.64,20.34,221.8,17.32,0,103.15
0.89,65.25,5.63,20.36,220.13,17.26,0,102.72
0.88,65.24,5.67,20.34,220.01,17.32,0,102.89
0.86,63.07,5.65,20.3,214.4,17.48,0,102.67
0.86,61.59,5.43,20.4,217.45,17.45,0,102.8
0.74,62.8,5.46,20.56,218.51,17.32,0,103.67
0.81,62.99,5.62,20.83,216.33,17.26,0,104.57
0.81,63.7,5.69,20.77,216.78,17.23,0,105.44
0.71,66.03,5.69,20.88,216.91,17.54,0,107.61
0.75,65.11,5.67,20.82,216.87,17.52,0,106.69
0.9,64.87,5.7,20.78,217.93,17.44,0,106.57
0.89,65.7,5.67,20.74,219.35,17.48,0,106.03
0.77,66.24,5.57,20.66,220.01,17.65,0,107.3
0.85,66.04,5.56,20.71,218.58,17.98,0,108.31
1,64.68,5.56,20.57,222.74,17.76,0,107.67
1.01,65.23,5.58,20.26,224.41,18.05,0,109.62
1.04,65.15,5.71,20.45,222.49,18.08,0,107.97
0.99,65.61,5.74,20.15,223.17,17.79,0,108.1
1.08,64.62,5.61,20.35,223.48,17.98,0,104.36
1.03,65.84,5.74,20.24,224.58,17.8,0,104.78
0.95,65.28,5.71,20.25,223.73,18.06,0,104.65
0.92,65.2,5.7,20.41,224.37,18.12,0,104.08
0.93,65.73,5.74,20.46,225.52,18.4,0,104.09
0.96,65.74,5.77,20.34,225.9,19.43,0,104.69
1,65.08,5.8,20.32,227.92,20.59,0,104.8
1.14,65.78,5.95,20.3,228.59,21.11,0,105.65
1.17,65.52,5.92,20.38,227.47,21.03,0,105.23
1.15,64.89,5.79,20.36,226.74,20.8,0,104.43
1.13,64.83,5.77,20.03,227.56,20.66,0,104.24
0.96,64.54,5.94,19.68,225.76,20.45,0,103.48
0.9,65.28,6.01,19.85,219.57,21.19,0,104.32
0.91,64.69,6,19.85,216.78,21.83,0,104.14
0.86,65.14,5.79,19.62,222.01,21.14,0,104.89
0.88,65.2,5.81,19.37,219.28,21.37,0,105.64
0.9,66.33,5.86,19.56,219.02,21.64,0,104.85
0.89,65.25,5.89,19.54,217.45,22.38,0,104.49
0.89,65.82,5.82,19.37,216.71,22.03,0,104.3
0.9,66.11,5.96,19.35,217.78,21.35,0,104.86
0.88,65.7,5.86,19.54,219.11,21.26,0,105.8
0.88,65.02,5.93,19.46,217.31,20.82,0,105.09
0.83,66.46,5.93,19.71,218.32,21.11,0,108.93
0.89,66.16,6.04,19.67,219.31,21.36,0,108.83
0.96,66.99,6.04,19.71,220.75,21.92,0,109.61
1.06,65.36,6,19.72,222.06,21.74,0,110.62
1.13,63.97,6,19.42,221.26,21.56,0,107.49
1.06,64.86,5.98,19.25,223.57,21.41,0,110.14
1.08,64.03,5.84,19.18,220.74,21.96,0,108.56
1.08,63.46,5.68,19.23,220,21.95,0,107.93
1.08,63.3,5.75,19.32,219.49,21.97,0,107.23
1.11,63.36,5.81,19.15,220.68,22.08,0,105.18
1.04,62.52,5.79,19,215.79,21.96,0,103.35
0.97,60.85,5.79,18.4,211.37,21.36,0,98.62
0.81,59.36,5.86,18.58,216.3,21.12,0,100.33
0.92,61.01,5.91,18.58,214.1,21.15,0,98.86
0.95,59.07,5.9,18.06,208.74,20.47,0,100.36
0.89,57.95,5.72,18.05,210.26,20.79,0,99.86
0.89,58.64,5.65,18.55,213.08,20.84,0,102.35
0.88,57.55,5.68,18.41,213.47,21.51,0,103.04
0.88,58.31,5.67,18.4,214.02,21.11,0,102.56
0.93,58.1,5.69,18.4,216.81,21.22,0,103.68
0.88,58.44,5.76,18.39,219.49,21.41,0,104.3
0.88,58.31,5.8,18.32,219.6,21.29,0,103.29
0.85,59.01,5.75,18.24,217.3,21.06,0,102.82
0.86,58.45,5.69,18.24,213.87,20.76,0,103.77
0.97,57.18,5.66,18.28,213.15,20.35,0,102.98
0.9,58.55,5.75,18.51,217.46,21.5,0,106.15
0.88,58.64,5.61,18.66,218.02,21.85,0,106.67
0.88,57.76,5.63,18.44,218.1,21.41,0,104.08
0.83,56.41,5.66,18.17,215.53,20.99,0,103.54
0.78,56.11,5.67,18,215.84,20.4,0,104.59
0.73,55.43,5.67,18,219.83,20.59,0,106.75
0.73,55.43,5.62,18.26,219.5,20.68,0,107.69
0.77,55.09,5.66,18.89,222.52,20.97,0,107.94
0.8,55.17,5.49,18.81,223.86,21.17,0,106.9
0.76,55.97,5.64,19.05,227.7,21.35,0,108.99
0.82,56.13,5.54,19.21,230.31,21.67,0,108.29
0.78,55.88,5.47,18.98,230.15,21.51,0,107.23
0.76,54.72,5.25,18.85,227.92,21.48,0,107.21
0.69,55.61,5.14,18.92,227.41,21.48,0,105.61
0.71,55.43,5.29,18.63,226.85,21.54,0,104.97
0.69,54.95,5.34,18.58,228.49,20.34,0,103.23
0.74,52.93,5.32,18.17,226.36,20.73,0,101.74
0.76,52.38,5.28,18.26,227.57,21.07,0,100.28
0.77,50.89,5.32,18.2,226.11,20.54,0,97.7
0.75,51.03,5.17,18.32,224.23,20.31,0,97.63
0.73,51.51,5.04,18.06,220.91,20.13,0,95.63
0.71,51.23,4.99,18.16,220.36,19.83,0,96.34
0.74,51.8,5,18.3,218.49,19.62,0,96.7
0.73,53.54,5.03,18.52,220.37,19.51,0,99.75
0.71,54.26,5.11,18.49,229.08,19.44,0,99.41
0.7,54.32,5.17,18.3,231.47,19.23,0,97.7
0.68,54.27,5.21,18.2,228.29,19.24,0,97.57
0.69,54.51,5.21,18.36,225.09,19.69,0,99.85
0.71,55.3,5.11,18.64,226.47,19.98,0,100.94
0.7,56.28,5.19,18.58,229.93,20.07,0,101.72
0.73,56.62,5.22,18.51,227.19,20.09,0,100.97
0.67,56.58,5.25,18.42,226.21,20.47,0,100.73
0.7,55.95,5.48,18.43,226.07,21.34,0,101.07
0.7,55.43,5.48,18.53,225.46,21.07,0,100.72
0.74,54.82,5.41,18.39,224.25,20.95,0,100.22
0.67,54.1,5.4,18.53,223.85,21.46,0,101.85
0.69,53.1,5.29,18.76,226.99,21.79,0,102.93
0.76,52.09,5.31,18.8,231.4,21.68,0,103.22
0.71,50.69,5.46,18.2,232.14,21.24,0,101.39
0.76,47.94,5.45,18.01,229.62,21.08,0,85.63
0.71,48.58,5.38,17.63,227.58,20.68,0,84.26
0.74,49.26,5.26,17.32,228.24,20.84,0,83.66
0.74,49.17,5.15,17.67,226.18,20.79,0,82.48
0.76,50.57,5.01,17.85,226.84,20.73,0,81.83
0.76,51.85,4.83,17.81,228.73,21.12,0,81.49
0.81,52.94,4.81,17.77,234.19,21.01,0,82.56
0.78,52.53,4.92,17.69,233.11,21.15,0,82
0.76,51.22,4.97,17.78,229.63,21.53,0,81.2
0.73,51.48,4.97,17.73,226.77,21.72,0,80.09
0.67,51.2,4.9,17.78,224.07,21.95,0,80.44
0.67,51.06,4.77,17.95,221.29,21.87,0,81.88
0.73,50.24,4.97,17.92,223.76,22.02,0,81.49
0.67,50.03,4.81,17.87,221.38,21.6,0,80.81
0.81,51.32,4.95,17.42,221.94,21.45,0,81.99
0.75,51.41,5.01,17.39,220.37,22.78,0,83
0.8,50.7,4.98,17.51,220.22,23.04,0,81.21
0.83,50.06,4.93,17.41,221.8,22.94,0,80.86
0.83,50.26,4.84,17.51,221.75,23.3,0,79.91
0.81,50.42,4.9,17.41,221.47,23.73,0,80.88
0.81,50.11,4.84,17.07,222.05,24.34,0,81.03
0.78,49.91,4.77,17.27,220.15,23.75,0,80.76
0.74,49.44,4.73,17.32,219.32,23.91,0,80.17
0.74,49.41,4.74,17.15,216.18,24.68,0,79.88
0.81,49.44,4.83,17.36,216.57,24.92,0,81.69
0.76,49.9,4.88,17.47,216.9,25.96,0,81.6
0.74,50.81,4.89,17.45,216.75,26.11,0,80.34
0.74,50.48,4.93,17.42,216.83,25.72,0,79.23
0.8,49.77,4.9,17.41,219.75,25.87,0,79.25
0.8,49.98,4.85,17.46,224.94,26.89,0,80.32
0.74,50.75,4.86,17.59,223.01,27.08,0,79.52
0.76,50.25,4.85,17.57,222.76,27.2,0,78.15
0.74,50.05,4.86,17.79,225.78,28.15,0,78.4
0.71,49.12,4.9,17.71,225.19,27.99,0,77.51
0.71,48.62,4.84,17.63,224.33,28.62,0,76.85
0.71,47.87,4.98,17.72,223.51,28.8,0,77.37
0.7,48.02,4.98,17.91,227.3,28.81,0,79.41
0.7,49.2,4.96,17.93,226.13,28.98,0,80.47
0.69,48.34,4.96,18.07,229.72,30.11,0,80.32
0.69,48.78,4.96,18.06,229.23,30.09,0,80.09
0.7,49.05,4.97,18.13,232.18,31.2,0,80.83
0.71,48.52,4.97,18.03,232.92,32.08,0,81.88
0.6,47.74,4.97,17.46,232.22,31.15,0,80.02
0.61,48.47,4.94,17.5,231.85,30.79,0,80.85
0.58,49.64,4.9,17.43,231.65,31.66,0,81.75
0.52,50.37,4.8,17.33,231.33,31.9,0,79.47
0.51,51.34,4.72,17.28,231.39,31.64,0,80.19
0.48,49.94,5.08,17.24,228.12,31.16,0,79.98
0.44,49.33,5,17.22,229.65,31.04,0,79.77
0.47,49.68,4.88,17.04,229.42,31.66,0,79.91
0.51,50.92,4.75,17.19,232.32,31.96,0,81.66
0.42,50.3,4.77,17.31,219.02,31.87,0,80.74
0.55,50.17,4.9,17.19,215.8,32.36,0,80.22
0.44,51.36,4.84,17.28,214.97,32.43,0,81.14
0.51,51.64,4.91,17.34,215.51,32.46,0,81.75
0.57,51.22,4.89,17.39,215.71,32.77,0,82.02
0.69,51.25,4.86,17.46,214.96,33.21,0,82.24
0.62,51.99,4.97,17.39,218.31,32.91,0,82.19
0.71,51.63,5.02,17.47,217.98,32.97,0,82.66
0.65,50.96,4.96,17.29,217.35,33.2,0,82.89
0.62,51.57,4.93,17.28,217.53,32.84,0,83.2
0.6,51.55,4.98,17.27,215.61,32.63,0,82.69
0.55,50.86,4.86,17.02,213.39,31.8,0,81.9
0.58,50.17,4.89,16.52,213.87,31.62,0,82.32
0.51,50.41,4.96,16.4,214.35,32.62,0,82.14
0.52,50.69,4.92,16.71,215.8,32.76,0,80.9
0.46,51.99,5.04,16.84,215.94,33.39,0,84.31
0.43,51.5,5.07,16.71,214.98,33.19,0,83.23
0.39,51.88,5.06,16.79,214.58,33.19,0,83.57
0.42,52.15,5.01,16.55,215.15,33.32,0,83.83
0.44,54.86,5.01,16.55,214.63,32.99,0,84.45
0.42,54.04,5.15,16.44,213.95,32.87,0,85.46
0.39,54.51,5.27,16.47,209.65,32.98,0,86.61
0.44,55.18,5.32,16.73,210.2,33.44,0,86.28
0.44,54.92,5.32,16.58,208.62,33.94,0,85.54
0.43,54.5,5.29,16.78,207.95,34.2,0,86.01
0.43,55.01,5.31,16.8,214.01,34.05,0,86.84
0.43,54.8,5.28,16.75,212.5,34.08,0,86.13
0.39,54.78,5.4,15.64,217.11,34.1,0,85.53
0.36,55.3,5.46,15.13,214.4,28.84,0,83.75
0.36,55.09,5.4,15.42,214.78,33.07,0,84.41
0.35,54.57,5.42,15.07,213.31,33.39,0,82.54
0.38,54.49,5.32,15.03,213.78,33.94,0,81.85
0.45,54.8,5.22,15.05,221.8,33.16,0,82.31
0.38,53.69,5.1,15.03,208.27,31.84,0,83.39
0.38,54.6,5.08,15.24,202.45,31.79,0,84.68
0.39,55.21,5.13,15.15,203.94,32.01,0,85.04
0.37,55.45,5.2,14.98,202.9,32.04,0,84.56
0.35,54.15,5.28,14.97,200.49,31.96,0,83.51
0.38,53.68,5.34,14.69,203.35,32.57,0,82.43
0.35,53.15,5.32,14.57,204.9,33.03,0,82.32
0.36,51.34,5.24,14.34,207.62,33.65,0,79.68
0.35,50.96,5.19,14.23,210.27,33.35,0,80.24
0.32,51.12,5.25,14.15,207.18,33.56,0,79.5
0.27,50.39,5.21,14.1,209.26,33.3,0,79.05
0.32,49.63,5.18,14.22,208.76,33.79,0,78.57
0.31,48.88,5.18,14.1,208.01,33.66,0,77.87
0.31,48.98,5.1,14.2,209.64,33.53,0,77.32
0.32,49.15,5.15,14.35,211.08,33.71,0,77.63
0.28,48.75,5.02,14.29,209.75,34.6,0,78.77
0.28,48.36,5.05,14.38,208.59,37.24,0,78.6
0.3,48.4,5.15,14.23,211.72,39.82,0,78.6
0.22,47.99,5.21,14.21,212.06,42.19,0,78.38
0.21,46.69,5.25,14.2,215.26,43.46,0,77.45
0.21,49.43,5.25,14.52,216.01,40.74,0,80.05
0.21,48.48,5.26,14.45,214.84,38.84,0,79.78
0.2,48.07,5.37,14.37,212.04,39.66,0,79.32
0.18,48.18,5.18,13.91,212.35,40.02,0,80.31
0.2,47.29,5.13,13.55,213.53,41.19,0,80.33
0.2,46.76,5.28,13.38,215.18,42.41,0,80.92
0.17,46.25,5.34,13.67,218.56,42.39,0,82.57
0.17,47.49,5.3,13.6,216.96,42.22,0,83.73
0.17,46.55,5.17,13.45,216.32,41.42,0,81.6
0.17,46.5,5.23,13.54,214.52,40.97,0,79.91
0.17,46.65,5.17,13.37,213.77,40.18,0,80.5
0.17,47.47,5.29,13.09,214.99,41.34,0,81.52
0.16,47.08,5.26,13.12,215.8,41.43,0,81.54
0.15,46.01,5.2,12.95,213.32,40.59,0,81.81
0.18,46.72,5.25,12.88,212.66,40.36,0,83.51
0.18,46.89,5.18,12.76,210.93,40.08,0,82.88
0.16,45.31,5.12,12.5,222.09,39.15,0,83.81
0.16,44.98,5.1,12.58,223.16,39.17,0,84.09
0.16,44.95,5.31,12.61,228.64,43.86,0,84.93
0.15,44.89,5.24,12.62,226.28,43.61,0,84.64
0.16,45.31,5.32,12.42,221.7,42.66,0,84.65
0.21,44.72,5.3,12.38,217.78,40.58,0,82.37
0.2,42.98,5.27,12.15,225.55,40.55,0,82.26
0.18,43.75,5.2,12.35,223.72,41.12,0,83.46
0.18,41.72,5.38,12.35,226.98,42.02,0,83.47
0.2,43.13,5.53,12.5,227.16,41.78,0,84.61
0.2,43.02,5.6,12.58,225.23,40.96,0,87.62
0.21,43.34,5.55,12.61,222.89,41.18,0,88.81
0.2,44.15,5.68,12.53,219.15,42.86,0,87.51
0.23,45.97,5.53,12.66,214.87,41.1,0,88.52
0.23,46.31,5.35,12.61,212.15,39.98,0,89.19
0.23,47.37,5.26,12.81,213.14,41.62,0,90.6
0.24,47.48,5.25,12.61,209.99,39.52,0,88.9
0.21,46.62,5.2,12.92,202.75,39.47,0,90.48
0.24,45.29,5.14,12.54,198.42,40.92,0,90.49
0.16,44.57,5.13,12.87,199.23,41.05,0,88.02
0.18,44.87,5.11,12.67,200.87,41.59,0,88.34
0.29,43.9,5.47,12.54,201.24,41.1,0,88.72
0.29,44.74,5.67,12.59,200.26,41.87,0,89.54
0.3,43.91,5.68,12.82,204.01,41.86,0,88.73
0.38,44.99,5.56,13.02,206.72,37.3,0,89.02
0.25,44.28,5.67,13.41,204.72,38.1,0,89.48
0.24,43.54,5.47,13.65,203.09,37.18,0,89.17
0.24,38.91,5.37,13.37,201.95,35.57,0,87.91
0.24,37.24,5.47,13.55,199.69,34.2,0,86.42
0.24,37.01,5.47,13.48,197.31,33.06,0,85.49
0.21,36.45,5.47,13.58,197.44,34.64,0,85.81
0.2,35.54,5.54,13.56,196.64,34.22,0,86.32
0.2,35.75,5.53,13.2,193.49,32.96,0,87.62
0.17,35.81,5.55,13.14,190.68,32.13,0,86.54
0.21,35.76,5.62,12.93,194.15,31.66,0,83.94
0.21,35.07,5.69,12.86,193.82,31.67,0,83.58
0.21,35.88,5.7,12.9,192.42,31.47,0,84.07
0.21,35.69,5.64,12.84,194.2,30.62,0,83.83
0.21,35.78,5.68,12.31,195.85,30.07,0,85.03
0.15,35.94,5.85,11.92,201.45,29.49,0,86.39
0.15,36.53,5.93,12.22,196.21,29.42,0,86.99
0.14,36.12,5.82,11.99,195.72,29.77,0,86.53
0.12,36.55,5.75,11.72,198.2,30.48,0,87.07
0.12,36.08,5.68,11.5,191.2,29.65,0,85.44
0.12,35.82,5.73,11.32,189.52,29.29,0,85.04
0.03,35.21,5.78,11.18,190.74,29.17,0,85.25
0.08,34.98,5.94,11.03,188.62,28.7,0,84.56
0.08,35.74,5.88,10.82,187.33,28.84,0,84.2
0.05,35.78,5.75,10.5,188.74,28.92,0,84.33
0.05,35.98,5.75,10.41,186.79,29.81,0,83.81
0.05,35.48,5.85,10.39,182.63,29.8,0,84.32
0.02,34.94,5.88,9.88,181.23,28.65,0,82.52
0.03,34.51,5.76,9.48,176.05,27.64,0,81.38
0.03,33.8,5.72,9.21,172.56,27.33,0,75.14
0.03,33.5,5.92,9.01,172.03,27.29,0,72.02
0.02,33.53,5.86,8.91,166.83,28.01,0,69.06
0.01,33.24,5.87,8.83,162.18,28.18,0,66.25
0,33.09,5.91,8.89,157.15,27.25,0,65.98
-0.01,32.42,5.94,9.12,159.29,27.76,0,66.59
0,31.83,5.97,9.2,163.48,28.47,0,66.85
0.02,32.34,5.97,9,163.5,27.99,0,66.66
0.07,33.73,5.94,9.22,162.84,27.93,0,67.26
0.09,32.84,5.94,9.26,160.81,27.2,0,66.76
0.08,32.49,5.96,9.32,162.8,27.31,0,67.31
0.08,32.55,5.95,9.39,164.01,27.46,0,67.29
0.08,32.63,5.9,9.47,161.73,27.33,0,66.45
0.07,33.93,5.93,9.89,166.56,29.06,0,69.52
0.13,32.5,5.88,10.05,170.17,28.39,0,67.43
0.15,32.9,5.85,10.35,172.44,29.76,0,67.82
0.13,32.77,5.74,10.3,150.93,29.51,0,67.91
0.23,32.9,5.8,10.25,159.82,29.34,0,68.13
0.17,33.45,5.89,10.3,159.07,29.26,0,69.5
0.21,32.84,5.93,10.21,160.86,28.95,0,69.6
0.2,32.89,5.94,10.1,160.47,30.96,0,70.5
0.17,32.46,5.94,9.86,159.82,32.12,0,70.74
0.17,32.99,5.92,10.1,160.33,31.63,0,72.51
0.15,33.37,5.93,10.27,164.09,33.02,0,73.79
0.17,33.69,5.88,10.15,165,33.33,0,73.04
0.16,33.21,5.88,10,164.73,33.01,0,72.82
0.15,32.6,5.81,9.88,165.59,33.08,0,74
0.15,31.84,5.86,9.33,164.75,32.24,0,71.54
0.13,31.42,6,9.47,166.8,32.21,0,72.72
0.12,31.2,6.01,9.56,167.88,32.23,0,74.36
0.12,32.97,5.88,9.86,168.16,32.44,0,74.42
0.12,34.56,5.89,10.11,170.56,33.94,0,74.48
0.12,35.27,5.94,10.48,173.62,35.41,0,76.74
0.09,35.6,5.89,10.37,173.68,36.54,0,75.69
0.09,35.21,5.75,10.46,172.76,36.42,0,76.05
0.14,36.51,5.74,10.62,174.68,35.81,0,75.8
0.15,35.9,5.79,10.5,172.23,34.81,0,75.53
0.15,35.95,5.77,10.31,174.01,34.36,0,76.72
0.15,35.32,5.72,10.84,175.18,37.06,0,80
0.12,36.13,5.75,10.77,172.72,37.51,0,79.03
0.12,36.09,5.74,10.78,171.92,38.16,0,80.58
0.12,36.95,5.86,10.93,174.72,38.59,0,81.29
0.12,37.07,5.88,11.09,173.94,38.36,0,81.85
0.09,37.5,5.96,11.32,174.9,38.75,0,83.47
0.1,37.01,6.04,11.3,176.9,38.41,0,83.39
0.12,36.89,6.03,11.34,174.72,38.55,0,83.38
0.09,37.44,5.92,11.68,166.97,40.11,0,85.02
0.06,37.3,5.89,11.72,165.73,40.69,0,85.59
0.09,37.68,5.8,11.86,169.04,40.99,0,87.15
0.09,38,5.85,11.35,167.11,40.15,0,86.6
0.09,37.23,5.99,11.12,169.38,39.58,0,86.5
0.06,36.71,6.15,10.9,169.17,39.91,0,87.27
0.06,36.23,6.06,11.14,169.11,40.87,0,86.95
0.09,37.59,6.5,11.3,171.94,40.81,0,87.5
0.07,37.71,6.7,10.79,170.63,39.66,0,87.27
0.07,38.1,6.39,10.85,167.47,44.68,0,86.95
0.08,40.04,6.44,10.67,166.03,42.1,0,87.02
0.09,40.42,6.45,10.67,167.64,43.58,0,86.96
0.09,40.44,6.39,10.59,166.14,44.03,0,87.43
0.09,40.19,6.43,10.89,168.31,47.08,0,89.24
0.09,40.53,6.51,10.67,168.77,46.89,0,88.85
0.09,39.13,6.5,10.7,170.61,47.68,0,89.49
0.09,39.38,6.45,10.51,170.61,48.56,0,89.79
0.06,40.43,6.54,10.69,170.43,48,0,90.86
0.09,41.51,6.51,10.51,171.06,49.69,0,90.72
0.07,41.99,6.38,10.48,167.33,48.88,0,90.51
0.16,41.83,6.38,10.29,164.6,47.62,0,90.73
0.16,41.77,6.25,10.17,169.33,47.09,0,91.89
0.16,40.54,6.08,10.07,169.49,44.71,0,91.17
0.16,40.36,5.81,10.08,167.98,45.49,0,88.28
0.16,40.49,5.98,10.28,171.78,45.39,0,88.61
0.16,40.59,5.96,10.29,170.07,44.37,0,87.02
0.16,41.4,5.98,10.28,172.5,45.48,0,87.27
0.16,41.95,5.9,10.27,175.34,46.12,0,88.38
0.16,41.16,5.88,10.34,177.53,46.53,0,88.21
0.16,41.75,5.87,10.17,176.73,45.98,0,88
0.16,40.96,5.83,10.08,179.62,44.53,0,85.79
0.12,41.04,5.75,10.26,191.42,43.34,0,86.08
0.12,40.97,5.66,10.32,193.14,43.26,0,85.44
0.12,40.87,5.58,10.11,192.25,43.32,0,85.32
0.13,40.85,5.62,9.91,190.95,42.99,0,85.84
0.1,40.7,5.55,9.96,190.08,43.62,0,85.71
0.1,40.52,5.5,9.97,191.09,43.68,0,85.51
0.1,40.56,5.5,9.9,190.52,44.58,0,85.76
0.08,41.03,5.64,9.97,190.91,45.11,0,86.19
0.08,41.07,5.85,10.26,190.04,45.24,0,86.19
0.08,40.71,5.81,10.27,191.58,44.02,0,85.48
0.1,40.15,5.62,10.07,198.82,42.63,0,84.49
0.13,40.16,5.45,9.99,203.39,43.05,0,84.03
0.15,40.48,5.42,10.1,205.4,43.85,0,84.29
0.17,40.57,5.59,10.18,207.49,43.57,0,84.9
0.18,39.98,5.8,9.63,210.04,42.99,0,84.45
0.19,39.16,5.68,8.86,212.19,41.04,0,83.6
0.19,39.29,5.87,9.16,212.16,41.34,0,84.75
0.19,39.54,5.91,9.1,212.48,41.59,0,84.87
0.19,39.27,5.99,9.08,211.8,42.8,0,86.54
0.18,38.45,5.93,9.12,212.02,50.45,0,85.75
0.17,37.81,5.79,9.1,209.12,51.79,0,84.93
0.15,38.04,5.74,9.19,211.33,52.17,0,85.66
0.13,38.11,5.72,9.32,210.35,53.23,0,85.07
0.11,37.74,5.82,9.1,207.9,52.91,0,84.41
0.09,37.37,5.82,9,207.29,52.33,0,83.85
0.06,37.9,5.95,9.23,201.89,52.76,0,83.9
0.03,37.28,5.92,9.14,203.23,47.68,0,84.59
0.03,37.63,5.83,9.05,201.16,48,0,83.69
0.03,37.75,5.79,9.05,205.45,50.02,0,84.08
0.06,38.16,5.72,9.12,204.96,50.06,0,85.34
0.06,38.45,5.7,9.05,206.8,51.32,0,85.52
0.06,38.85,5.66,9.1,204.92,50.5,0,86.78
0.06,39.02,5.61,9.06,203.06,50.85,0,86.21
0.06,39.15,5.63,9.19,204.95,50.14,0,85.74
0.06,39.18,5.58,8.95,204.87,49.78,0,85.49
0.06,38.75,5.56,8.75,206.19,49.42,0,86.21
0.05,39.2,5.61,8.73,198.67,50.42,0,84.65
0.05,38.97,5.67,8.57,195.88,49.88,0,82.6
0.05,37.91,5.45,8.53,194.18,48.82,0,81.4
0.05,36.91,5.68,8.8,188.85,49.25,0,81.14
0.05,37.16,5.77,8.7,187.34,50.4,0,79.59
0.06,36.25,5.68,8.51,176.47,49.22,0,77.13
0.06,36.34,5.59,9.03,177.31,48.98,0,78.57
0.14,37.27,5.55,9.59,184.43,50.93,0,78.49
0.13,37.15,5.53,9.35,187,52.06,0,77.23
0.13,38.29,5.55,9.47,184.36,52.35,0,77.2
0.16,39.58,5.58,9.5,188.43,52.9,0,78.15
0.18,39.67,5.63,9.77,191.98,54.14,0,76.94
0.17,40.32,5.68,9.9,194.96,53.14,0,78.12
0.17,38.56,5.66,9.57,189.32,53.51,0,77.23
0.17,38.31,5.61,9.8,189.35,52.42,0,77.59
0.17,37.89,5.5,9.45,187.63,50.88,0,77.16
0.21,37.3,5.44,9.34,187.28,51.16,0,77.99
0.29,37.55,5.48,9.14,181.99,49.75,0,77.12
0.23,36.77,5.56,9.3,184.3,50.33,0,76.66
0.22,36.77,5.48,9.34,185.77,49.81,0,77.18
0.22,36.73,5.4,9.2,183.84,47.42,0,78.89
0.2,36.54,5.48,8.93,181.22,47.46,0,77.84
0.2,36.92,5.43,9.3,183.85,48.03,0,78.82
0.12,36.87,5.46,9.09,184.98,46.69,0,77.35
0.09,36.11,5.47,9.16,188.29,47.77,0,77.88
0.09,36.1,5.45,9.28,197.06,48.98,0,78.51
0.09,37.59,5.45,9.14,196.1,49.71,0,77.98
0.13,38.09,5.55,9.01,198.74,51.69,0,79.75
0.13,39.04,5.52,9.18,199.77,52.19,0,80.6
0.13,38.97,5.55,9.26,197.82,51.94,0,80.55
0.09,39.19,5.48,9.28,197.49,51.76,0,80.12
0.09,39.8,5.47,9.24,200.07,51.87,0,79.59
0.12,38.94,5.49,8.9,198,52.05,0,79.43
0.12,38.71,5.42,9.11,200.82,53.2,0,80.28
0.12,38.09,5.42,9.1,197.67,52.75,0,81.26
0.08,38.15,5.25,9.13,199.58,52.54,0,81.89
0.08,38.42,5.32,9.26,198.71,51.19,0,81.47
0.08,38.76,5.4,9.27,197.83,52.77,0,81.55
0.09,38.42,5.44,9.18,199.32,52.15,0,81.04
0.09,40.77,5.48,9.24,202.56,54.69,0,87.64
0.09,40.63,5.63,9.08,201.52,53.54,0,88.71
0.1,40.24,5.61,9.12,201.23,47.81,0,86.93
0.1,40.23,5.67,9.19,202.28,46.78,0,86.74
0.1,39.67,5.54,9.31,204.1,46.13,0,85.02
0.1,39.67,5.42,9.12,203.05,41.42,0,85.65
0.09,39.65,5.32,10.61,203.95,41.82,0,85.96
0.08,40.8,5.31,11.08,198.99,42.45,0,86.76
0.08,39.12,5.29,11.48,200.95,40.58,0,86.3
0.08,38.75,5.36,11.01,196.82,37.13,0,83.59
0.1,41.45,5.3,10.55,193.62,37.22,0,82.47
0.1,40.86,5.3,10.46,192.74,38.94,0,84.13
0.1,39.14,5.15,10.1,186.74,38.34,0,80.26
0.1,39.14,5.11,9.97,187.21,39.83,0,81.32
0.1,39.48,5.2,10.34,188.16,39.15,0,81.33
0.09,40.34,5.25,11.09,193.34,38.93,0,82.49
0.09,40.15,5.22,10.72,194.02,38.15,0,82.61
0.12,40.11,5.15,10.93,192.97,37.58,0,82.35
0.13,39.84,5.15,10.96,196.48,37.7,0,83.95
0.12,39.51,5.17,10.85,193.24,36.7,0,83.29
0.12,40.05,5.23,10.83,194.4,36.67,0,84.46
0.12,39.78,5.43,11.15,198.85,36.66,0,84.91
0.12,39.88,5.44,11.33,201.84,37.7,0,84.98
0.14,39.14,5.46,11.3,202.51,37.75,0,82.99
0.15,39.73,5.44,11.62,202.84,37.96,0,83.01
0.16,39.12,5.4,11.99,201.67,38.76,0,82.97
0.17,38.89,5.41,11.94,198.31,36.81,0,81.24
0.17,38.08,5.28,12.07,202.48,36.69,0,77.74
0.17,37.2,5.29,11.36,198.06,34.51,0,71.75
0.18,37.17,5.29,11.04,201.87,35.22,0,74.3
0.17,37.68,5.19,10.9,204.56,35.54,0,72.7
0.17,37.83,4.92,11.11,204.16,35.85,0,72
0.17,38.1,4.71,11.24,205.29,35.87,0,72.19
0.18,38.25,4.8,11.49,208.35,34.57,0,72.7
0.17,38.14,4.83,11.93,210.18,32.07,0,73.02
0.17,38.22,4.77,11.79,204.91,31.78,0,71.96
0.17,38.51,4.81,12,204.69,32.21,0,73
0.16,38.02,4.87,12.17,206.78,30.43,0,73.34
0.17,38.92,4.84,12.34,208.13,28.67,0,74.51
0.17,39.96,4.89,12.79,206.59,26.85,0,75.06
0.17,40.36,4.85,12.88,203.9,28.12,0,74.88
0.17,39.01,4.88,12.93,203.98,26.67,0,73.01
0.17,38.14,3.88,12.14,203.71,24.98,0,72.6
0.17,38.75,3.88,12.01,205.74,26.27,0,71.98
0.17,38.89,3.94,11.87,207.33,25.39,0,71.57
0.17,38.89,3.92,11.39,207.27,23.95,0,71.69
0.17,38.31,3.88,11.28,205.13,24.93,0,71.2
0.17,37.87,3.75,11.53,205.7,24.09,0,71.99
0.17,37.2,3.62,11.6,205.07,24.58,0,71.64
0.17,38.41,3.69,11.65,203.96,23.58,0,75.28
0.17,38.54,3.84,11.74,206.16,23.53,0,75.33
0.17,38.68,3.73,11.81,205.95,22.85,0,75.13
0.17,39.5,3.72,11.9,207.29,23.08,0,75.9
0.17,39.23,3.71,11.4,209.33,23.22,0,77.85
0.18,38.05,3.61,11.04,206.85,23,0,76.72
0.18,36.63,3.64,11.33,194.25,23.25,0,76.77
0.17,36.8,3.51,11.61,193.75,23.85,0,78.25
0.17,37.09,3.51,11.4,188.67,24,0,77.18
0.17,36.87,3.53,11.26,189.5,23.97,0,76.36
0.16,37.01,3.51,11.43,191.46,23.96,0,77.45
0.16,36.9,3.57,11.24,192.72,23.62,0,77.75
0.16,35.58,3.76,11.18,192.93,22.73,0,77.89
0.16,35.69,3.83,11.26,193.02,21.91,0,78.03
0.28,35.42,3.9,11.26,196.77,22.39,0,78.32
0.25,35.37,3.88,11.48,198.47,22.35,0,79.14
0.25,35.22,3.84,11.86,197.26,23.54,0,79.89
0.28,34.98,3.7,11.58,197.02,22.31,0,80.57
0.27,34.78,3.77,12.02,194.58,21.7,0,81.82
0.27,35.04,3.65,12.21,196.81,21.84,0,81.18
0.27,35.68,3.62,12.38,197.63,21,0,81.78
0.27,36.25,3.87,12.18,196.55,20.89,0,81.37
0.27,35.58,3.88,12.2,195.74,21.23,0,81.96
0.22,35.65,3.94,12.22,192.86,21.53,0,82.05
0.22,35.67,3.89,12.37,192.93,21.06,0,81.83
0.22,36.07,3.98,12.31,191.55,20.54,0,81.22
0.22,35.49,3.98,12.2,190.35,20.94,0,81.44
0.22,36,3.81,12.47,190.99,24.43,0,82.96
0.22,36.54,3.73,12.29,193.92,25.45,0,83.47
0.22,36.65,3.83,12.32,191.72,25.52,0,84.21
0.22,37.32,3.88,11.13,193.18,26.31,0,83.69
0.22,37.63,3.74,11.18,190.3,25.18,0,82.24
0.09,37.89,3.79,11.25,187.56,26.67,0,83.55
0.13,38.22,3.77,11.75,184.48,25.79,0,83.72
0.13,38.45,3.86,11.66,183.79,26.31,0,84.46
0.13,38.15,3.85,11.67,184.1,26.25,0,84.72
0.13,38.09,3.83,11.75,182.82,26.41,0,83.66
0.14,37.45,3.79,12.06,179.66,26.45,0,84.76
0.13,37.8,3.77,12.46,174.86,27.51,0,84.74
0.13,37.95,3.81,12.85,180.94,25.51,0,83.47
0.12,37.58,3.81,12.78,185.81,25.91,0,83.48
0.12,39.02,3.78,12.78,186.56,26.44,0,83.45
0.12,39.15,3.78,12.66,181.21,26.65,0,82.38
0.12,39.52,3.7,12.9,183.54,26.81,0,82.32
0.12,39.22,3.49,12.98,184.05,27.56,0,82.27
0.12,40.45,3.57,13.35,185.68,27.45,0,82.48
0.12,40.36,3.58,13.48,186.11,27.61,0,82.9
0.1,40.19,3.57,13.44,185.97,27.61,0,82.97
0.12,40.05,3.67,13.62,186.11,27.02,0,82.63
0.13,39.19,3.77,14.14,184.45,27.03,0,82.94
0.14,39.06,3.76,13.89,184.27,26.74,0,82.04
0.1,38.81,3.75,13.52,182.42,26.58,0,82.38
0.12,39.38,3.75,13.39,183.65,26.25,0,83.25
0.12,39.4,3.82,12.73,181.26,26.77,0,83.6
0.12,39.33,3.78,13.04,180.89,26.88,0,83.9
0.12,39.36,3.71,13.1,181.54,26.37,0,84.95
0.14,39.4,3.68,12.59,179.8,26.05,0,84.03
0.13,39.92,3.69,12.78,182.03,26.12,0,84.67
0.14,41.66,3.75,12.34,182.89,26.01,0,86.29
0.14,41.99,3.74,12.05,183.08,26.01,0,85.9
0.16,42.54,3.72,12.28,183.7,26.62,0,85.68
0.16,42.74,3.7,12.49,185.82,26.34,0,85.96
0.16,43.18,3.7,12.9,188.82,26.58,0,85.27
0.16,43.13,3.8,12.89,188.04,26.87,0,86.01
0.16,42.9,3.85,12.94,186.83,27.33,0,86.11
0.15,42.82,3.82,13.01,188.07,27.28,0,85.94
0.14,42.86,3.79,13.08,189.64,27.23,0,86.03
0.14,42.88,3.78,13.17,189.18,27.57,0,86.28
0.14,42.77,3.75,13.3,188.36,27.61,0,85.7
0.14,42.44,3.74,13.38,189.66,28.58,0,85.02
0.14,42.29,3.75,13.34,189.27,28.56,0,85.1
0.16,42.87,3.79,13.33,188.3,28.01,0,85.22
0.18,44.02,3.84,13.43,189.44,27.88,0,85.05
0.17,43.96,3.86,13.37,190.42,28,0,85.98
0.17,44.68,3.95,13.27,183.76,28.69,0,86.39
0.17,45.53,4.07,13.35,190.4,28.58,0,88.02
0.2,45.42,4.06,13.54,193.57,29,0,88.24
0.22,45.73,4.12,13.28,188.27,28.96,0,87.42
0.24,45.88,4.14,13.33,188.41,29.02,0,87.81
0.29,45.74,4.14,13.21,190.82,28.27,0,87.55
0.3,46.06,4.1,13.57,190.8,27.87,0,88.31
0.3,45.49,4.11,13.62,190.71,28.11,0,88.53
0.3,45.53,4.13,13.45,189.94,27.45,0,88.65
0.3,44.94,4.11,13.34,189.65,27.07,0,88.64
0.3,44.83,4.05,13.31,190.23,27.06,0,88.86
0.3,44.49,4.07,13.31,191.93,26.9,0,88.97
0.3,44.59,4.11,13.25,193.98,26.22,0,87.08
0.3,44.82,4.12,13.25,191.55,25.75,0,86.12
0.3,44.17,4.07,13.13,190.84,25.17,0,84.68
0.3,44.33,4.02,13.22,192.76,24.28,0,84.67
0.3,44.53,4.03,13.2,192.57,24.26,0,83.95
0.3,43.99,3.95,13.22,190.79,23.45,0,84.34
0.31,44.09,3.95,13.13,188.18,22.84,0,82.66
0.31,44.54,3.94,13.33,189.12,22.58,0,82.99
0.31,45.22,3.95,13.36,192.92,21.72,0,83.61
0.31,45.26,3.98,13.54,197.13,21.6,0,83.97
0.31,45.72,4.04,13.55,199.8,22.06,0,86.19
0.31,45.24,4,13.5,200.17,21.52,0,87.44
0.31,45.3,3.95,13.73,200.02,22.15,0,88.75
0.31,45.43,3.95,13.52,199.94,21.98,0,89.44
0.31,44.73,3.92,13.42,198.73,22.15,0,87.89
0.31,44.41,3.92,13.63,201.14,22.14,0,88.81
0.31,43.96,3.87,13.38,203.79,21.71,0,88.47
0.31,43.76,3.9,13.35,203.7,21.77,0,87.61
0.31,43.44,3.91,13.41,203.81,22.52,0,87.47
0.31,44.03,3.92,13.38,206.57,23.47,0,87.87
0.31,43.91,3.95,13.64,208.25,23.47,0,87.44
0.31,44.03,3.97,13.47,207.4,24.22,0,89.62
0.31,42.51,3.92,13.19,201.54,23.81,0,85.5
0.31,41.97,3.92,12.56,195.25,22.61,0,85
0.31,42.27,3.91,12.42,190.97,25.34,0,86.24
0.31,41.54,3.78,11.92,175.55,25.38,0,83.07
0.31,40.23,3.62,11.61,172.37,26.15,0,81.74
0.31,39.4,3.51,11.45,177.13,25.87,0,84.98
0.31,40.71,3.6,11.43,177.39,25.55,0,83.47
0.31,42.08,3.68,11.56,185.96,25.93,0,88.71
0.31,42.61,3.61,11.34,182.67,24.44,0,87.82
0.31,40.8,3.58,11.56,179.16,23.95,0,87.26
0.31,39.12,3.19,11.02,164.17,22.03,0,81.56
0.31,37.95,3.26,11.47,165.32,21.98,0,84.71
0.31,37.86,3.25,11.29,155.17,20.25,0,79.82
0.31,33.95,3.09,10.96,131.43,16.97,0,72.16
0.31,35.18,2.95,11.42,133,18.93,0,79.49
0.31,34.49,2.78,11,124.74,15.42,0,69.55
0.31,35.67,2.68,12.72,124.43,15.67,0,73.98
0.31,35.46,2.51,11.71,121.24,14.83,0,64.69
0.31,34.54,2.34,12.04,122.96,17.29,0,66.42
0.32,33.36,2.8,11,119.66,16.35,0,61.1
0.32,31.28,2.8,10.24,105.63,16.48,0,60
0.32,33.66,2.58,10.38,123.79,19.6,0,63.6
0.32,33.82,2.68,9.78,126.36,21.75,0,66.15
0.32,35.83,2.96,10.03,140.65,21.41,0,70.91
0.32,33.99,3.12,8.91,145.08,20.58,0,69.18
0.32,34.59,3.08,9.13,146.56,21.49,0,72.54
0.32,36.21,2.92,9.41,143.16,21.08,0,72.95
0.32,37.52,2.84,9.4,136.85,20.19,0,71.09
0.32,38.69,3.12,9.32,129.89,19.79,0,74.34
0.32,38.62,3.31,8.67,132.02,20.84,0,73.45
0.32,38.88,3.54,9.13,142.04,20.68,0,75.79
0.33,38.62,3.42,9.22,149.59,21.34,0,74.5
0.33,38.45,3.34,9.62,157.75,20.47,0,74.57
0.33,39.63,3.38,10.44,166.12,21.9,0,75.43
0.33,39.82,3.45,10.34,160.62,22.31,0,73.95
0.33,39.07,3.45,10.07,157.63,21.95,0,73.95
0.33,38.33,3.4,10.37,167.83,21.92,0,77.23
0.33,38.38,3.38,10.03,162.22,21.12,0,75.51
0.33,38.84,3.16,9.65,162.15,20.9,0,75.39
0.34,38.64,3.26,9.56,162.69,20.79,0,77.95
0.34,39.04,3.16,10.15,156.61,20.05,0,76.78
0.34,37.71,3.07,9.78,152.78,19.67,0,72.28
0.34,38,3.15,9.81,155.22,20.02,0,73.05
0.34,38.59,3.15,9.97,153.06,20.11,0,71.78
0.34,38.81,3.04,10.07,158.79,20.65,0,73.67
0.35,38.97,3.09,10.47,163.15,21.51,0,74.91
0.35,41.09,3.12,10.92,167.41,23.1,0,77.27
0.35,41.33,3.19,10.97,169.42,22.1,0,76.5
0.35,40.43,3.21,10.69,164.68,23.39,0,74.42
0.35,38.68,3.15,10.48,161.56,23.32,0,73.28
0.36,38.65,3.12,10.53,163.84,23.29,0,73.31
0.36,39.45,3.16,10.48,163.01,23.14,0,72.2
0.36,39.02,3.14,10.38,165.43,22.92,0,71.5
0.36,39.05,3.11,10.93,164.93,22.55,0,70.14
0.37,39.22,3.13,11.62,166.05,23.79,0,71.99
0.37,40.07,3.19,11.41,163.3,23.42,0,71.27
0.37,41.39,3.22,11.48,160.54,23,0,69.92
0.38,40.16,3.25,11.45,155.31,21.79,0,68.74
0.38,39.27,3.39,10.62,157.95,21.46,0,67.95
0.38,40.03,3.49,10.85,158.5,21.52,0,67.78
0.38,40.68,3.51,10.68,168.5,21.6,0,68.23
0.39,40,3.46,10.54,168.81,21.41,0,68.5
0.39,40.59,3.37,10.7,172.57,22.36,0,70.5
0.39,40.96,3.34,10.93,170.99,22.63,0,70.53
0.4,41.26,3.35,11,172.3,22.95,0,70.44
0.4,41.36,3.37,11.05,174.04,23.2,0,70.83
0.41,41.85,3.37,11.52,176.52,23.76,0,72.12
0.41,43.02,3.34,12.2,179.25,24.87,0,73.9
0.41,43,3.4,11.52,175.43,25.13,0,73.52
0.42,41.89,3.46,11.43,172.64,23.99,0,73.26
0.42,42.35,3.41,11.4,173.31,24.31,0,73.8
0.43,42.06,3.37,11.34,173,24.3,0,73.75
0.43,42.58,3.42,11.58,174.78,23.93,0,74.21
0.44,42.02,3.41,11.94,175.72,24.42,0,75.17
0.44,41.8,3.44,12.09,181.3,25.05,0,75.86
0.44,41.01,3.45,12.34,185.92,25.65,0,77.71
0.45,39.74,3.43,12.04,183.44,25.4,0,75.71
0.45,41.03,3.36,11.93,180.54,24.75,0,75.13
0.46,39.41,3.33,11.24,168.56,24.11,0,71.25
0.46,39.4,3.35,11.43,170.28,24.62,0,70.45
0.47,39.26,3.43,11.94,173.69,25.12,0,72.22
0.48,41.09,3.47,12.02,177.45,25.22,0,74.7
0.48,41.16,3.45,11.99,178.66,25.2,0,74.09
0.49,41.18,3.38,11.92,184.24,25.03,0,74.6
0.49,41.64,3.47,11.76,181.25,25.55,0,72.2
0.5,41.34,3.41,11.14,179.61,24.83,0,72.05
0.5,41.59,3.37,10.51,180.41,24.83,0,71.49
0.51,40.13,3.39,10.34,171.7,24.11,0,70.13
0.52,40.42,3.33,10.4,173.38,24.3,0,70.63
0.52,40.84,3.33,9.85,168.99,23.61,0,68.86
0.53,41.25,3.33,10.09,173.96,24.97,0,70.53
0.58,40.78,3.35,10.06,174.35,24.91,0,69.99
0.71,41.01,3.34,9.92,185.77,24.09,0,70
0.69,41.07,3.33,9.66,185.8,24.95,0,70.46
0.78,40.19,3.34,9.57,186.46,25.15,0,70.05
0.71,41.1,3.32,9.59,186.48,24.51,0,70.58
0.67,40.26,3.31,9.53,182.47,24.47,0,72.93
0.68,40.03,3.34,9.2,183.46,26.53,0,72.33
0.65,38.35,3.35,8.75,182.39,25.81,0,70.11
0.6,37.8,3.33,9.06,184.85,26.17,0,72.95
0.62,38.08,3.34,8.96,179.69,26.51,0,73.5
0.6,38.12,3.34,8.97,179.18,28.53,0,74.33
0.59,37.7,3.33,9.13,182.57,29.17,0,75
0.59,36.72,3.55,8.95,181.24,29.54,0,75.35
0.55,36.57,3.52,8.88,180.61,29.95,0,74.99
0.59,35.53,3.5,8.48,177.56,28.64,0,72.8
0.57,35.65,3.49,8.97,180.69,29.83,0,75.93
0.58,35.3,3.53,8.86,179.48,30.35,0,76
0.57,35.65,3.51,8.87,178.99,30.3,0,76.32
0.54,35.36,3.39,8.47,179.85,29.67,0,76.9
0.58,35.2,3.44,8.43,178.81,30.38,0,78.52
0.57,35.85,3.37,8.68,179.52,33.24,0,77.98
0.55,35.49,3.51,8.68,181.61,33.76,0,78.4
0.55,34.89,3.54,8.79,180.88,33.09,0,77.43
0.57,33.16,3.48,8.82,178.15,32.85,0,76.81
0.68,33.14,3.43,9.04,173.28,32.66,0,76.51
0.63,33.49,3.49,9.12,171.69,31.78,0,77.11
0.59,33.47,3.6,9.15,173.43,31.59,0,76.95
0.58,33.03,3.66,8.97,171.14,31.44,0,77.12
0.58,32.73,3.58,9.31,172.26,30.53,0,77.49
0.6,33.4,3.64,9.72,171.46,29.99,0,78.33
0.6,34.08,3.62,10.03,172.87,29.74,0,78.72
0.62,34.55,3.62,10.2,175.5,29.97,0,79.68
0.62,33.95,3.61,10.23,176.62,29.33,0,78.13
0.67,33.18,3.73,10.41,176.03,28.8,0,77.69
0.66,33.8,3.83,9.84,173.69,30.73,0,78.27
0.62,33.49,3.87,9.83,178.11,31.03,0,79.18
0.62,33.7,3.85,9.98,179.92,30.5,0,78.7
0.6,33.2,3.79,10.08,178.36,29.97,0,78.22
0.6,33.17,3.74,10.07,179.29,29.46,0,78.06
0.62,34.41,3.74,10.16,181.49,29.27,0,79.63
0.62,33.76,3.79,10.31,180.18,28.66,0,79.62
0.62,33.34,3.74,10.08,181.36,28.52,0,79.96
0.59,33.49,3.68,10.19,182.65,28.88,0,80
0.6,33.26,3.5,10.27,185.37,29.32,0,80.72
0.67,32.87,3.37,10.07,184.4,28.9,0,79.74
0.63,33.03,3.37,10.01,185.94,29.05,0,79.04
0.62,33.82,3.37,10.23,188,28.79,0,79.96
0.67,33.58,3.32,10.22,190.53,29.12,0,79.32
0.71,33.55,3.37,10.26,191.44,28.38,0,79.08
0.96,33.85,3.34,10.3,189.13,28.62,0,78.73
0.9,33.82,3.3,10.34,187.76,29.5,0,79.08
0.92,35.05,3.23,10.39,189.81,29.98,0,80.43
0.89,34.41,3.02,10.31,188.66,30.34,0,80.37
0.89,34.77,3.14,10.13,188.86,31.24,0,81.23
0.86,34.7,3.29,10.28,195.21,31.06,0,81.94
0.88,35.52,3.22,10.51,196.58,31.88,0,81.4
0.86,35.25,3.13,10.5,193.2,31.23,0,80.6
0.84,35.46,3.08,10.24,192.19,30.6,0,79.46
1,35.04,3.07,10.11,187.82,29.96,0,78.1
1.05,34.48,3.03,9.5,185.06,29.02,0,77.84
1.34,35.84,2.98,9.31,188.43,28.69,0,77.05
1.43,36.8,2.92,9.15,186.6,27.74,0,75.5
1.41,36.97,2.85,9.58,181.87,28.36,0,76.35
1.43,37.04,2.89,9.72,181.77,28.54,0,75.4
1.43,37.41,2.85,9.92,185.45,28.39,0,76.36
1.51,36.54,2.83,9.69,187.52,27.98,0,74.34
1.8,36.48,2.84,9.69,189.39,27.88,0,74.95
2.25,35.87,2.87,9.8,184.6,26.43,0,74.11
2.4,36.15,2.84,10.01,185.6,27.18,0,74.46
2.88,36.7,2.96,10.1,183.58,30.35,0,75.88
2.2,36.42,2.97,10.46,180.54,29.6,0,75.43
2.39,35.99,3.05,10.7,181.43,30.56,0,79.04
2.18,35.85,3.11,10.83,185.12,29.76,0,78.32
1.89,35.59,3.14,10.89,186.65,30.2,0,78.87
2.14,35.79,3.16,10.89,187.01,30.4,0,79.29
2.14,35.63,3.15,10.53,187.44,30.74,0,79.18
2.16,35.02,3.13,10.38,183.11,31.07,0,78.91
2.03,34.33,3.09,10.54,181.55,31.9,0,79.14
2.19,34.72,3.12,10.48,181.46,31.87,0,79.27
2.19,34.19,3.06,10.17,180.48,31.52,0,77.84
2.03,34.37,2.88,10.08,180.33,31,0,73.33
1.98,33.41,2.9,10.02,179.63,30.65,0,73.82
2.03,33.5,2.84,10.19,178.4,31.42,0,74.86
2.04,33.78,2.91,10.31,179.46,31.68,0,74.45
1.94,33.81,2.88,10.37,174.96,32.93,0,73.69
1.98,33.01,2.91,10.15,172.24,37.23,0,71.32
1.63,32.21,2.92,9.49,165.01,37.73,0,70.05
1.7,32.44,2.9,9.26,165.84,36.83,0,70.64
1.86,32.15,2.88,9.19,165.17,37.47,0,71.11
1.9,32.34,2.88,9.31,176.36,37.05,0,71.61
1.88,32.69,2.9,9.69,184.83,36.74,0,71.82
1.87,33.84,2.88,9.37,180.85,36.41,0,71.51
1.87,32.84,2.93,9.94,183.47,37.58,0,70.87
1.85,32.59,2.96,9.97,185.78,38.4,0,70.44
2.01,33.77,2.94,10.58,200.57,37.8,0,71.63
2,35.35,3.01,11.2,200.56,38.93,0,74.74
2.04,36.45,3,11.25,194.29,39.48,0,75.11
2.01,36.8,2.94,10.81,194.9,37.9,0,74.5
2.03,36.64,2.96,11.24,202,38.78,0,75.86
2.18,37.32,2.96,11.7,205.99,39.35,0,78.63
2.33,37.43,3.01,11.9,205.14,40.52,0,78.38
2.59,37.74,3.04,11.39,203.54,38.54,0,77.46
2.77,36.51,3.19,11.29,204.14,38.7,0,77.49
2.81,36.51,3.13,11.05,200.51,38.43,0,76.74
2.92,35.6,3.13,11.2,201.46,38.43,0,76.63
2.7,35.27,3.17,11.64,207.8,38.99,0,78.01
2.42,35.01,3.1,11.37,204.7,38.38,0,76.89
2.46,35.11,3.15,11.25,203.18,38.69,0,76.13
2.34,35.16,3.15,11.27,204.52,39.13,0,75.94
2.35,34.66,3,11.23,205.79,39.03,0,75.85
2.25,34.94,3.05,11.33,205.73,40.36,0,77
2.08,35.31,3.16,11.26,204.99,39.81,0,78.1
2.35,35.6,3.14,11.35,209.95,39.94,0,78.52
2.24,35.73,3.12,11.68,213.73,40.31,0,80.77
2.18,37.39,3.23,11.9,212.04,40.61,0,81.65
2.27,38.1,3.38,12.15,213,42.44,0,82.64
2.17,38.21,3.27,12.32,209.22,42.6,0,84.55
2.24,38.41,3.04,12.39,207.05,43.2,0,84.97
2.34,38.31,2.94,12.47,205.24,43.84,0,84.99
2.61,37.9,3.05,12.76,206.94,42.46,0,84.37
2.38,37.28,2.98,12.81,212.25,42.03,0,84.29
2.32,37.53,3,12.71,214.77,42.69,0,85.63
2.31,36.71,2.99,12.84,217.8,43.2,0,85.62
2.31,36.58,2.98,12.59,218.65,44.16,0,86.12
2.16,35.58,2.97,11.67,214.46,44.21,0,84.16
2.1,35.77,2.93,11.78,212.87,44.7,0,82.19
2.09,35.64,2.92,11.85,215.48,46.02,0,82.18
2.16,35.86,2.91,11.86,215.84,46.94,0,82.53
2.21,36.28,2.91,12,217.35,47.19,0,82.67
2.05,36.65,2.91,12.02,218.46,46.42,0,82.47
1.75,36.78,2.92,11.78,217.44,44.86,0,81.86
1.88,36.42,2.91,11.69,218.22,44.59,0,81.5
1.98,35.57,2.91,11.65,219.01,44.53,0,82.72
1.98,35.59,2.91,11.65,218.29,43.8,0,82.22
2,36.17,2.91,11.63,216.62,43.02,0,81.5
2.08,36.63,2.89,11.97,216.9,43.58,0,82.34
2.09,36.94,2.86,13.37,224.31,46.76,0,82.5
2.02,36.78,2.86,12.97,228.75,47.77,0,82.97
2.02,36.78,2.93,12.87,230.22,45.52,0,83.1
1.9,36.49,2.93,12.7,226.77,45.1,0,82.31
1.88,35.84,2.88,12.79,228.08,44.29,0,81.01
2.03,36.18,2.93,12.38,224.54,44.39,0,81.2
1.95,36.51,2.9,12.27,223.87,44.57,0,81.16
1.96,36.38,2.9,12.22,219.96,44.18,0,80.94
1.88,36.12,2.92,11.96,219.4,44.53,0,81.41
1.87,35.99,2.92,11.99,222.91,45.08,0,81.89
1.87,36.08,2.92,12.45,227.51,45.04,0,81.7
1.94,36.09,2.92,12.13,228.68,45.04,0,81.33
2.08,35.96,2.9,12.16,226.91,45.22,30,80.66
2.1,35.96,2.86,12.24,222.05,45.08,28.35,81.34
2.02,35.9,2.83,12.07,219.89,46.04,24.02,81.98
1.94,36.55,2.84,11.9,213.32,45.27,23.15,79.86
2,35.96,2.76,11.92,216.58,47.24,24.14,81.26
1.94,34.91,2.68,11.73,210.79,46.92,22.5,79.59
2.66,34.73,2.71,11.64,215.06,51.53,23.05,78.98
2.29,35.37,2.77,12.15,217.87,50.61,25.78,79.21
2.47,35.4,2.75,11.92,216.11,51.86,26.7,80.24
2.57,35.15,2.75,12.46,223.5,53.27,25.15,83.62
2.76,35.1,2.76,12.49,227.75,54.26,24.28,84.28
2.77,35.4,2.75,13.02,228.41,55.62,22.04,86.01
2.94,35.86,2.75,13.21,233.73,56.53,22.5,85.63
3.44,35.56,2.73,13.1,240.35,54.81,22.42,85.95
3.59,35.38,2.75,13.74,236.38,57.4,24.92,85.37
3.51,35.64,2.75,14.32,241.27,58.94,24.46,86.07
4.04,36.64,2.75,14.42,238.74,56.39,23.94,86.11
4.29,36.09,2.73,14.21,231.68,53.43,23.97,85.99
4.22,34.66,2.71,13.93,228.42,52.95,23.7,86.59
3.77,34.07,2.7,13.85,226.19,51.7,22.56,86.35
3.81,33.64,2.68,14.15,223.21,51.41,21.02,85.45
4.13,33.83,2.63,14.09,222.49,49.65,19.84,86.49
3.63,34.23,2.6,13.96,222.38,51.19,20.11,86.44
3.86,33.95,2.61,14.38,223.93,52.02,19.45,87.56
3.62,33.49,2.6,13.97,217.92,50.34,17.13,86.5
3.48,32.64,2.59,13.64,214.06,49.2,17.52,84
3.6,33.44,2.6,14.11,217.66,51.53,19.86,84.93
3.46,33.32,2.65,13.77,218.11,49.91,18.95,85.09
3.59,33.55,2.63,13.9,216.03,48.97,17.94,85.15
3.21,34.01,2.62,13.41,211.14,47.51,16.63,84.61
3.11,34.3,2.6,13.91,216.84,48.13,16.09,86.15
3.17,34.24,2.6,14.11,220.5,48.46,13.82,86.36
3.13,34.17,2.57,14.43,227.1,49.76,16.12,87.04
3,34.41,2.57,15,227.04,50.54,15.31,86.76
3.17,34.54,2.58,15.14,228.46,51.47,18.79,86.61
3.34,34.72,2.57,14.95,229.36,52.65,17.34,87.69
3.23,35.12,2.57,14.77,229.71,52.77,19.52,87.65
3.17,35.33,2.6,14.52,230.59,50.99,19.07,88.2
3.07,36.1,2.58,14.85,233.01,52.01,18.05,89.2
3.11,36.27,2.6,14.29,231,51.59,18.56,90.51
3.06,36.67,2.68,14.58,234.58,52.14,19.43,89.25
3.09,37.14,2.68,14.21,230.69,52.96,10.14,89.97
3.16,37.7,2.61,13.85,229,50.74,10.05,88.05
3.07,37.43,2.54,13.66,229.69,51.13,8.93,88.55
2.79,36.17,2.54,13.94,231.16,51.82,9.2,88.73
2.98,36.46,2.56,14.23,235.1,52.3,9.11,90.57
2.83,37.12,2.59,14.06,235.98,50.66,10.66,90.97
2.71,36.38,2.6,14.15,233.95,51.26,10.21,89.36
2.73,36.43,2.57,13.97,227.93,52.17,10.37,88.79
2.79,35.66,2.58,14.11,229.62,52.32,10.95,88.06
2.78,35.5,2.58,14.15,229.34,51.51,10.64,88.11
2.69,35.94,2.57,14.1,230.28,50.84,10.14,88.59
2.56,36.26,2.58,14.11,236.32,50.84,10.05,88.63
2.48,36.45,2.57,14.07,234.92,50.35,9.55,88.27
2.62,37.54,2.63,14.25,224.01,51.93,9.99,89.45
2.63,36.59,2.7,14.46,224.15,51.34,9.31,91.05
2.43,36.63,2.61,14.42,226.31,50.16,8.56,91.41
2.38,36.65,2.58,14.23,226.71,49.91,8.99,90.75
2.35,36.55,2.6,14.37,229.02,49.66,9.19,91.07
2.23,37.07,2.57,14.48,234.73,49.41,9.24,91.83
2.31,38.1,2.58,14.49,238.85,49.81,9.09,92.9
2.49,38.27,2.57,14.17,237.58,46.94,9.27,91.52
2.38,35.36,2.58,13.57,238.36,45.93,9.08,94
2.42,35.94,2.57,13.75,240.93,47.05,9.88,94.19
2.58,36.03,2.56,13.61,238.34,46.71,10.5,94.01
2.71,35.91,2.56,13.74,240.47,47.93,12.12,94.59
3.07,35.54,2.57,13.44,238.51,48.63,12.51,94.44
3.34,35.42,2.56,13.54,238.35,50.99,12.48,94.49
3.33,35.2,2.58,13.43,237.91,49,12.01,94.16
3.57,34.49,2.56,12.97,241.6,48.79,10.98,95.09
3.78,35.22,2.56,13.05,240.32,48.78,10.89,95.01
3.55,35.72,2.55,13.35,243.02,47.76,11.09,95.85
3.17,35.65,2.53,13.53,240,47.81,10.51,94.89
3.23,35.67,2.51,13.18,239.68,48.16,10.83,95.48
3,36.82,2.5,13.88,241.45,46.81,10.75,96.86
2.86,37.27,2.49,13.91,240.84,47,11.04,97.38
2.68,37.11,2.5,14.08,239.19,46.36,9.93,98.06
2.51,36.33,2.49,13.83,233.98,46.22,10.81,97.29
2.56,37,2.46,13.61,229.7,45.06,10.75,96.2
2.49,37.03,2.42,13.79,230.87,44.93,10.37,97.51
2.59,37.13,2.39,13.83,234.39,45.79,10.97,97.72
2.73,36.99,2.39,14.48,235.87,45.11,11.8,97.55
2.66,36.84,2.4,14.54,234.11,44.07,12.09,97.66
2.63,36.49,2.35,14.73,232.37,44.26,12.11,96.36
2.71,36.55,2.34,14.75,236.1,44.09,11.64,97.43
2.71,36.8,2.34,14.69,237.28,43.83,11.6,97.43
2.71,36.74,2.34,14.77,236.48,43.72,11.25,98.16
2.7,36.44,2.35,14.42,237.89,43.66,10.99,97.51
2.63,36.48,2.34,14.62,237.18,43.63,10.88,97.31
2.56,36.25,2.34,14.25,237,43.53,11.72,96.65
2.54,35.63,2.33,13.72,239.69,42.83,11.3,96.44
2.57,35.47,2.34,13.91,238.58,42.74,11.54,96.61
2.68,35.65,2.37,14.29,237.24,43.17,11.82,96.77
2.78,35.86,2.39,14.27,239.24,43.38,11.19,96.85
2.61,36.05,2.37,14.35,238.65,42.81,10.84,97.33
2.64,35.9,2.37,14.49,239.26,43.77,9.9,97.89
2.73,36.44,2.37,14.84,238.99,46.11,8.94,98.55
2.63,36.58,2.34,14.65,238.37,45.72,8.99,96.39
2.55,36.92,2.33,14.65,236.67,44.87,9.26,96.75
2.54,36.99,2.39,14.5,237.17,45.04,9.15,97.53
2.56,36.86,2.39,14.55,237.84,45.06,9.48,98.83
2.59,36.72,2.41,14.43,236.37,45.34,9.43,100.52
2.56,37.37,2.46,14.07,236.12,44.79,9.35,100.46
2.55,37.11,2.53,14.08,233.97,44.41,9.39,99.91
2.55,37.39,2.56,13.68,229.68,42.73,8.81,99.98
2.54,36.67,2.54,13.04,220.96,42.08,8.99,99.5
2.51,36.93,2.57,13.53,225.88,43.04,8.5,100.11
2.48,36.7,2.66,13.55,224.63,43.09,8.42,99.99
2.46,36.41,2.69,13.62,224.25,42.66,8.71,100.03
2.32,36.4,2.71,13.88,226,44.28,9.26,99.04
2.25,36.59,2.75,13.81,228.6,43.02,9.04,99.05
2.31,36.99,2.89,13.84,229.42,43.91,9.03,98.68
2.31,37.15,3.09,14,231.4,44.22,8.7,97.93
2.49,36.78,3.13,14.14,233.82,45.76,8.72,99.09
2.47,37.15,3.12,14.2,232.03,46.95,8.75,99.9
2.54,37.05,3.35,14.16,231.42,46.17,8.42,100.3
2.5,37.15,3.21,14.01,231.03,46.09,8.14,99.46
2.35,36.82,2.94,13.81,229.47,46.29,8.1,98.65
2.36,37.07,2.9,13.63,227.04,46,8.13,98.79
2.31,36.23,2.88,13.56,227.02,46.39,7.78,98.39
2.35,36.41,2.92,13.79,227.71,46.33,7.94,99.41
2.43,36.42,2.97,13.97,226.46,46.94,7.52,98.53
2.35,36.53,2.94,13.58,225.47,46.02,7.57,97.71
2.39,36.77,2.88,13.62,225.78,46.79,7.24,99.58
2.38,36.68,2.89,13.62,224.96,46.23,7.24,99.31
2.4,37.39,2.85,13.41,223.92,45.68,6.55,98.93
2.29,36.07,2.75,13.08,222.02,44.56,6.37,97.94
2.32,35.77,2.62,13.36,225.17,44.17,6.08,94.93
2.39,36.02,2.55,13.57,225.86,44.66,6.15,96.53
2.63,35.92,2.57,13.16,223.81,44.23,5.69,97.23
2.79,36.36,2.56,13.23,224.51,45.55,4.96,98.39
2.86,36.33,2.52,13.35,224.88,46.74,4.44,99.02
2.69,36.39,2.46,13.26,226.35,51.76,4.29,99.85
2.88,35.9,2.43,13.39,226.36,51.38,4.38,98.95
2.78,35.77,2.47,13.43,224.52,51.78,4.47,100.28
2.77,35.21,2.33,13.35,224.34,53.01,4.35,100.11
2.74,35.51,2.32,13.24,222.79,53.59,4.65,100.02
2.77,35.54,2.35,13.43,221.36,52.01,4.84,100.44
2.77,35.19,2.32,13.22,219.35,51.49,4.6,99.49
2.77,34.89,2.34,14.32,219.45,50.72,4.63,99.58
2.8,34.79,2.33,14.25,218.6,49.69,4.46,99.19
2.89,34.91,2.33,14.29,217.22,47.01,4.53,99.19
2.95,34.78,2.31,14.52,218.07,47.24,4.59,99.94
3.01,35.14,2.32,14.71,213.33,48.9,4.7,99.77
3.15,35.08,2.33,14.56,211.93,47.1,4.89,100.01
3.34,35.27,2.31,14.55,213.64,45.69,5.01,101.6
3.13,35.19,2.29,14.43,214.05,49.45,4.54,102.38
3.03,35.5,2.25,14.45,213.31,49,4.48,102.51
3.14,35.4,2.19,14.37,214.42,47.58,4.45,100.95
3.03,35.07,2.14,14.14,213.86,47.55,4.21,101.42
3.14,35.61,2.15,14.27,213.78,48.47,3.91,101.42
3.31,35.54,2.25,14.38,216.01,48.53,3.8,100.88
3.4,35.3,2.26,14.48,216.81,48.16,4.07,100.61
3.48,35.48,2.3,14.49,214.9,49.28,4.35,101.24
3.64,35.38,2.29,14.4,214.31,49.49,5.13,101.22
3.71,35.45,2.27,14.94,212.32,50.08,5.37,102.1
3.63,35.77,2.32,14.89,211.87,50.1,5.12,103.07
3.49,35.84,2.35,15,211.19,49.76,5.13,103.02
3.44,35.53,2.37,15.06,214.91,50.4,5.37,103.55
3.55,35.71,2.31,15.25,212.42,51.9,5.89,105.63
3.49,35.6,2.35,15.23,211.78,51.9,6.04,106.1
3.7,35.96,2.35,15.19,213.52,51.23,6.22,106.51
3.57,35.75,2.33,15.12,215.77,50.44,6.53,106.06
3.53,35.76,2.3,14.91,217.01,49.73,6.89,103.83
3.49,34.98,2.36,14.61,215.99,48.99,6.89,102.58
3.52,34.87,2.35,14.35,213.92,47.69,5.72,103.58
3.53,34.92,2.3,12.98,214.91,47.38,5.09,102.59
3.39,34.93,2.31,12.43,215.5,47.52,5.04,101.97
3.17,35.06,2.27,12.54,218.5,48.36,4.9,104
3,34.98,2.29,12.38,215.43,48.46,4.96,102.84
3.16,34.91,2.26,12.36,214.91,44.1,4.84,101.84
2.94,34.69,2.26,12.17,210.04,44.57,4.49,100.95
2.98,35.01,2.23,12.15,209.05,43.98,4.52,100.44
2.94,35.35,2.23,12.3,211.2,44.67,4.66,100.47
2.98,35.07,2.23,12.52,213.95,44.78,4.66,101.41
3.08,34.91,2.21,12.34,212.54,44.77,4.5,101.82
3.11,35.12,2.2,12.74,211.54,45.94,4.57,102.52
2.95,35.46,2.24,12.75,209.89,47.25,4.48,98.44
3.01,35.94,2.25,12.91,211.71,48.05,4.42,99.47
2.88,34.2,2.3,12.74,210.71,47.75,4.51,94.79
2.89,33.36,2.27,13.37,213.49,48.51,4.59,96.08
2.69,33.72,2.3,13.38,213.03,48.26,4.18,96.2
2.68,33.49,2.32,13.48,212.92,48.11,4.28,96.39
2.69,33.17,2.35,13.6,211.51,48.08,4.24,96.66
2.8,33.28,2.47,13.62,216.51,48.03,4.75,95.64
2.94,33.32,2.46,13.84,219.64,48.03,4.86,95.34
3,33.37,2.4,13.79,219.69,48,4.86,95.12
2.92,33.35,2.36,13.66,218.77,48.01,4.62,95.58
2.95,33.75,2.45,13.76,219.1,48.38,5.33,97.49
2.95,34.05,2.45,13.85,220.38,48.35,5.06,98.82
3,34.13,2.44,13.68,218.95,47.96,5.4,98.37
3.11,33.93,2.5,13.57,215.57,46.55,5.92,97.35
3,33.88,2.49,13.45,216.28,46.77,5.99,95.81
2.92,34.2,2.49,13.56,218.15,46.62,5.97,97.04
2.88,34.12,2.5,13.59,218.44,47.02,5.63,96.51
2.74,34.14,2.47,13.55,219.37,47.51,5.78,96.87
2.65,33.93,2.4,13.96,217.69,48.52,5.76,96.55
2.69,34.06,2.42,13.81,218.23,38.54,5.26,96.2
2.65,34.14,2.4,13.58,214.91,37.78,5.1,94.86
2.59,33.94,2.38,13.5,216.76,37.52,4.94,95.92
