"D.2TP.PA.","BATS.PA.","ID.GUD.PA.","U.VGR.PA.","U.STZ.PA.","U.TPB.PA.","U.RLX.PA.","U.PM.PA."
0.68,51.13,3.21,20.32,135.58,0,0,89.39
0.65,51.1,3.05,20.22,135.09,0,0,89.24
0.69,50.69,3.05,19.93,134.78,0,0,88.42
0.59,50.18,3.09,19.88,135.07,0,0,88.81
0.61,50.46,3.19,19.08,134.46,0,0,88.32
0.62,50.66,3.43,19.13,133.26,0,0,88.11
0.66,50.71,3.41,19.51,133.26,0,0,88.19
0.66,50.05,3.42,19.54,132.06,0,0,86.36
0.61,49.56,3.37,19.54,132.25,0,0,85.26
0.62,49.64,3.3,19.69,134.8,0,0,84.96
0.62,49.71,3.37,19.88,135.01,0,0,85.06
0.62,48.93,3.48,19.65,133.4,0,0,84.03
0.5,48.67,3.41,19.68,132.24,0,0,83.42
0.5,49.14,3.46,19.84,135.26,0,0,84.35
0.4,50.08,3.64,19.84,138.15,0,0,83.86
0.36,50.03,3.59,20.03,138.28,0,0,85.43
0.57,50.71,3.51,20.16,137.44,0,0,86.28
0.4,50.84,3.64,20.33,137.64,0,0,85.99
0.37,50.82,3.53,20.44,142.11,0,0,86.61
0.37,50.57,3.51,20.61,141.37,0,0,86.92
0.4,50.87,3.58,20.63,143.21,0,0,87.18
0.6,50.9,3.66,20.62,145.04,0,0,87.43
0.58,51.22,3.56,20.7,143.87,0,0,87.48
0.57,50.81,3.47,20.82,140.7,0,0,87.4
0.5,51.05,3.62,20.8,142.75,0,0,87.76
0.5,51.11,3.61,20.91,141.81,0,0,87.3
0.48,50.12,3.66,20.82,140.52,0,0,87.36
0.46,49.66,3.64,20.94,144.65,0,0,89.7
0.31,50.38,3.62,20.48,141.82,0,0,88.8
0.28,49.91,3.68,20.46,143.01,0,0,88.77
0.28,49.1,3.71,20.09,140.18,0,0,88.04
0.28,48.52,3.69,19.54,139.96,0,0,87.72
0.29,47.28,3.61,19,138.3,0,0,86.31
0.29,47.16,3.48,19.07,137.67,0,0,87.18
0.29,48.41,3.5,19.18,139.28,0,0,87.82
0.29,48.85,3.61,19.4,142.94,0,0,90.15
0.25,49.03,3.67,19.15,139.93,0,0,89.1
0.28,48.17,3.68,18.87,138.6,0,0,86.96
0.3,48.04,3.69,19.19,141.4,0,0,86.63
0.3,48.2,3.81,19.4,142.63,0,0,87.66
0.28,49.2,3.85,19.79,143.68,0,0,89.09
0.36,49.66,3.86,19.63,143.02,0,0,88.87
0.47,49.91,3.88,19.54,142.7,0,0,88.4
0.46,50.06,3.89,19.63,143.25,0,0,88.59
0.3,50.01,3.89,19.73,144.2,0,0,89.35
0.24,49.77,3.91,19.68,144.17,0,0,88.97
0.24,49.56,3.9,19.41,142.43,0,0,87.9
0.25,48.9,3.87,19.12,140.29,0,0,87.04
0.25,48.41,3.81,19,140.73,0,0,87.05
0.24,48.72,3.79,19.08,143.67,0,0,87.92
0.24,48.97,3.89,18.95,143.14,0,0,87.88
0.24,48.13,3.84,18.9,149.54,0,0,87.28
0.24,47.69,3.92,18.6,147,0,0,86.7
0.32,47.96,3.87,18.98,147.07,0,0,89.16
0.31,48.57,3.98,19.03,147.03,0,0,89.11
0.3,48.87,3.98,18.98,144.12,0,0,88.31
0.3,47.8,3.97,19.26,143.36,0,0,87.86
0.29,47.22,4.01,18.75,142.77,0,0,86.28
0.28,47.47,3.94,18.66,144,0,0,86.9
0.28,47.92,3.91,18.73,145.68,0,0,87.51
0.28,46.83,3.94,18.46,145.15,0,0,85.89
0.28,47.02,3.94,18.47,143.45,0,0,85.8
0.29,47.62,3.92,18.91,148.77,0,0,86.87
0.24,48.03,3.9,18.63,148.26,0,0,86.72
0.24,48.38,3.97,18.59,148.5,0,0,87.31
0.29,49.44,4.17,18.57,146.12,0,0,88.09
0.28,49.5,4.13,18.82,151.83,0,0,89.07
0.32,51.19,4.14,19.19,152.41,0,0,90.01
0.24,50.77,4.12,19.39,154.38,0,0,89.38
0.6,50.65,4.11,19.19,152.55,0,0,89.34
0.53,49.99,4.14,18.95,150.35,0,0,89.77
0.45,49.3,4.26,18.84,146.81,0,0,89.1
0.27,48.95,4.27,18.76,137.95,0,0,89.55
0.27,49.01,4.27,18.31,134.99,0,0,89.75
0.25,49.13,4.3,18.11,136.1,0,0,90.05
0.42,48.51,4.37,18.33,138.83,0,0,89.23
0.38,48.35,4.33,17.9,135.65,0,0,88.33
0.28,48.71,4.32,18.26,138.01,0,0,89.06
0.25,49.59,4.37,18.23,138.77,0,0,89.56
0.4,50.5,4.37,18.13,139.35,0,0,90.11
0.4,51.09,4.51,18.48,142,0,0,91.21
0.4,50.56,4.51,18.46,140.33,0,0,91.63
0.37,50.31,4.55,18.52,139.55,0,0,91.94
0.38,50.75,4.64,18.51,140.59,0,0,92.53
0.38,50.48,4.7,18.52,139.49,0,0,92.07
0.38,50.37,4.65,18.77,139.1,0,0,91.47
1.25,50.94,4.4,19.08,143.64,0,0,92.47
0.6,51.44,4.47,19.02,142.04,0,0,91.45
0.62,51.57,4.52,19.11,141.42,0,0,91
0.63,52.54,4.49,18.62,144.51,0,0,91.5
0.62,52.13,4.58,18.39,143.76,0,0,91.56
0.61,51.99,4.69,18.87,144.45,0,0,93.27
0.6,53.12,4.7,19.19,143.89,0,0,94.45
0.6,52.66,4.62,19.42,138.77,0,0,93.89
0.51,52.72,4.48,19.26,139.97,0,0,94.46
0.46,53.13,4.56,19.38,140.28,0,0,96.01
0.51,52.37,4.66,19.22,140.5,0,0,96.87
0.4,53.55,4.62,19.13,142.06,0,0,96.48
0.42,53.87,4.68,18.84,141.9,0,0,96.42
0.42,54.24,4.66,18.93,144.12,0,0,96.46
0.48,54.08,4.47,19.09,144.58,0,0,97.22
0.42,53.09,4.44,18.89,146.9,0,0,98.87
0.42,52.26,4.33,18.82,147.06,0,0,98.23
0.42,52.22,4.32,18.72,147.19,0,0,98.57
0.39,52.32,4.21,18.52,149.42,0,0,96.74
0.36,53.12,4.35,18.58,150.14,0,0,97.05
0.36,52.48,4.31,18.49,149.95,0,0,97.59
0.38,51.84,4.21,18.5,149.67,0,0,97.57
0.4,51.82,4.21,18.58,149.39,0,0,97.87
0.42,52.48,4.33,18.68,149.74,0,0,98.86
0.42,53.53,4.46,18.84,151.63,0,0,98.73
0.42,53.73,4.64,18.78,151.13,0,0,98.12
0.39,53.65,4.63,18.67,152.72,0,0,99.74
0.37,53.83,4.68,18.91,151.47,0,0,100.35
0.38,54.09,4.73,18.3,151.51,0,0,100.26
0.39,54.19,4.76,18.14,160.34,0,0,101.19
0.39,54.49,4.77,17.78,157.4,0,0,100.56
0.42,55.03,4.69,17.81,158.98,0,0,100.86
0.4,55.08,4.69,17.67,157.46,0,0,100.33
0.36,54.75,4.79,17.8,156.98,0,0,101.61
0.37,54.99,4.75,17.76,156.13,0,0,100.32
0.43,55.3,4.65,17.62,156.83,0,0,99.75
0.43,55.59,4.62,17.69,156.71,0,0,100.12
0.36,56.22,4.76,17.72,158.01,0,0,100.86
0.43,56.26,4.75,17.61,157.31,0,0,99.27
0.44,56.03,4.68,17.62,156.06,0,0,98.12
0.37,54.84,4.66,17.29,155.26,0,0,96.43
0.44,54.29,4.76,17.2,154.85,0,0,96.93
0.43,54.67,4.83,17.39,156.82,0,0,97.54
0.44,54.49,4.91,17.5,156.28,0,0,97.22
0.48,54.67,4.98,17.38,156.68,0,0,97.28
0.44,54.98,5.08,17.35,155.58,0,0,97.38
0.42,54.77,4.92,17.78,156.1,0,0,98.15
0.42,54.7,5.08,17.38,157.83,0,0,98.57
0.4,54.59,4.84,17.21,158.47,0,0,98.53
0.37,54.4,4.82,17.2,158.86,0,0,98.81
0.42,55.05,4.79,17.13,159.19,0,0,99.18
0.46,55.17,4.73,17.19,159.64,0,0,100.34
0.42,55.36,4.82,17.13,161.14,0,0,100.38
0.36,55.71,5.05,17.28,163.5,0,0,101.89
0.36,55.76,5.04,17.26,162.93,10.15,0,101.8
0.36,55.3,5.24,17.51,161.9,10.28,0,102.22
0.36,55.49,5.07,17.35,161.42,10.98,0,100.87
0.37,55.63,5.06,17.65,162.51,11.72,0,101.71
0.36,55.02,5.18,17.46,158.14,11.97,0,99.83
0.32,54.73,5.11,17.13,154.61,11.77,0,98.94
0.32,53.68,5.08,17.32,156.09,10.4,0,98.37
0.32,54.47,5.15,17.24,154.06,10.37,0,98.02
0.32,54.06,5.25,17.27,154.31,10.65,0,98.31
0.32,54.78,5.08,17.56,157.63,10.5,0,98.84
0.39,54.93,5.04,17.5,156.82,10.98,0,99.05
0.36,54.97,4.97,17.47,157.9,10.91,0,99.01
0.39,55.24,5.06,17.58,157.85,10.77,0,99.18
0.36,55.36,4.97,17.63,155.34,10.5,0,98.75
0.36,55.19,4.91,17.66,153.2,10.33,0,98.67
0.32,54.74,4.95,17.77,153.71,10.39,0,99.37
0.39,54.43,4.9,17.93,154.11,10.35,0,99.23
0.39,55.25,4.94,18.16,153.4,10.58,0,101.11
0.39,56.11,4.97,18.12,155.09,9.7,0,100.29
0.36,56.21,4.99,18.12,151.14,9.77,0,100.44
0.36,56.18,4.94,18.2,154.09,9.45,0,101.71
0.35,56.15,4.84,18.26,154.12,8.9,0,101.8
0.39,55.41,4.8,18.25,153.45,8.28,0,101.31
0.35,54.48,4.82,18.33,152.89,7.78,0,100.55
0.39,53.48,4.83,18.36,157.11,7.94,0,99.89
0.39,53.87,4.57,18.37,156.28,7.39,0,99.69
0.39,54.45,4.5,18.51,156.76,7.25,0,100.15
0.43,54.08,4.5,17.98,154.06,7.45,0,100.72
0.39,55.63,4.5,17.79,154.4,9.48,0,101.58
0.39,55.8,4.71,17.9,154.84,10.33,0,100.88
0.39,55.91,4.71,17.82,153.67,10.06,0,101.03
0.39,56.16,4.65,17.93,155.99,9.79,0,101.89
0.37,57.62,4.69,17.86,152.62,10.22,0,97.71
0.37,58.53,4.67,17.84,153.11,9.27,0,98.22
0.37,59.86,4.88,17.88,157.7,9.97,0,98.54
0.37,61.66,4.82,18.21,159.39,9.94,0,98.61
0.3,63.61,4.9,18.44,165.43,10.31,0,101.74
0.3,64.09,4.85,18.49,163.58,10.07,0,101.23
0.3,64.43,4.84,18.37,164.11,10.13,0,101.28
0.3,66.13,4.92,18.31,165.96,10.28,0,102.2
0.35,64.36,5.03,18.41,165.37,10.07,0,102.38
0.33,64.98,5.13,18.3,166.02,10,0,101.8
0.33,64.33,5.18,18.49,165.97,10.05,0,103.09
0.3,64.63,5.11,18.44,164.19,10.31,0,103.41
0.3,63.57,5,18.4,163.71,10.37,0,102.9
0.3,63.27,5.13,18.54,163.52,10.39,0,103.21
0.3,62.82,5.12,18.51,162.87,10.35,0,103.18
0.3,63.51,5,18.55,163.08,10.95,0,103.62
0.39,62.74,5.06,18.43,163.13,11.59,0,103
0.37,62.94,5.1,18.4,164.04,11.12,0,99.89
0.43,63.05,5.33,18.53,166.34,10.52,0,99.64
0.39,62.71,5.48,18.38,165.37,11.36,0,99.41
0.37,63.23,5.5,18.43,167.66,11.1,0,99.83
0.36,63.1,5.32,18.49,166.31,11.24,0,99.73
0.35,62.81,5.04,18.39,165.39,11.22,0,98.96
0.32,62.34,4.92,18.25,163.04,11.21,0,97.33
0.32,62.82,4.89,18.27,163.57,11.11,0,99.17
0.32,63.37,4.81,18.18,164.66,11.16,0,100.32
0.27,63.03,4.84,18.03,164.01,10.78,0,100.11
0.32,63.32,4.92,17.76,162.63,10.86,0,99.98
0.3,61.77,4.89,17.86,162.66,10.73,0,99.03
0.3,63.21,4.89,17.75,163.65,10.75,0,99.04
0.3,63.46,4.82,17.88,163.06,10.87,0,98.9
0.3,62.52,4.74,17.92,162.64,10.85,0,98.55
0.32,63.05,4.65,17.87,164.65,10.93,0,98.4
0.31,63.82,4.7,17.86,166.14,9.26,0,99.17
0.31,65.48,4.7,17.94,165.17,10.23,0,98.87
0.31,65.29,4.68,17.97,165.48,11.34,0,99
0.3,65.43,4.61,17.84,164.96,12.8,0,98.61
0.31,65.25,4.6,17.8,164.48,11.08,0,99.48
0.31,64.98,4.69,17.84,165.28,11.68,0,100.28
0.31,63.52,4.8,17.9,165.3,11.64,0,100.33
0.31,64.01,4.84,17.94,165.5,11.16,0,99.93
0.3,64.22,4.77,17.9,165.8,11.6,0,100.18
0.31,63.74,4.76,18.15,166.38,12.57,0,100.39
0.3,63.06,4.71,18.16,166.64,13.04,0,100.17
0.3,63.27,4.74,18.26,166.67,13,0,99.82
0.3,63.19,4.67,18.17,165.68,13.14,0,99.14
0.31,62.85,4.61,18.21,166.82,13.07,0,100.26
0.28,62.5,4.54,18.27,166.18,12.82,0,100
0.28,62.09,4.57,18.36,164.17,12.97,0,99.93
0.3,61.91,4.44,18.39,164.85,12.86,0,100.61
0.3,63.92,4.5,18.72,167.02,13.09,0,101.78
0.29,63.11,4.54,19,167.7,13.85,0,102.43
0.28,62.72,4.58,19.18,166.96,14.43,0,102.38
0.28,63.29,4.49,19.35,166.09,14.69,0,102.1
0.27,62.82,4.43,19.28,165.54,16,0,101.33
0.27,61.68,4.35,18.73,162.39,15.71,0,97.57
0.27,61.71,4.28,19.08,164.82,15.28,0,100.6
0.28,61.9,4.26,18.81,161.35,14.23,0,98.93
0.28,61.4,4.33,18.82,162.67,12.92,0,98.63
0.27,62.17,4.44,18.89,166.45,13.41,0,99.75
0.27,61.9,4.44,18.91,164.65,13.09,0,98.82
0.27,62.55,4.62,18.74,162.71,13.05,0,98.8
0.27,63.21,4.54,18.72,162.86,13.3,0,99.2
0.27,63,4.57,18.95,165.76,13.51,0,100.66
0.27,63.87,4.62,19.15,166.08,13.89,0,101.71
0.27,64.87,4.63,19.08,166.65,13.5,0,101.55
0.27,64.19,4.55,18.75,165.67,12.93,0,99.18
0.23,64.33,4.55,18.74,165.96,12.5,0,99.33
0.23,64.93,4.53,18.81,165.29,12.25,0,99.41
0.28,64.97,4.44,18.53,163.71,12.16,0,97.76
0.27,64.77,4.42,18.6,166.49,12.09,0,97.18
0.25,65.45,4.61,18.2,165.5,12.96,0,97.38
0.25,66.28,4.76,17.93,165.7,12.64,0,96.1
0.25,64.12,4.76,17.56,168.6,12.47,0,95.67
0.22,63.88,4.75,17.6,171.03,12.5,0,95.64
0.27,64.01,4.68,17.56,168.81,12.44,0,96.02
0.23,63.82,4.62,17.88,171.28,12.41,0,96.25
0.27,64.15,4.58,17.47,169.74,12.3,0,95.53
0.27,63.58,4.56,17.62,170.01,12.27,0,96.1
0.27,64.12,4.61,17.58,169.01,12.26,0,96.22
0.27,64.18,4.65,17.48,169.51,12.24,0,95.84
0.27,63.29,4.63,17.54,167.13,12.5,0,95.5
0.28,63.02,4.7,17.54,167.19,12.49,0,96.61
0.28,62.74,4.71,17.48,167.31,12.52,0,95.98
0.25,63.09,4.63,17.36,166.95,12.66,0,95.56
0.27,61.29,4.68,17.93,167.45,13.49,0,96.32
0.27,61.45,4.71,18.1,169.54,13.48,0,96.91
0.25,61.98,4.63,17.86,168.19,13.12,0,96.59
0.25,60.2,4.63,17.77,166.52,12.5,0,96.05
0.25,60.56,4.71,17.86,165.67,12.44,0,95.78
0.25,61.86,4.69,17.93,166.05,12.65,0,96.35
0.3,61.62,4.82,18.11,167.09,12.5,0,96.44
0.3,60.71,4.83,17.92,163.45,12.9,0,96.08
0.31,60.27,4.85,17.68,163.68,12.89,0,96.06
0.31,60.02,4.66,18.22,160.05,12.94,0,96.22
0.31,59.38,4.76,17.77,159.61,12.99,0,95.5
0.32,59.7,4.72,18.12,165.96,12.9,0,97.33
0.3,60.1,4.82,18.27,166.68,13.29,0,97.89
0.31,58.84,4.77,18.34,153.83,15.01,0,94.31
0.31,55.93,4.82,17.98,152.88,14.56,0,90.5
0.36,56.57,4.58,17.91,152.45,15.08,0,88.95
0.31,56.23,4.38,17.89,147.97,15.08,0,87.32
0.32,56.49,4.34,18.05,152.46,15.03,0,87.5
0.4,56.19,4.47,18.11,153.35,13.55,0,87.92
0.37,56.64,4.47,18.22,154.79,12.43,0,89.29
0.37,57.26,4.48,18.28,155.11,13.83,0,89.09
0.36,57.23,4.47,18.38,157.41,14.12,0,89.62
0.33,57.39,4.58,18.56,156.53,14.52,0,89.99
0.33,57.39,4.58,18.37,154.56,14.06,0,88.9
0.33,57.43,4.45,18.38,155.07,14.1,0,88.61
0.33,58.07,4.43,18.5,156.31,14.49,0,89.25
0.36,58.44,4.46,18.47,156.35,14.48,0,90.26
0.36,58.52,4.48,18.39,155.84,14.09,0,90.61
0.33,57.72,4.62,18.45,150.98,14.52,0,88.34
0.36,56.6,4.62,17.77,145.28,14.24,0,87.77
0.36,57.1,4.71,17.77,146.07,14.32,0,88.12
0.33,57.08,4.8,17.97,148.88,14.48,0,87.77
0.33,56.74,4.79,18.12,148.02,14.48,0,88.19
0.36,57.18,4.65,18.73,149.84,14.5,0,89.85
0.37,57.44,4.79,18.94,151.08,14.42,0,89.39
0.36,58.06,4.75,19.04,152.85,13.58,0,90.25
0.36,57.37,4.73,19.34,153.44,12.9,0,90.86
0.38,58.5,4.75,19.33,155.24,13.79,0,92.03
0.37,58.7,4.76,19.15,155.63,13.2,0,90.72
0.53,59.28,4.71,19.12,156.27,13.16,0,89.89
0.54,59.21,4.65,19.52,157.73,12.84,0,91.31
0.44,59.81,4.54,19.25,156.78,12.57,0,91.48
0.57,59.84,4.47,19.37,150.5,12.15,0,90.71
0.51,59.91,4.41,19.45,151.7,12.81,0,91.31
0.51,59.77,4.32,19.3,148.75,12.94,0,91.61
0.51,59.87,4.31,19.38,150.76,13.11,0,91.58
0.5,59.89,4.38,19.43,151.46,13.41,0,91.6
0.51,59.86,4.47,19.44,151.13,13.22,0,91.34
0.51,59.99,4.53,19.55,152.4,12.57,0,90.95
0.44,60.37,4.55,19.71,153.76,12.97,0,91.74
0.42,60.7,4.54,19.65,153.4,12.31,0,91.52
0.46,60.75,4.52,19.58,152.27,12.05,0,91.5
0.58,60.58,4.52,19.58,154.68,12.54,0,91.23
0.65,60.35,4.57,19.6,158.04,13.22,0,90.4
0.69,60.16,4.66,19.55,146.76,13.05,0,91.14
0.55,60.08,4.58,19.64,149.46,12.96,0,91.85
0.42,61.4,4.52,19.35,150.3,13.15,0,91.32
0.34,61.37,4.49,19.44,149.26,12.63,0,90.52
0.31,61.9,4.48,19.38,148.99,12.75,0,90.44
0.32,61.8,4.52,19.3,147.52,12.83,0,90.5
0.35,62.13,4.48,19.27,149.31,12.99,0,90.4
0.4,62.55,4.49,19.06,152.82,13.08,0,91.09
0.45,60.16,4.47,19.28,153.76,13.06,0,92.37
0.5,60.87,4.47,20.05,150.48,12.99,0,93.5
0.53,62.18,4.5,19.66,149.61,12.97,0,93.86
0.54,62.53,4.44,19.72,150.09,13.14,0,94.56
0.55,62.62,4.51,19.61,151.62,13.11,0,94.79
0.53,63.05,4.53,19.61,153.06,12.87,0,95.79
0.43,64.28,4.49,19.63,154.1,13.22,0,96.39
0.44,64.75,4.5,19.46,149.99,13.29,0,96.36
0.53,64.64,4.47,19.39,148.93,13.21,0,96.32
0.57,64.31,4.46,19.26,148.34,13.29,0,95.93
0.51,64.35,4.39,19.04,149.78,13.28,0,96.13
0.5,63.91,4.45,19.09,149.87,13.14,0,96.02
0.53,64.49,4.41,19.13,149.29,13,0,98.86
0.45,65.21,4.39,19.47,149.1,13,0,101.11
0.45,65.48,4.39,19.41,149.79,13.07,0,100
0.5,65.44,4.44,19.34,152.03,13.03,0,101.63
0.5,66.02,4.44,19.32,154.59,13.08,0,102.64
0.46,65.95,4.43,19.48,155.71,13.01,0,102.77
0.7,65.78,4.4,19.56,155.49,13,0,102.65
0.7,65.58,4.4,19.51,155.5,12.64,0,102.73
0.77,64.75,4.39,19.4,155.89,13.22,0,102.58
0.77,65.21,4.38,19.43,156.21,13.08,0,102.93
0.93,65.37,4.36,19.48,158.5,13.05,0,103.01
0.86,65.73,4.33,19.52,161.32,13.24,0,103.64
0.86,65.45,4.3,19.54,160.69,13.4,0,104.35
0.9,65.59,4.28,19.59,160.08,13.34,0,104.51
0.83,65.67,4.42,19.68,160.18,13.04,0,104.51
0.82,66.46,4.48,19.69,153.6,13.05,0,106.52
0.81,66.61,4.62,19.74,158.88,13.21,0,107.71
0.86,66.88,4.67,19.85,157.76,13.18,0,108.76
1.16,66.76,4.68,19.69,158.81,13.17,0,109.49
1.08,67.79,4.59,20.02,159.63,13.26,0,110.21
0.93,67.74,4.68,18.8,158.42,13.28,0,109.79
0.98,67.11,4.6,18.44,158.76,13.23,0,110.22
1.05,66.75,4.5,18.35,157.8,13.25,0,109.89
0.91,67.11,4.47,18.19,157.19,13.21,0,110.54
0.98,67.03,4.46,18.24,156.44,13.4,0,109.73
1.05,66.99,4.52,18.37,155.83,13.32,0,110.3
1.06,67.12,4.51,18.58,157.57,13.27,0,110.58
1.04,67.51,4.47,18.5,158.37,13.78,0,111.04
1.04,67.92,4.58,17.99,159.11,13.91,0,110.75
1.04,68.12,4.58,17.92,162.09,14.08,0,112.42
1.01,67.64,4.62,18.03,162.04,14.42,0,112.7
1.01,68.21,4.63,18.19,161.7,14.86,0,112.84
1.15,68.14,4.65,17.75,162.55,15.5,0,114.02
1.1,68.17,4.68,17.54,164.61,15.06,0,113.49
1.03,68.05,4.65,17.16,164.2,15.29,0,113
1.14,67.96,4.67,17.33,162.72,15.59,0,112.95
1.31,69.31,4.63,17.36,164.11,15.48,0,111.8
1.25,68.68,4.61,17.32,163.75,15.86,0,112.39
1.28,68.58,4.6,17.47,162.46,15.44,0,112.8
1.42,69.85,4.65,17.6,163.7,15.34,0,113.43
1.86,69.76,4.74,17.94,162.45,15.19,0,113.52
1.73,69.63,4.67,17.97,162.1,15.6,0,112.93
1.65,69.48,4.76,17.85,161.67,15.72,0,112.92
1.78,69.48,4.81,17.76,161.51,15.64,0,113.47
1.78,69.86,4.83,17.6,161.4,15.58,0,113.18
1.75,69.51,4.83,17.6,171.75,15.77,0,112.59
1.73,70.36,4.84,17.59,170.39,15.94,0,113.61
1.73,70.21,4.76,17.87,171.29,16.26,0,113.08
1.57,70.82,4.66,17.99,170.36,16.11,0,113.45
1.61,70.69,4.61,17.88,169.96,16.01,0,113.78
1.68,70.7,4.6,17.98,168.98,16.14,0,113.07
1.68,70.61,4.59,18.11,168.76,16.09,0,113.63
1.67,70.14,4.59,18.23,170.12,16.02,0,114.8
1.74,69.13,4.61,18.3,172.19,16.07,0,115.22
1.89,68.1,4.56,18.3,171.94,15.98,0,113.93
1.86,68.54,4.52,18.34,172.95,16.04,0,109.98
1.82,68.3,4.56,18.3,172.1,16.06,0,109.64
1.8,69.98,4.56,18.69,173.04,17.11,0,112.39
1.75,69.5,4.58,18.56,172.58,16.51,0,113.1
1.75,69.72,4.68,18.61,170.47,16.3,0,111.17
1.85,68.77,4.72,18.81,171.09,16.37,0,110.21
1.87,68.51,4.72,18.76,172.58,15.83,0,110.83
1.71,68.95,4.73,18.68,172.13,16.15,0,110.58
1.61,69.17,4.77,18.71,174.61,16.15,0,110.43
1.73,68.73,4.82,18.72,173.77,15.95,0,110.59
1.68,68.83,4.83,18.66,177.24,15.87,0,111.2
1.7,69.44,5.07,19.09,178.53,15.77,0,112.25
1.57,69.88,4.97,18.33,179.52,15.14,0,112.63
1.58,69.76,5.06,18.22,177.78,15.09,0,111.92
1.68,69.84,5.04,18.43,177.57,16.14,0,110.84
1.71,70.14,5.12,18.39,178.31,16.1,0,111.21
1.58,71.03,5.25,18.36,178.56,15.4,0,111.7
1.61,70.85,5.23,18.45,180.27,15.58,0,112.37
1.42,72.31,5.01,18.38,182.21,15.51,0,113.52
1.31,71.98,4.99,18.12,180.72,15.42,0,113.76
1.44,70.74,5.11,17.97,180.84,15.51,0,113.59
1.36,70.94,5.43,18.1,182.9,15.62,0,114.75
1.4,71.81,5.28,18.37,184.09,16.94,0,116.22
1.36,71.23,5.19,18.5,180.9,16.79,0,116.47
1.31,71.39,5.24,18.74,178.82,16.62,0,117.42
1.13,72.18,5.29,18.81,180.04,16.24,0,119.48
1.15,73.44,5.27,18.86,180.93,16.32,0,119.82
1.27,73.01,5.21,18.8,180.42,16.26,0,119.96
1.06,72.29,5.24,18.74,180.53,16.34,0,119.97
1.08,72.64,5.26,18.8,182.76,16.77,0,119.81
1.04,72.35,5.3,18.94,184.65,16.68,0,120.91
1.06,73.28,5.32,19.14,184.55,16.58,0,121.78
1.18,73.29,5.3,19.12,184.46,16.37,0,121.96
1.21,74.12,5.28,18.97,185.79,16.77,0,122
1.07,73.34,5.36,19.01,184.5,16.82,0,122.3
1.12,72.39,5.33,19.3,183.45,16.76,0,121.09
1.11,72.48,5.37,19.37,181.03,16.61,0,120.12
1.13,71.74,5.54,19.13,179.14,15.36,0,119.18
1.13,71.12,5.52,19.17,179.56,15.74,0,118.69
1.14,71.61,5.61,19.21,179.95,15.32,0,119.7
1.13,71.45,5.7,19.19,180.32,15.38,0,120.51
1.11,72.24,5.63,18.65,180.85,15.55,0,121.84
1.07,73.12,5.68,18.89,183.35,15.56,0,122.87
0.9,73.13,5.64,18.74,184.61,15.25,0,122.13
0.96,73.02,5.57,18.62,184.57,16.3,0,120.2
1.03,72.06,5.56,18.64,184.13,16.02,0,119.71
1.04,72,5.6,18.81,184.58,16.3,0,119.53
1.05,71.94,5.68,18.87,182.5,15.56,0,119.51
0.95,71.31,5.77,18.6,182.35,15.55,0,118.21
1.1,70.28,5.85,18.8,183.93,15.88,0,118.93
1.01,68.76,5.89,18.43,193.97,15.53,0,117.14
0.99,68.76,5.88,18.4,193.75,15.34,0,117.47
0.99,68.79,5.78,18.29,191.86,15.17,0,116.89
0.99,68,5.57,18.25,192.6,15.08,0,117.55
0.91,69.06,5.38,18.12,193.9,14.96,0,118.59
0.92,68.1,5.53,17.85,193.8,14.82,0,118.37
0.97,68.56,5.43,18.03,193.56,14.99,0,117.91
0.93,68.43,5.44,17.92,193.85,14.92,0,118.2
0.9,68.05,5.39,17.99,193.98,15.17,0,117.22
0.88,69.33,5.56,18.21,197.11,15.18,0,118.27
0.91,69.48,5.6,18.04,196.32,15,0,117.53
0.95,69.33,5.41,18.18,198.32,15.15,0,119.15
1.13,69.68,5.39,18.18,196.6,15.05,0,119.01
1.13,68.8,5.45,18.05,197.18,15.19,0,119.62
1.22,69.46,5.42,18.25,198.3,15.5,0,121.58
1.38,71.26,5.41,18.28,198.17,15.41,0,119.95
1.44,72.04,5.37,18.42,198.49,15.06,0,119.6
1.55,71.1,5.46,18.38,196.33,14.6,0,119.08
1.6,69.39,5.44,18.36,193.96,14.81,0,117.87
1.64,69.92,5.42,18.33,193.49,15.62,0,117.61
1.64,69.9,5.54,18.44,194.41,15.69,0,118.22
1.66,65.15,5.67,17.57,194.83,15.66,0,118.53
1.65,61.91,5.4,17.39,193.64,15.42,0,116.75
1.67,63.47,5.13,17.42,194.78,15.41,0,115.82
1.57,63.76,5,17.23,193.57,15.02,0,114.49
1.38,65.74,5.05,17.18,193.06,14.77,0,114.53
1.5,66.42,5.09,17.92,193.82,15.12,0,114.82
1.5,66.4,4.95,18.18,194.97,15.25,0,115.86
1.45,65.55,4.88,18.58,194.69,15.21,0,114.7
1.38,65.37,4.71,17.99,195.48,15.08,0,115.46
1.36,64.41,4.76,18.26,194.69,16,0,114.13
1.37,63.79,4.68,18.24,195.66,17.07,0,114.87
1.34,63.66,4.75,18.44,197.06,15.99,0,114.71
1.35,64.5,4.78,18.56,198.66,15.68,0,116.87
1.55,64.74,5.04,18.57,198.57,16.59,0,117.81
1.51,63.47,5.23,18.43,197.08,16.39,0,115.9
1.43,62.42,5.25,18.26,197.92,16.79,0,115.31
1.36,62.75,5.13,18.48,198.1,16.88,0,116.25
1.45,62.71,5.05,18.36,196.76,16.97,0,116.21
1.45,62.11,5.05,18.26,196.8,17,0,115.45
1.4,63.58,5.06,18.28,196.9,17.07,0,114.5
1.42,63.51,5.11,18.35,198.34,17.02,0,114.89
1.35,62.91,5.09,18.35,197.73,16.94,0,115.5
1.33,62.42,5.08,18.37,198.4,16.98,0,116.59
1.33,62.44,4.89,18.42,199.47,17.23,0,116.4
1.42,63.45,4.91,18.66,200.13,17.21,0,116.91
1.43,63.32,4.88,18.82,200.03,17.02,0,117.82
1.43,63.16,4.77,18.88,200.12,16.62,0,117.74
1.46,62.77,4.69,18.66,201.06,16.34,0,117.65
1.36,63.21,4.74,18.26,202.51,16.38,0,118.61
1.35,64.41,4.77,18.52,202.22,16.39,0,118.91
1.31,64.58,4.71,18.64,202.47,16.75,0,117.14
1.36,64.33,4.7,18.8,203.7,17.09,0,117.95
1.31,63.07,4.66,18.78,204.62,17.03,0,117.05
1.33,63.24,4.66,18.82,204.48,16.9,0,116.74
1.33,61.64,4.92,18.94,204.41,17.06,0,116.88
1.31,62.27,4.84,18.71,203.47,16.75,0,115.77
1.34,61.79,4.81,19.02,203.95,17.44,0,116.13
1.4,61.06,4.78,18.58,202.28,17.61,0,115.4
1.38,60.5,4.9,18.42,201.76,17.43,0,113.47
1.52,59.96,4.9,18.23,201.05,17.18,0,112.92
1.55,60.58,4.83,18.25,201.69,17.37,0,112.43
1.82,60.22,4.77,18.35,200.55,17.18,0,113.28
2.02,61.08,4.66,18.67,200.45,17.17,0,112.25
1.91,61.79,4.66,18.88,199.84,17.07,0,111.65
1.63,61.09,4.66,18.96,199.29,16.97,0,111.8
1.71,61.39,4.67,18.58,199.46,17.01,0,111.02
1.52,61.96,4.6,18.72,199.45,17.24,0,110.9
1.5,61.83,4.68,18.73,199.13,17.23,0,110.21
1.63,62.21,4.72,18.69,201.28,17.4,0,111.48
1.68,61.81,4.69,18.69,209.3,17.1,0,111.65
1.59,62.8,4.72,18.55,210.11,17.29,0,111.34
1.68,63.3,4.82,18.59,208.19,17.44,0,113.37
1.57,64.21,4.7,18.8,207.98,17.93,0,115.14
1.55,64.58,4.69,18.84,207.75,18.14,0,114.2
1.52,64.12,4.66,18.91,207.5,18.69,0,114.53
1.49,63.82,4.56,18.94,208.56,18.63,0,114.03
1.49,63.71,4.58,18.78,210.46,18.65,0,113.52
1.49,63.91,4.58,18.75,213.63,18.8,0,112.65
1.48,63.99,4.56,18.79,211.83,18.66,0,112.52
1.45,63.41,4.48,18.81,211.99,18.52,0,108.17
1.36,63.71,4.44,18.78,211.25,18.17,0,109.52
1.36,63.94,4.46,18.67,211.72,18.02,0,109.4
1.36,63.38,4.41,18.59,212.69,18.16,0,108.57
1.41,63.62,4.47,18.75,212.5,17.8,0,107.02
1.39,65.23,4.59,18.83,211.77,17.96,0,106.95
1.34,65.98,4.75,18.93,211.9,17.95,0,105.97
1.29,64.59,4.82,18.72,213.02,17.55,0,104.72
1.24,63.98,4.97,18.86,219.07,17.53,0,104.65
1.2,64.24,5.1,18.92,216,17.41,0,103.76
1.16,65.28,5.11,18.78,214.35,17.29,0,102.82
1.2,65.61,5.23,18.78,215.94,17.13,0,102.7
1.4,65.14,5.25,18.59,215.76,16.98,0,102.17
1.36,64.78,5.45,19.02,215.38,16.47,0,103.01
1.41,65.12,5.43,18.96,217.7,16.04,0,103.08
1.44,65.03,5.49,19.32,218.12,15.6,0,102.47
1.34,64.49,5.46,19.76,218.65,15.66,0,103.04
1.31,64.86,5.61,19.66,220.73,15.9,0,103.51
1.27,64.37,5.4,19.69,218.15,16.3,0,102.72
1.25,64.24,5.5,19.72,217.21,16.17,0,102.06
1.18,65.08,5.77,19.99,217.37,16.89,0,102.69
1.22,65.46,5.54,19.95,216.39,16.77,0,102.65
1.29,65.71,5.71,19.91,217.54,17.06,0,102.56
1.28,66.87,5.6,20.22,219.84,17.37,0,103.37
1.19,66.07,5.54,20.19,220.45,17.5,0,103.54
1.15,66.28,5.55,20.23,221.68,17.48,0,103.47
1.15,65.74,5.64,20.34,221.82,17.38,0,103.17
1.15,65.27,5.64,20.37,220.14,17.28,0,102.73
1.12,65.27,5.67,20.34,220.02,17.33,0,102.9
1.1,63.13,5.69,20.31,214.41,17.52,0,102.68
1.08,61.6,5.44,20.41,217.47,17.46,0,102.81
1.1,62.84,5.46,20.57,218.52,17.62,0,103.68
1.08,62.99,5.63,20.83,216.34,17.28,0,104.58
1.04,63.72,5.7,20.78,216.79,17.25,0,105.46
0.96,66.04,5.7,20.89,216.93,17.56,0,107.62
1.03,65.13,5.68,20.83,216.88,17.54,0,106.7
1.16,64.88,5.72,20.79,217.96,17.47,0,106.59
1.12,65.71,5.67,20.75,219.37,17.5,0,106.04
1.06,66.25,5.59,20.67,220.04,17.66,0,107.31
1.13,66.05,5.57,20.72,218.59,17.99,0,108.32
1.2,64.71,5.57,20.58,222.75,17.77,0,107.68
1.22,65.24,5.58,20.27,224.42,18.07,0,109.64
1.27,65.15,5.75,20.46,222.5,18.15,0,107.99
1.27,65.61,5.75,20.15,223.18,17.85,0,108.11
1.29,64.66,5.65,20.36,223.49,17.99,0,104.37
1.25,65.87,5.75,20.24,224.6,17.89,0,104.79
1.19,65.29,5.75,20.26,223.8,18.15,0,104.66
1.15,65.22,5.74,20.42,224.42,18.14,0,104.1
1.13,65.75,5.77,20.47,225.53,18.41,0,104.11
1.15,65.75,5.78,20.34,225.92,19.52,0,104.7
1.22,65.09,5.81,20.33,227.96,20.6,0,104.81
1.33,65.91,5.95,20.31,228.6,21.12,0,105.67
1.46,65.62,5.92,20.39,227.45,21.05,0,105.26
1.49,64.89,5.79,20.37,226.75,20.82,0,104.45
1.34,64.84,5.78,20.04,227.62,20.71,0,104.25
1.18,64.55,5.96,19.69,225.77,20.48,0,103.49
1.13,65.29,6.02,19.86,219.6,21.2,0,104.34
1.11,64.7,6.02,19.85,216.79,21.86,0,104.15
1.11,65.14,5.81,19.63,222.02,21.16,0,104.9
1.07,65.21,5.89,19.37,219.29,21.46,0,105.65
1.11,66.37,5.88,19.56,219.06,21.65,0,104.86
1.16,65.3,5.9,19.55,217.46,22.39,0,104.5
1.06,65.87,5.82,19.37,216.71,22.06,0,104.3
1.11,66.12,5.96,19.36,217.81,21.39,0,104.87
1.1,65.71,5.88,19.55,219.19,21.27,0,105.83
1.15,65.02,5.94,19.47,217.34,20.83,0,105.1
1.11,66.49,5.97,19.72,218.33,21.12,0,108.95
1.06,66.23,6.04,19.68,219.36,21.39,0,108.86
1.18,67,6.05,19.72,220.77,21.97,0,109.63
1.28,65.38,6.05,19.73,222.07,21.78,0,110.63
1.3,64,6,19.43,221.27,21.57,0,107.5
1.31,64.87,5.98,19.26,223.62,21.45,0,110.16
1.3,64.03,5.85,19.19,220.75,21.99,0,108.57
1.3,63.49,5.7,19.24,220.03,21.98,0,107.94
1.29,63.31,5.8,19.33,219.5,22,0,107.24
1.29,63.39,5.81,19.16,220.69,22.09,0,105.19
1.28,62.57,5.79,19.01,215.8,21.97,0,103.36
1.2,60.91,5.8,18.41,211.49,21.44,0,98.63
1.1,59.39,5.87,18.59,216.32,21.13,0,100.36
1.22,61.02,5.91,18.59,214.11,21.2,0,98.9
1.22,59.1,5.91,18.07,208.77,20.5,0,100.39
1.22,57.96,5.77,18.06,210.32,20.83,0,99.94
1.06,58.65,5.66,18.56,213.09,20.85,0,102.38
1.1,57.64,5.68,18.42,213.48,21.57,0,103.05
1.15,58.32,5.68,18.41,214.05,21.13,0,102.57
1.12,58.11,5.72,18.41,216.85,21.23,0,103.69
1.15,58.47,5.79,18.4,219.51,21.42,0,104.31
1.15,58.32,5.82,18.32,219.62,21.31,0,103.31
1.07,59.01,5.75,18.25,217.32,21.08,0,102.83
1.07,58.46,5.69,18.25,213.88,20.77,0,103.78
1.2,57.2,5.67,18.29,213.16,20.36,0,103.01
1.08,58.58,5.78,18.52,217.47,21.54,0,106.16
1.08,58.65,5.62,18.67,218.04,21.88,0,106.68
1.08,57.78,5.66,18.45,218.12,21.44,0,104.09
1.08,56.42,5.66,18.18,215.54,21,0,103.55
0.99,56.11,5.67,18,215.9,20.44,0,104.61
0.98,55.47,5.68,18.01,219.84,20.6,0,106.77
0.95,55.44,5.64,18.27,219.52,20.71,0,107.7
0.98,55.1,5.66,18.9,222.56,20.98,0,107.95
0.97,55.17,5.5,18.82,223.9,21.23,0,106.91
0.98,55.97,5.68,19.06,227.74,21.42,0,109
1.05,56.14,5.56,19.22,230.33,21.68,0,108.3
0.99,55.89,5.48,18.98,230.16,21.57,0,107.24
0.97,54.73,5.25,18.86,227.94,21.49,0,107.22
0.95,55.62,5.15,18.93,227.47,21.52,0,105.64
0.93,55.44,5.3,18.64,226.88,21.55,0,104.98
0.93,54.96,5.34,18.59,228.5,20.35,0,103.24
0.95,52.93,5.32,18.18,226.39,20.76,0,101.75
0.98,52.43,5.29,18.27,227.63,21.08,0,100.29
0.98,50.92,5.32,18.2,226.12,20.55,0,97.71
0.96,51.04,5.17,18.33,224.25,20.36,0,97.64
0.96,51.51,5.04,18.07,220.92,20.14,0,95.64
0.93,51.23,4.99,18.17,220.4,19.9,0,96.35
0.95,51.83,5.02,18.31,218.52,19.77,0,96.72
0.92,53.64,5.03,18.53,220.49,19.52,0,99.76
0.96,54.27,5.15,18.49,229.09,19.45,0,99.42
0.99,54.28,5.2,18.31,231.45,19.26,0,97.72
0.99,54.24,5.21,18.2,228.3,19.26,0,97.59
0.97,54.52,5.23,18.37,225.11,19.7,0,99.86
0.93,55.33,5.15,18.65,226.51,19.99,0,100.95
0.92,56.3,5.2,18.59,229.95,20.14,0,101.73
0.97,56.64,5.25,18.52,227.21,20.13,0,100.98
0.9,56.59,5.27,18.43,226.25,20.48,0,100.75
0.91,55.96,5.5,18.44,226.1,21.38,0,101.09
0.91,55.44,5.5,18.54,225.47,21.08,0,100.73
0.91,54.85,5.44,18.4,224.3,20.98,0,100.24
0.91,54.13,5.42,18.54,223.89,21.53,0,101.86
1,53.12,5.33,18.77,227,21.8,0,102.94
0.95,52.09,5.31,18.81,231.42,21.69,0,103.23
0.99,50.71,5.46,18.21,232.15,21.28,0,101.41
0.98,47.95,5.47,18.02,229.65,21.15,0,85.66
0.93,48.6,5.38,17.64,227.6,20.76,0,84.28
0.98,49.31,5.28,17.32,228.25,20.93,0,83.67
0.97,49.18,5.18,17.68,226.19,20.81,0,82.49
0.98,50.58,5.03,17.86,226.87,20.77,0,81.85
0.99,52.09,4.83,17.82,228.74,21.14,0,81.5
0.99,52.95,4.86,17.78,234.22,21.02,0,82.57
1,52.53,4.94,17.7,233.12,21.22,0,82.01
1.01,51.23,4.97,17.79,229.67,21.64,0,81.21
0.96,51.49,4.97,17.74,226.78,21.73,0,80.1
0.86,51.21,4.9,17.79,224.08,21.98,0,80.46
0.9,51.07,4.77,17.96,221.31,21.88,0,81.89
0.99,50.27,4.97,17.93,223.77,22.07,0,81.5
0.86,50.08,4.83,17.88,221.39,21.64,0,80.82
1.01,51.34,4.97,17.43,221.95,21.46,0,82
1.01,51.42,5.03,17.4,220.39,22.84,0,83.01
1.01,50.73,4.98,17.51,220.23,23.07,0,81.22
1.11,50.06,4.93,17.41,221.81,23,0,80.87
1.1,50.27,4.85,17.51,221.76,23.33,0,79.92
0.99,50.44,4.9,17.42,221.49,23.74,0,80.89
0.99,50.12,4.85,17.08,222.15,24.36,0,81.04
0.99,49.93,4.79,17.28,220.16,23.77,0,80.77
0.97,49.45,4.76,17.32,219.33,23.98,0,80.18
0.97,49.42,4.76,17.16,216.2,24.7,0,79.9
1,49.45,4.83,17.37,216.58,24.95,0,81.7
0.98,49.91,4.88,17.48,216.92,25.98,0,81.61
0.99,50.82,4.89,17.46,216.76,26.14,0,80.35
0.97,50.52,4.93,17.43,216.87,25.74,0,79.24
0.99,49.81,4.9,17.41,219.81,25.88,0,79.26
0.99,50.03,4.86,17.47,224.96,26.91,0,80.33
0.97,50.82,4.88,17.6,223.05,27.09,0,79.53
0.93,50.25,4.87,17.58,222.78,27.21,0,78.17
0.99,50.06,4.88,17.8,225.79,28.16,0,78.42
0.98,49.13,4.91,17.72,225.23,28,0,77.53
0.9,48.64,4.89,17.64,224.34,28.63,0,76.86
0.96,47.88,4.98,17.73,223.53,28.81,0,77.38
0.95,48.03,4.99,17.92,227.33,28.82,0,79.42
0.95,49.21,4.98,17.94,226.18,29,0,80.48
0.95,48.35,4.97,18.08,229.73,30.18,0,80.33
0.88,48.81,4.97,18.07,229.26,30.11,0,80.1
0.93,49.08,4.97,18.14,232.19,31.25,0,80.85
0.96,48.56,4.96,18.04,232.97,32.11,0,81.89
0.83,47.75,4.95,17.47,232.24,31.16,0,80.03
0.82,48.48,4.93,17.51,231.89,30.8,0,80.85
0.81,49.65,4.9,17.44,231.66,31.68,0,81.76
0.71,50.42,4.81,17.34,231.35,31.92,0,79.48
0.71,51.37,4.73,17.29,231.47,31.7,0,80.2
0.75,49.95,5.09,17.25,228.14,31.18,0,79.99
0.71,49.35,5.03,17.22,229.67,31.05,0,79.78
0.73,49.68,4.91,17.05,229.44,31.68,0,79.92
0.73,50.92,4.76,17.2,232.33,31.97,0,81.67
0.69,50.31,4.8,17.32,219.74,31.89,0,80.75
0.73,50.19,4.9,17.2,215.81,32.37,0,80.24
0.83,51.36,4.9,17.29,215.01,32.48,0,81.15
0.81,51.65,4.93,17.35,215.6,32.49,0,81.76
0.81,51.23,4.9,17.4,215.72,32.79,0,82.03
0.92,51.27,4.86,17.47,214.97,33.25,0,82.25
0.91,52.01,4.97,17.4,218.32,32.92,0,82.2
0.9,51.64,5.04,17.48,218,32.98,0,82.67
0.89,50.98,5.01,17.3,217.37,33.26,0,82.9
0.86,51.58,4.97,17.29,217.58,32.87,0,83.21
0.83,51.56,5,17.28,215.62,32.64,0,82.7
0.77,50.87,4.88,17.03,213.41,31.86,0,81.91
0.77,50.18,4.9,16.53,213.88,31.64,0,82.33
0.71,50.42,4.97,16.41,214.36,32.64,0,82.16
0.71,50.73,4.92,16.72,215.82,32.77,0,80.91
0.65,52.01,5.05,16.85,215.95,33.43,0,84.32
0.62,51.51,5.07,16.72,214.99,33.24,0,83.24
0.6,51.89,5.07,16.8,214.59,33.21,0,83.58
0.62,52.18,5.06,16.56,215.16,33.36,0,83.84
0.62,54.87,5.01,16.56,214.64,33,0,84.46
0.62,54.05,5.15,16.45,213.96,32.89,0,85.47
0.6,54.54,5.28,16.48,209.66,33.01,0,86.62
0.62,55.19,5.34,16.73,210.21,33.45,0,86.29
0.63,54.93,5.33,16.59,208.63,33.95,0,85.55
0.63,54.51,5.3,16.79,207.96,34.21,0,86.02
0.63,55.03,5.32,16.81,214.02,34.06,0,86.85
0.6,54.81,5.29,16.76,212.51,34.09,0,86.14
0.6,54.79,5.41,15.65,217.13,34.11,0,85.54
0.58,55.32,5.47,15.14,214.41,28.85,0,83.76
0.58,55.1,5.4,15.43,214.79,33.08,0,84.42
0.58,54.57,5.47,15.07,213.32,33.4,0,82.55
0.62,54.5,5.32,15.04,213.79,33.97,0,81.86
0.65,54.8,5.23,15.06,221.82,33.17,0,82.32
0.61,53.7,5.1,15.04,208.28,31.88,0,83.41
0.58,54.61,5.13,15.25,202.48,31.8,0,84.69
0.63,55.22,5.2,15.16,203.95,32.06,0,85.05
0.58,55.46,5.25,14.99,202.91,32.05,0,84.57
0.55,54.16,5.29,14.97,200.5,31.98,0,83.52
0.58,53.71,5.36,14.7,203.36,32.61,0,82.44
0.58,53.16,5.36,14.58,204.91,33.04,0,82.33
0.58,51.37,5.25,14.35,207.63,33.67,0,79.69
0.57,50.98,5.22,14.24,210.29,33.39,0,80.25
0.54,51.13,5.26,14.16,207.19,33.62,0,79.51
0.48,50.4,5.21,14.1,209.27,33.34,0,79.06
0.54,49.64,5.21,14.23,208.77,33.8,0,78.58
0.53,48.89,5.18,14.1,208.02,33.67,0,77.88
0.5,48.99,5.1,14.21,209.65,33.55,0,77.33
0.53,49.16,5.18,14.36,211.09,33.72,0,77.64
0.47,48.76,5.03,14.3,209.76,34.61,0,78.78
0.46,48.37,5.05,14.39,208.6,37.29,0,78.61
0.47,48.41,5.21,14.24,211.73,39.83,0,78.61
0.42,48,5.21,14.22,212.1,42.21,0,78.39
0.4,46.69,5.23,14.21,215.27,43.5,0,77.46
0.4,49.43,5.25,14.53,216.02,40.75,0,80.06
0.4,48.49,5.28,14.46,214.89,38.85,0,79.79
0.42,48.07,5.38,14.38,212.05,39.71,0,79.33
0.42,48.19,5.2,13.92,212.36,40.03,0,80.32
0.39,47.29,5.14,13.56,213.54,41.2,0,80.34
0.4,46.79,5.29,13.39,215.2,42.42,0,80.93
0.37,46.26,5.36,13.68,218.57,42.44,0,82.58
0.37,47.51,5.33,13.61,216.97,42.24,0,83.74
0.39,46.56,5.17,13.46,216.33,41.46,0,81.61
0.37,46.51,5.25,13.55,214.53,41.01,0,79.92
0.36,46.67,5.22,13.38,213.78,40.23,0,80.51
0.36,47.48,5.32,13.1,215,41.35,0,81.53
0.37,47.09,5.29,13.13,215.81,41.46,0,81.55
0.37,46.02,5.22,12.96,213.37,40.6,0,81.82
0.38,46.73,5.28,12.89,212.67,40.41,0,83.52
0.39,46.9,5.2,12.77,210.94,40.1,0,82.89
0.38,45.31,5.13,12.5,222.13,39.16,0,83.82
0.37,44.99,5.11,12.59,223.17,39.2,0,84.1
0.35,44.96,5.31,12.62,228.65,43.9,0,84.94
0.35,44.89,5.25,12.63,226.31,43.62,0,84.65
0.39,45.31,5.35,12.43,221.71,42.69,0,84.66
0.39,44.73,5.31,12.39,217.79,40.62,0,82.38
0.37,42.98,5.32,12.16,225.56,40.59,0,82.27
0.39,43.75,5.21,12.36,223.73,41.14,0,83.47
0.36,41.73,5.4,12.36,226.99,42.03,0,83.49
0.39,43.13,5.53,12.51,227.17,41.81,0,84.64
0.37,43.02,5.64,12.59,225.24,40.97,0,87.63
0.39,43.34,5.57,12.62,222.93,41.19,0,88.83
0.4,44.16,5.68,12.54,219.16,42.88,0,87.52
0.4,46.03,5.54,12.67,214.88,41.12,0,88.53
0.42,46.33,5.4,12.62,212.17,40.04,0,89.2
0.4,47.39,5.26,12.82,213.16,41.63,0,90.61
0.43,47.53,5.26,12.62,210.01,39.55,0,88.91
0.42,46.65,5.2,12.93,202.76,39.55,0,90.49
0.43,45.3,5.15,12.55,198.45,40.93,0,90.5
0.36,44.58,5.13,12.88,199.24,41.06,0,88.04
0.36,44.89,5.13,12.68,200.88,41.6,0,88.35
0.61,43.9,5.48,12.55,201.3,41.11,0,88.73
0.53,44.75,5.67,12.6,200.27,41.88,0,89.55
0.48,43.92,5.68,12.83,204.03,41.9,0,88.74
0.6,45,5.64,13.03,206.73,37.33,0,89.04
0.45,44.29,5.68,13.42,204.8,38.11,0,89.49
0.46,43.55,5.5,13.66,203.12,37.19,0,89.18
0.51,38.93,5.45,13.38,201.98,35.62,0,87.93
0.43,37.26,5.47,13.56,199.72,34.24,0,86.43
0.42,37.01,5.5,13.49,197.33,33.1,0,85.5
0.43,36.49,5.5,13.59,197.47,34.65,0,85.83
0.4,35.56,5.58,13.57,196.65,34.28,0,86.33
0.37,35.76,5.55,13.21,193.5,32.97,0,87.64
0.39,35.83,5.57,13.15,190.72,32.14,0,86.55
0.39,35.77,5.64,12.94,194.2,31.71,0,83.95
0.39,35.09,5.69,12.87,194.1,31.78,0,83.6
0.39,35.88,5.72,12.91,192.76,31.58,0,84.1
0.39,35.69,5.65,12.85,194.21,30.63,0,83.84
0.4,35.79,5.71,12.32,195.87,30.09,0,85.05
0.35,35.95,5.89,11.93,201.47,29.53,0,86.4
0.35,36.53,5.94,12.23,196.25,29.43,0,87
0.35,36.13,5.82,12,195.76,29.78,0,86.55
0.32,36.56,5.79,11.73,198.21,30.49,0,87.08
0.32,36.09,5.68,11.5,191.21,29.66,0,85.45
0.32,35.9,5.74,11.33,189.54,29.32,0,85.05
0.3,35.21,5.79,11.19,190.8,29.2,0,85.26
0.3,34.99,5.95,11.04,188.7,28.71,0,84.58
0.3,35.76,5.88,10.83,187.34,28.86,0,84.22
0.23,35.79,5.75,10.5,188.76,28.95,0,84.35
0.27,35.99,5.75,10.42,186.8,29.82,0,83.82
0.23,35.5,5.85,10.4,182.67,29.82,0,84.34
0.23,34.94,5.88,9.89,181.27,28.66,0,82.54
0.25,34.52,5.77,9.49,176.07,27.65,0,81.39
0.23,33.81,5.73,9.22,172.6,27.35,0,75.15
0.23,33.51,5.94,9.02,172.08,27.33,0,72.04
0.22,33.54,5.87,8.92,166.88,28.02,0,69.08
0.22,33.27,5.88,8.84,162.19,28.21,0,66.27
0.24,33.09,5.92,8.9,157.2,27.32,0,66
0.26,32.43,5.95,9.13,159.32,27.8,0,66.6
0.27,31.86,5.97,9.21,163.49,28.48,0,66.86
0.27,32.38,5.98,9.01,163.53,28.03,0,66.67
0.24,33.74,5.94,9.23,162.86,27.94,0,67.27
0.25,32.91,5.94,9.27,160.82,27.22,0,66.79
0.28,32.54,5.96,9.33,162.82,27.35,0,67.33
0.29,32.56,5.95,9.4,164.04,27.5,0,67.3
0.27,32.64,5.9,9.48,161.76,27.34,0,66.46
0.3,33.94,5.93,9.9,166.62,29.07,0,69.54
0.32,32.5,5.88,10.06,170.18,28.4,0,67.44
0.37,32.92,5.85,10.36,172.55,29.77,0,67.84
0.36,32.8,5.75,10.31,150.94,29.54,0,67.92
0.45,33.01,5.85,10.26,159.83,29.35,0,68.14
0.39,33.45,5.91,10.3,159.08,29.3,0,69.51
0.42,32.84,5.94,10.22,160.89,28.97,0,69.61
0.4,32.9,5.96,10.11,160.53,30.97,0,70.51
0.36,32.47,5.99,9.87,159.86,32.16,0,70.75
0.39,33,5.97,10.11,160.35,31.67,0,72.52
0.37,33.38,5.96,10.28,164.15,33.04,0,73.81
0.36,33.7,5.88,10.15,165.07,33.34,0,73.06
0.36,33.22,5.88,10.01,164.78,33.02,0,72.84
0.37,32.61,5.82,9.89,165.62,33.1,0,74.02
0.32,31.85,5.87,9.34,164.79,32.27,0,71.55
0.35,31.43,6.01,9.48,166.81,32.23,0,72.73
0.32,31.2,6.01,9.57,167.91,32.26,0,74.37
0.35,32.97,5.88,9.87,168.17,32.46,0,74.43
0.3,34.57,5.89,10.12,170.61,33.95,0,74.49
0.3,35.29,5.94,10.49,173.64,35.43,0,76.75
0.3,35.6,5.89,10.38,173.69,36.58,0,75.71
0.3,35.21,5.75,10.47,172.8,36.44,0,76.06
0.32,36.52,5.74,10.63,174.69,35.86,0,75.81
0.32,35.91,5.79,10.51,172.3,34.83,0,75.54
0.32,35.96,5.77,10.32,174.05,34.37,0,76.73
0.32,35.33,5.74,10.85,175.19,37.07,0,80.01
0.32,36.15,5.81,10.78,172.76,37.53,0,79.05
0.3,36.09,5.75,10.79,171.94,38.17,0,80.59
0.3,36.95,5.86,10.94,174.73,38.6,0,81.3
0.3,37.09,5.89,11.1,173.96,38.37,0,81.86
0.28,37.55,5.96,11.33,174.91,38.76,0,83.48
0.28,37.04,6.09,11.31,176.91,38.42,0,83.4
0.31,36.9,6.04,11.35,174.73,38.56,0,83.39
0.28,37.45,5.94,11.69,166.98,40.12,0,85.03
0.27,37.31,5.89,11.73,165.74,40.7,0,85.6
0.27,37.72,5.81,11.87,169.06,41,0,87.16
0.27,38.01,5.86,11.36,167.15,40.16,0,86.61
0.27,37.24,6,11.13,169.39,39.59,0,86.51
0.27,36.71,6.15,10.91,169.23,39.93,0,87.29
0.23,36.24,6.09,11.15,169.16,40.88,0,86.96
0.27,37.6,6.51,11.31,171.95,40.85,0,87.51
0.3,37.72,6.7,10.8,170.65,39.7,0,87.28
0.25,38.11,6.4,10.86,167.49,44.7,0,86.96
0.28,40.06,6.53,10.68,166.04,42.11,0,87.03
0.27,40.42,6.52,10.68,167.69,43.59,0,86.97
0.27,40.44,6.4,10.6,166.2,44.04,0,87.44
0.27,40.19,6.44,10.9,168.34,47.09,0,89.25
0.27,40.54,6.53,10.68,168.8,46.92,0,88.86
0.27,39.14,6.55,10.71,170.62,47.69,0,89.5
0.27,39.38,6.46,10.52,170.62,48.61,0,89.8
0.27,40.45,6.57,10.7,170.44,48.01,0,90.87
0.28,41.52,6.53,10.52,171.08,49.7,0,90.73
0.35,42,6.39,10.49,167.34,48.9,0,90.52
0.35,41.83,6.39,10.3,164.63,47.63,0,90.74
0.35,41.79,6.25,10.18,169.37,47.1,0,91.9
0.35,40.59,6.1,10.08,169.5,44.72,0,91.19
0.35,40.37,5.81,10.09,168,45.5,0,88.29
0.35,40.5,5.98,10.29,171.79,45.4,0,88.62
0.35,40.59,5.98,10.3,170.12,44.41,0,87.03
0.35,41.41,5.98,10.29,172.51,45.56,0,87.28
0.35,41.98,5.91,10.28,175.38,46.13,0,88.4
0.35,41.18,5.88,10.35,177.58,46.56,0,88.24
0.35,41.76,5.88,10.18,176.76,45.99,0,88.01
0.35,40.97,5.84,10.09,179.64,44.55,0,85.8
0.32,41.07,5.76,10.27,191.44,43.35,0,86.09
0.3,40.98,5.67,10.33,193.15,43.33,0,85.45
0.3,40.89,5.59,10.12,192.29,43.33,0,85.33
0.31,40.87,5.63,9.92,190.98,43,0,85.85
0.3,40.7,5.55,9.97,190.1,43.63,0,85.73
0.31,40.53,5.5,9.98,191.13,43.69,0,85.52
0.3,40.57,5.51,9.9,190.53,44.59,0,85.77
0.29,41.05,5.64,9.98,190.92,45.12,0,86.2
0.27,41.07,5.85,10.27,190.08,45.3,0,86.21
0.27,40.72,5.81,10.28,191.62,44.03,0,85.5
0.29,40.17,5.62,10.08,198.84,42.64,0,84.51
0.31,40.17,5.46,10,203.43,43.05,0,84.05
0.32,40.49,5.43,10.1,205.46,43.86,0,84.3
0.33,40.57,5.59,10.19,207.51,43.6,0,84.91
0.33,39.99,5.8,9.64,210.09,43,0,84.46
0.33,39.17,5.69,8.87,212.2,41.07,0,83.61
0.32,39.3,5.89,9.17,212.17,41.35,0,84.76
0.31,39.55,5.93,9.11,212.54,41.61,0,84.88
0.29,39.27,6,9.09,211.84,42.86,0,86.55
0.27,38.46,5.91,9.13,212.08,50.47,0,85.77
0.25,37.83,5.8,9.1,209.14,51.86,0,84.94
0.22,38.06,5.8,9.2,211.4,52.19,0,85.68
0.19,38.13,5.73,9.33,210.36,53.24,0,85.09
0.16,37.75,5.83,9.1,207.98,52.95,0,84.43
0.13,37.38,5.82,9.01,207.36,52.4,0,83.86
0.1,37.91,5.97,9.24,201.94,52.77,0,83.92
0.08,37.29,5.93,9.15,203.28,47.69,0,84.6
0.08,37.64,5.84,9.06,201.17,48.01,0,83.7
0.08,37.76,5.82,9.06,205.49,50.07,0,84.09
0.1,38.18,5.73,9.13,204.99,50.09,0,85.36
0.1,38.45,5.72,9.06,206.86,51.39,0,85.53
0.1,38.85,5.66,9.1,204.94,50.52,0,86.79
0.1,39.04,5.64,9.07,203.11,50.91,0,86.22
0.1,39.16,5.64,9.2,205,50.15,0,85.75
0.1,39.19,5.59,8.96,204.91,49.84,0,85.5
0.1,38.77,5.56,8.76,206.21,49.43,0,86.22
0.09,39.21,5.63,8.74,198.69,50.44,0,84.68
0.09,38.97,5.69,8.58,195.88,49.9,0,82.62
0.09,37.91,5.46,8.54,194.19,48.83,0,81.41
0.09,36.92,5.69,8.81,188.9,49.26,0,81.16
0.09,37.17,5.79,8.71,187.36,50.42,0,79.6
0.1,36.27,5.71,8.52,176.48,49.23,0,77.14
0.1,36.39,5.63,9.04,177.32,49.03,0,78.59
0.18,37.28,5.58,9.6,184.47,50.97,0,78.5
0.17,37.16,5.56,9.36,187.08,52.07,0,77.25
0.17,38.29,5.56,9.48,184.38,52.37,0,77.21
0.21,39.59,5.59,9.5,188.44,52.98,0,78.16
0.23,39.67,5.63,9.78,191.99,54.15,0,76.96
0.22,40.34,5.68,9.9,195,53.19,0,78.13
0.22,38.57,5.67,9.58,189.36,53.56,0,77.24
0.27,38.32,5.61,9.81,189.42,52.51,0,77.63
0.22,37.9,5.5,9.46,187.72,50.98,0,77.19
0.25,37.32,5.45,9.35,187.29,51.19,0,78.01
0.33,37.56,5.48,9.15,182.03,49.76,0,77.15
0.28,36.78,5.56,9.31,184.31,50.34,0,76.68
0.27,36.78,5.48,9.35,185.84,49.84,0,77.19
0.27,36.74,5.4,9.21,183.89,47.43,0,78.91
0.24,36.55,5.48,8.94,181.35,47.47,0,77.86
0.24,36.93,5.43,9.3,183.9,48.04,0,78.83
0.16,36.9,5.47,9.1,185.02,46.7,0,77.37
0.14,36.12,5.48,9.17,188.3,47.78,0,77.89
0.14,36.11,5.46,9.29,197.07,49.04,0,78.52
0.14,37.59,5.45,9.15,196.12,49.72,0,77.99
0.17,38.1,5.55,9.02,198.79,51.71,0,79.77
0.17,39.05,5.52,9.19,199.84,52.32,0,80.62
0.17,38.98,5.55,9.27,197.87,52.04,0,80.57
0.14,39.2,5.48,9.29,197.52,51.77,0,80.14
0.14,39.8,5.48,9.25,200.1,51.88,0,79.6
0.16,38.94,5.49,8.9,198.01,52.08,0,79.44
0.16,38.72,5.43,9.12,200.83,53.21,0,80.29
0.16,38.1,5.42,9.1,197.71,52.79,0,81.27
0.13,38.16,5.26,9.14,199.68,52.55,0,81.9
0.13,38.43,5.32,9.27,198.77,51.23,0,81.48
0.13,38.77,5.42,9.28,197.88,52.78,0,81.57
0.14,38.43,5.45,9.19,199.35,52.16,0,81.07
0.14,40.78,5.48,9.25,202.58,54.74,0,87.66
0.14,40.65,5.63,9.09,201.57,53.55,0,88.73
0.15,40.25,5.64,9.13,201.24,47.82,0,86.94
0.15,40.24,5.67,9.2,202.29,46.79,0,86.75
0.15,39.69,5.54,9.32,204.17,46.15,0,85.03
0.15,39.67,5.43,9.13,203.08,41.43,0,85.66
0.14,39.65,5.32,10.62,204,41.83,0,85.97
0.13,40.8,5.32,11.09,199,42.46,0,86.77
0.13,39.12,5.3,11.49,201,40.59,0,86.31
0.13,38.77,5.37,11.02,196.88,37.14,0,83.6
0.15,41.45,5.3,10.56,193.66,37.24,0,82.48
0.15,40.86,5.31,10.47,192.75,38.95,0,84.16
0.15,39.15,5.15,10.11,186.75,38.36,0,80.28
0.15,39.15,5.12,9.98,187.25,39.84,0,81.33
0.15,39.5,5.21,10.35,188.18,39.16,0,81.36
0.14,40.34,5.26,11.1,193.35,38.94,0,82.52
0.14,40.2,5.23,10.73,194.07,38.16,0,82.63
0.16,40.12,5.16,10.94,192.64,37.41,0,82.37
0.17,39.86,5.15,10.97,196.53,37.71,0,83.98
0.16,39.52,5.17,10.86,193.32,36.71,0,83.32
0.16,40.05,5.24,10.84,194.42,36.68,0,84.49
0.16,39.79,5.43,11.16,198.95,36.7,0,84.92
0.16,39.88,5.44,11.34,201.93,37.71,0,85
0.18,39.16,5.47,11.31,202.52,37.76,0,83
0.2,39.73,5.44,11.63,202.86,37.97,0,83.04
0.21,39.12,5.42,12,201.72,38.79,0,82.98
0.22,38.92,5.43,11.95,198.48,36.82,0,81.26
0.22,38.11,5.29,12.08,202.53,36.7,0,77.76
0.22,37.2,5.29,11.37,198.15,34.52,0,71.76
0.23,37.18,5.29,11.05,201.95,35.23,0,74.32
0.22,37.72,5.2,10.91,204.63,35.58,0,72.71
0.22,37.83,4.93,11.12,204.17,35.87,0,72.01
0.22,38.11,4.72,11.25,205.31,35.9,0,72.22
0.28,38.25,4.8,11.5,208.4,34.61,0,72.74
0.22,38.15,4.84,11.94,210.23,32.09,0,73.04
0.22,38.22,4.78,11.8,204.99,31.8,0,71.97
0.22,38.52,4.81,12.01,204.7,32.22,0,73.02
0.21,38.03,4.88,12.18,206.86,30.44,0,73.36
0.22,38.93,4.85,12.35,208.18,28.68,0,74.55
0.22,39.97,4.9,12.8,206.65,26.87,0,75.07
0.22,40.37,4.85,12.89,203.97,28.13,0,74.89
0.22,39.02,4.88,12.94,204.02,26.7,0,73.04
0.22,38.19,3.88,12.15,203.81,24.99,0,72.61
0.22,38.75,3.88,12.02,205.75,26.29,0,72.02
0.22,38.92,3.94,11.88,207.43,25.41,0,71.58
0.22,38.9,3.92,11.4,207.32,23.96,0,71.7
0.22,38.32,3.88,11.29,205.23,24.94,0,71.22
0.22,37.88,3.75,11.54,205.74,24.1,0,72
0.22,37.22,3.64,11.61,205.12,24.6,0,71.65
0.22,38.42,3.7,11.66,204,23.59,0,75.33
0.22,38.54,3.84,11.75,206.21,23.55,0,75.36
0.22,38.69,3.73,11.82,206.06,22.89,0,75.16
0.22,39.51,3.72,11.91,207.41,23.09,0,75.91
0.22,39.23,3.71,11.41,209.4,23.23,0,77.87
0.23,38.06,3.62,11.05,206.92,23.02,0,76.76
0.23,36.66,3.64,11.34,194.26,23.26,0,76.78
0.22,36.8,3.52,11.62,193.83,23.86,0,78.27
0.22,37.11,3.51,11.41,188.74,24.01,0,77.19
0.22,36.88,3.54,11.27,189.52,23.98,0,76.37
0.21,37.03,3.51,11.44,191.47,24,0,77.46
0.21,36.91,3.58,11.25,192.74,23.64,0,77.76
0.21,35.6,3.76,11.19,192.97,22.74,0,77.9
0.21,35.69,3.83,11.27,193.03,21.92,0,78.04
0.32,35.43,3.91,11.27,196.83,22.4,0,78.33
0.3,35.38,3.88,11.49,198.51,22.38,0,79.19
0.3,35.23,3.84,11.87,197.34,23.55,0,79.9
0.32,34.99,3.7,11.59,197.03,22.32,0,80.58
0.3,34.81,3.77,12.03,194.63,21.73,0,81.84
0.31,35.05,3.65,12.22,196.85,21.86,0,81.2
0.31,35.69,3.62,12.39,197.69,21.01,0,81.81
0.31,36.26,3.87,12.19,196.6,20.91,0,81.39
0.31,35.58,3.88,12.21,195.83,21.24,0,81.98
0.27,35.65,3.95,12.23,192.87,21.54,0,82.07
0.27,35.67,3.89,12.38,192.98,21.07,0,81.84
0.27,36.07,3.98,12.32,191.58,20.55,0,81.23
0.25,35.5,3.98,12.21,190.39,20.95,0,81.45
0.25,36.01,3.81,12.48,191,24.44,0,82.99
0.25,36.61,3.74,12.3,193.94,25.46,0,83.49
0.25,36.66,3.83,12.33,191.76,25.53,0,84.25
0.25,37.33,3.89,11.14,193.21,26.32,0,83.71
0.25,37.64,3.75,11.19,190.31,25.22,0,82.25
0.14,37.9,3.8,11.26,187.65,26.68,0,83.57
0.17,38.23,3.78,11.76,184.49,25.8,0,83.73
0.17,38.45,3.86,11.67,183.83,26.32,0,84.47
0.17,38.16,3.86,11.68,184.11,26.26,0,84.73
0.17,38.1,3.83,11.76,182.85,26.44,0,83.67
0.18,37.46,3.8,12.07,179.69,26.48,0,84.78
0.17,37.8,3.78,12.47,174.88,27.52,0,84.77
0.17,37.95,3.81,12.86,180.95,25.52,0,83.49
0.18,37.59,3.82,12.79,185.85,25.92,0,83.5
0.18,39.03,3.78,12.79,186.57,26.45,0,83.46
0.18,39.16,3.78,12.67,181.22,26.7,0,82.4
0.18,39.53,3.7,12.91,183.57,26.84,0,82.35
0.16,39.23,3.56,12.99,184.06,27.57,0,82.29
0.17,40.46,3.58,13.36,185.75,27.47,0,82.5
0.17,40.36,3.58,13.49,186.19,27.69,0,82.93
0.16,40.19,3.58,13.45,186.01,27.71,0,82.99
0.17,40.06,3.67,13.63,186.12,27.04,0,82.65
0.18,39.21,3.79,14.15,184.48,27.09,0,82.96
0.23,39.08,3.76,13.9,184.29,26.76,0,82.06
0.17,38.82,3.76,13.53,182.46,26.62,0,82.4
0.18,39.38,3.75,13.4,183.67,26.28,0,83.26
0.18,39.42,3.83,12.74,181.28,26.81,0,83.61
0.17,39.34,3.79,13.05,180.93,26.9,0,83.91
0.18,39.36,3.71,13.11,181.58,26.38,0,84.97
0.21,39.4,3.68,12.6,179.85,26.06,0,84.04
0.22,39.92,3.7,12.79,182.06,26.14,0,84.68
0.22,41.67,3.75,12.35,182.92,26.02,0,86.31
0.21,42.02,3.75,12.06,183.12,26.02,0,85.95
0.22,42.54,3.72,12.29,183.75,26.65,0,85.69
0.22,42.76,3.71,12.5,185.88,26.36,0,85.99
0.22,43.19,3.77,12.91,188.9,26.61,0,85.28
0.22,43.14,3.81,12.9,188.05,26.89,0,86.02
0.22,42.97,3.81,12.95,186.87,27.4,0,86.13
0.21,42.91,3.8,13.02,188.1,27.33,0,85.96
0.2,42.91,3.79,13.09,189.66,27.24,0,86.04
0.2,42.9,3.78,13.18,189.23,27.6,0,86.3
0.18,42.77,3.76,13.31,188.38,27.62,0,85.71
0.16,42.45,3.75,13.39,189.74,28.59,0,85.04
0.16,42.31,3.76,13.35,189.36,28.58,0,85.12
0.22,42.88,3.79,13.34,188.37,28.03,0,85.24
0.3,44.03,3.84,13.44,189.51,27.89,0,85.07
0.22,44,3.86,13.38,190.43,28.01,0,85.99
0.22,44.74,3.98,13.28,183.79,28.7,0,86.4
0.22,45.57,4.08,13.36,190.41,28.59,0,88.05
0.28,45.43,4.06,13.55,193.63,29.01,0,88.25
0.3,45.74,4.13,13.29,188.28,28.97,0,87.44
0.31,45.91,4.14,13.34,188.44,29.04,0,87.82
0.33,45.75,4.14,13.22,190.9,28.3,0,87.58
0.35,46.07,4.11,13.58,190.85,27.89,0,88.32
0.35,45.5,4.12,13.63,190.76,28.12,0,88.55
0.36,45.53,4.14,13.46,189.95,27.47,0,88.67
0.37,44.97,4.12,13.35,189.66,27.09,0,88.66
0.37,44.84,4.05,13.32,190.27,27.07,0,88.87
0.38,44.5,4.08,13.32,191.95,26.91,0,88.98
0.38,44.59,4.11,13.26,193.99,26.24,0,87.1
0.38,44.83,4.14,13.26,191.56,25.76,0,86.14
0.39,44.21,4.07,13.14,190.89,25.18,0,84.69
0.39,44.34,4.03,13.23,192.77,24.29,0,84.68
0.39,44.55,4.03,13.21,192.58,24.27,0,83.96
0.4,44,3.96,13.23,190.86,23.48,0,84.35
0.4,44.1,3.96,13.14,188.29,22.87,0,82.68
0.4,44.55,3.94,13.34,189.19,22.59,0,83.01
0.4,45.25,3.95,13.37,192.93,21.75,0,83.63
0.4,45.29,3.99,13.55,197.14,21.62,0,84.03
0.4,45.73,4.05,13.56,199.81,22.07,0,86.2
0.4,45.26,4,13.51,200.19,21.54,0,87.45
0.4,45.31,3.95,13.74,200.07,22.17,0,88.76
0.4,45.45,3.96,13.53,199.95,22,0,89.46
0.39,44.74,3.92,13.43,198.75,22.17,0,87.9
0.39,44.42,3.93,13.64,201.19,22.15,0,88.85
0.39,43.98,3.88,13.39,203.83,21.75,0,88.48
0.39,43.76,3.9,13.36,203.71,21.8,0,87.61
0.38,43.45,3.91,13.42,203.82,22.53,0,87.48
0.38,44.03,3.93,13.39,206.64,23.48,0,87.88
0.38,43.92,3.95,13.65,208.34,23.49,0,87.46
0.37,44.03,3.97,13.48,207.41,24.25,0,89.63
0.37,42.53,3.93,13.2,201.55,23.82,0,85.51
0.37,41.98,3.92,12.57,195.29,22.65,0,85.01
0.36,42.29,3.91,12.43,190.99,25.35,0,86.25
0.36,41.55,3.78,11.93,175.66,25.41,0,83.08
0.35,40.23,3.64,11.62,172.38,26.2,0,81.83
0.35,39.41,3.53,11.46,177.22,25.88,0,84.99
0.34,40.74,3.61,11.44,177.4,25.59,0,83.49
0.34,42.08,3.69,11.57,185.97,25.98,0,88.74
0.33,42.62,3.62,11.35,182.68,24.46,0,87.83
0.32,40.81,3.59,11.57,179.17,23.99,0,87.27
0.32,39.14,3.19,11.03,164.24,22.04,0,81.57
0.31,37.96,3.26,11.48,165.39,21.99,0,84.72
0.31,37.87,3.26,11.31,155.18,20.26,0,79.83
0.3,34.11,3.12,10.97,131.56,17.02,0,72.19
0.29,35.19,2.95,11.44,133.01,19,0,79.5
0.29,34.51,2.79,11.01,124.75,15.43,0,69.57
0.28,35.72,2.59,12.77,124.45,15.69,0,73.99
0.28,35.51,2.51,11.72,121.25,14.86,0,64.7
0.27,34.55,2.34,12.06,123.07,17.3,0,66.43
0.26,33.37,2.8,11,119.7,16.37,0,61.11
0.26,31.29,2.61,10.25,105.69,16.49,0,60.01
0.25,33.68,2.58,10.39,123.82,19.7,0,63.61
0.24,33.85,2.73,9.79,126.43,21.8,0,66.21
0.24,35.9,2.97,10.04,140.68,21.42,0,71
0.23,34.03,3.14,8.92,145.19,20.73,0,69.24
0.22,34.61,2.91,9.14,146.66,21.53,0,72.55
0.22,36.24,2.92,9.42,143.26,21.11,0,72.96
0.21,37.53,2.86,9.41,136.92,20.26,0,71.12
0.21,38.71,3.12,9.33,129.99,19.8,0,74.39
0.2,38.63,3.31,8.68,132.03,20.85,0,73.47
0.19,38.91,3.55,9.14,142.09,20.69,0,75.8
0.19,38.64,3.42,9.23,149.6,21.35,0,74.51
0.18,38.49,3.34,9.63,157.76,20.48,0,74.59
0.18,39.67,3.4,10.45,166.13,21.91,0,75.44
0.17,39.85,3.46,10.35,160.63,22.32,0,73.99
0.17,39.08,3.46,10.08,157.64,21.96,0,74.01
0.16,38.33,3.4,10.38,167.84,21.93,0,77.26
0.16,38.39,3.38,10.04,162.23,21.13,0,75.55
0.16,38.85,3.18,9.66,162.16,20.91,0,75.49
0.15,38.66,3.27,9.57,162.7,20.8,0,77.96
0.15,39.07,3.17,10.17,156.62,20.06,0,76.79
0.14,37.74,3.07,9.79,152.79,19.68,0,72.29
0.14,38.01,3.15,9.82,155.23,20.05,0,73.06
0.14,38.62,3.16,9.98,153.07,20.12,0,71.79
0.13,38.81,3.05,10.08,158.8,20.66,0,73.68
0.13,39.04,3.09,10.48,163.16,21.52,0,74.92
0.13,41.11,3.13,10.93,167.42,23.11,0,77.3
0.13,41.34,3.2,10.98,169.46,22.11,0,76.52
0.13,40.46,3.22,10.7,164.69,23.4,0,74.43
0.13,38.69,3.16,10.49,161.57,23.33,0,73.34
0.13,38.66,3.13,10.54,163.85,23.3,0,73.37
0.13,39.5,3.16,10.49,163.02,23.21,0,72.21
0.13,39.04,3.14,10.39,165.51,22.93,0,71.51
0.13,39.1,3.12,10.94,164.94,22.56,0,70.15
0.13,39.26,3.14,11.63,166.06,23.8,0,72
0.13,40.08,3.19,11.42,163.31,23.43,0,71.28
0.13,41.4,3.22,11.49,160.58,23.01,0,69.93
0.13,40.17,3.25,11.46,155.32,21.8,0,68.75
0.14,39.27,3.39,10.63,157.96,21.47,0,67.96
0.14,40.05,3.5,10.86,158.51,21.53,0,67.85
0.14,40.68,3.51,10.69,168.51,21.61,0,68.24
0.15,40.01,3.5,10.55,168.82,21.42,0,68.51
0.15,40.59,3.38,10.71,172.58,22.42,0,70.51
0.16,40.99,3.32,10.94,171,22.64,0,70.54
0.16,41.28,3.33,11.01,172.31,22.96,0,70.45
0.17,41.37,3.36,11.06,174.14,23.2,0,70.84
0.18,41.87,3.37,11.53,176.65,23.77,0,72.13
0.19,43.02,3.35,12.21,179.26,24.91,0,73.91
0.19,43.01,3.4,11.53,175.44,25.14,0,73.53
0.2,41.89,3.46,11.44,172.7,24,0,73.27
0.21,42.36,3.42,11.41,173.32,24.32,0,73.81
0.22,42.07,3.38,11.35,173.01,24.38,0,73.77
0.23,42.58,3.42,11.59,174.82,23.94,0,74.22
0.24,42.03,3.41,11.95,175.73,24.43,0,75.18
0.26,41.81,3.44,12.1,181.42,25.06,0,75.87
0.27,41.03,3.46,12.35,185.93,25.66,0,77.73
0.28,39.75,3.43,12.05,183.45,25.41,0,75.72
0.3,41.03,3.36,11.94,180.55,24.81,0,75.14
0.31,39.44,3.33,11.25,168.67,24.22,0,71.28
0.33,39.4,3.36,11.45,170.29,24.63,0,70.46
0.34,39.27,3.43,11.95,173.7,25.13,0,72.26
0.36,41.12,3.48,12.03,177.59,25.24,0,74.71
0.38,41.17,3.45,12,178.72,25.21,0,74.1
0.4,41.18,3.41,11.93,184.25,25.08,0,74.61
0.42,41.64,3.48,11.77,181.29,25.56,0,72.26
0.44,41.35,3.42,11.15,179.73,24.87,0,72.07
0.46,41.62,3.4,10.52,180.46,24.95,0,71.51
0.48,40.13,3.39,10.35,171.71,24.12,0,70.15
0.51,40.43,3.34,10.41,173.39,24.34,0,70.69
0.53,40.85,3.33,9.86,169.12,23.62,0,68.87
0.55,41.26,3.33,10.1,174.17,24.99,0,70.56
0.61,40.78,3.35,10.07,174.42,24.95,0,70.01
0.74,41.01,3.34,9.93,185.88,24.1,0,70.02
0.71,41.08,3.33,9.67,185.81,24.96,0,70.47
0.81,40.2,3.35,9.58,186.44,25.16,0,70.06
0.75,41.13,3.32,9.6,186.5,24.52,0,70.6
0.69,40.26,3.31,9.54,182.5,24.48,0,72.94
0.71,40.04,3.34,9.21,183.51,26.55,0,72.34
0.67,38.35,3.36,8.76,182.48,25.82,0,70.12
0.62,37.83,3.33,9.07,184.93,26.18,0,72.96
0.66,38.09,3.34,8.97,179.81,26.56,0,73.52
0.62,38.13,3.34,8.98,179.26,28.55,0,74.35
0.61,37.76,3.34,9.14,182.63,29.18,0,75.01
0.61,36.74,3.55,8.96,181.28,29.58,0,75.36
0.58,36.58,3.52,8.89,180.62,29.96,0,75.03
0.61,35.54,3.5,8.49,177.64,28.68,0,72.88
0.59,35.66,3.53,8.98,180.7,29.86,0,75.94
0.6,35.31,3.53,8.87,179.49,30.36,0,76.01
0.59,35.66,3.51,8.88,179,30.31,0,76.33
0.58,35.38,3.39,8.48,179.86,29.68,0,76.91
0.6,35.25,3.45,8.44,178.9,30.39,0,78.53
0.59,35.86,3.37,8.69,179.56,33.27,0,77.99
0.58,35.51,3.53,8.69,181.62,33.77,0,78.41
0.58,34.91,3.55,8.8,180.92,33.1,0,77.48
0.59,33.24,3.49,8.83,178.22,32.88,0,76.85
0.7,33.15,3.46,9.05,173.29,32.69,0,76.53
0.66,33.5,3.49,9.13,171.7,31.79,0,77.13
0.62,33.47,3.6,9.16,173.47,31.62,0,76.96
0.61,33.03,3.66,8.98,171.17,31.48,0,77.13
0.6,32.76,3.59,9.32,172.34,30.58,0,77.5
0.62,33.41,3.64,9.73,171.57,30,0,78.37
0.63,34.09,3.63,10.04,172.91,29.8,0,78.73
0.66,34.56,3.62,10.21,175.51,30.02,0,79.69
0.66,33.96,3.61,10.24,176.65,29.36,0,78.14
0.69,33.21,3.73,10.42,176.11,28.81,0,77.71
0.69,33.81,3.83,9.85,173.8,30.74,0,78.28
0.66,33.5,3.87,9.84,178.12,31.04,0,79.2
0.65,33.73,3.85,9.99,180,30.55,0,78.71
0.63,33.21,3.79,10.09,178.4,29.98,0,78.24
0.62,33.18,3.74,10.08,179.3,29.48,0,78.07
0.66,34.42,3.74,10.17,181.5,29.28,0,79.64
0.66,33.76,3.79,10.32,180.19,28.67,0,79.63
0.65,33.35,3.74,10.09,181.4,28.55,0,79.97
0.62,33.5,3.69,10.2,182.66,28.89,0,80.01
0.63,33.26,3.5,10.28,185.49,29.33,0,80.74
0.69,32.87,3.38,10.08,184.48,28.92,0,79.79
0.66,33.04,3.38,10.02,185.96,29.06,0,79.05
0.66,33.83,3.38,10.24,188.05,28.81,0,79.98
0.69,33.59,3.32,10.23,190.63,29.13,0,79.34
0.75,33.55,3.37,10.27,191.52,28.39,0,79.09
0.98,33.86,3.34,10.31,189.14,28.65,0,78.74
0.92,33.83,3.31,10.35,187.77,29.53,0,79.1
0.95,35.06,3.24,10.4,189.93,29.99,0,80.47
0.91,34.42,3.02,10.32,188.73,30.39,0,80.41
0.91,34.78,3.14,10.14,188.87,31.26,0,81.24
0.9,34.7,3.29,10.29,195.31,31.07,0,81.95
0.9,35.52,3.22,10.52,196.59,31.89,0,81.42
0.9,35.25,3.13,10.51,193.21,31.3,0,80.63
0.86,35.47,3.08,10.25,192.26,30.61,0,79.47
1.04,35.05,3.08,10.12,187.84,29.97,0,78.11
1.1,34.49,3.03,9.51,185.07,29.03,0,77.88
1.38,35.9,2.98,9.32,188.55,28.7,0,77.06
1.48,36.81,2.92,9.16,186.64,27.75,0,75.51
1.45,36.98,2.85,9.59,181.95,28.37,0,76.38
1.48,37.05,2.89,9.73,181.82,28.58,0,75.41
1.48,37.42,2.85,9.93,185.54,28.4,0,76.38
1.56,36.55,2.84,9.7,187.53,27.99,0,74.35
1.86,36.48,2.84,9.7,189.58,27.89,0,74.98
2.31,35.94,2.87,9.81,184.61,26.45,0,74.14
2.46,36.16,2.84,10.02,185.61,27.19,0,74.49
2.93,36.71,2.96,10.11,183.67,30.36,0,75.91
2.26,36.43,2.97,10.47,180.73,29.61,0,75.49
2.44,36,3.05,10.71,181.48,30.58,0,79.05
2.24,35.86,3.12,10.84,185.15,29.81,0,78.33
1.95,35.6,3.14,10.9,186.66,30.27,0,78.88
2.18,35.81,3.16,10.9,187.05,30.44,0,79.32
2.2,35.65,3.16,10.54,187.53,30.75,0,79.19
2.19,35.02,3.13,10.39,183.12,31.1,0,78.92
2.08,34.36,3.09,10.55,181.61,31.91,0,79.17
2.25,34.73,3.12,10.49,181.48,31.88,0,79.28
2.25,34.2,3.06,10.18,180.64,31.53,0,77.97
2.09,34.38,2.88,10.09,180.34,31.01,0,73.34
2.03,33.41,2.91,10.03,179.64,30.67,0,73.85
2.09,33.51,2.87,10.2,178.45,31.44,0,74.88
2.09,33.8,2.91,10.32,179.5,31.69,0,74.48
1.98,33.82,2.88,10.38,174.97,32.94,0,73.7
2.04,33.07,2.91,10.16,172.32,37.25,0,71.33
1.66,32.21,2.92,9.5,165.15,37.74,0,70.08
1.74,32.44,2.9,9.27,165.85,36.86,0,70.65
1.9,32.15,2.88,9.2,165.23,37.48,0,71.12
1.95,32.35,2.88,9.33,176.38,37.06,0,71.63
1.91,32.69,2.9,9.7,184.84,36.79,0,71.85
1.91,33.85,2.88,9.38,180.9,36.44,0,71.54
1.91,32.84,2.93,9.95,183.48,37.59,0,70.88
1.88,32.59,2.97,9.98,185.84,38.47,0,70.45
2.06,33.78,2.94,10.59,200.75,37.93,0,71.69
2.04,35.36,3.02,11.21,200.64,38.97,0,74.75
2.08,36.51,3,11.26,194.52,39.58,0,75.12
2.06,36.82,2.95,10.82,194.91,37.91,0,74.51
2.05,36.65,2.96,11.25,202.1,38.79,0,75.88
2.24,37.33,2.96,11.71,206.33,39.4,0,78.68
2.39,37.43,3.01,11.91,205.17,40.56,0,78.39
2.66,37.76,3.05,11.4,203.75,38.59,0,77.47
2.81,36.51,3.19,11.3,204.21,38.78,0,77.51
2.88,36.51,3.13,11.06,200.59,38.44,0,76.75
2.99,35.61,3.13,11.21,201.58,38.44,0,76.65
2.77,35.28,3.18,11.65,207.83,39,0,78.02
2.48,35.02,3.11,11.38,204.85,38.47,0,76.9
2.51,35.12,3.16,11.27,203.48,38.81,0,76.17
2.4,35.16,3.15,11.3,204.81,39.21,0,75.99
2.41,34.67,3.01,11.24,205.9,39.08,0,75.86
2.31,34.94,3.06,11.34,205.77,40.41,0,77.02
2.13,35.33,3.16,11.27,205,39.82,0,78.11
2.43,35.65,3.14,11.36,210,39.95,0,78.55
2.31,35.74,3.13,11.69,213.79,40.43,0,80.78
2.27,37.42,3.23,11.91,212.12,40.62,0,81.66
2.35,38.12,3.38,12.16,213.01,42.53,0,82.65
2.25,38.22,3.35,12.33,209.39,42.61,0,84.56
2.33,38.41,3.14,12.4,207.29,43.21,0,85.01
2.42,38.31,2.94,12.48,205.25,43.85,0,85
2.71,37.91,3.05,12.77,206.98,42.5,0,84.39
2.47,37.28,2.98,12.82,212.37,42.04,0,84.3
2.41,37.57,3,12.72,214.83,42.77,0,85.64
2.36,36.72,3,12.85,217.93,43.29,0,85.67
2.39,36.59,2.99,12.6,218.66,44.17,0,86.19
2.23,35.59,2.97,11.68,214.57,44.23,0,84.17
2.18,35.79,2.94,11.79,212.95,44.73,0,82.2
2.17,35.65,2.92,11.86,215.49,46.03,0,82.2
2.22,35.86,2.91,11.87,215.91,47,0,82.58
2.25,36.29,2.91,12.01,217.51,47.29,0,82.71
2.1,36.66,2.91,12.03,218.64,46.51,0,82.49
1.82,36.78,2.92,11.79,217.54,44.93,0,81.88
1.93,36.43,2.91,11.7,218.29,44.68,0,81.51
2.04,35.6,2.91,11.66,219.05,44.56,0,82.73
2.08,35.62,2.92,11.66,218.38,43.78,0,82.25
2.08,36.17,2.91,11.64,216.74,43.04,0,81.53
2.1,36.63,2.89,11.98,216.98,43.67,0,82.35
2.18,36.95,2.87,13.38,224.42,46.77,0,82.51
2.09,36.8,2.87,12.98,228.76,47.78,0,82.98
2.1,36.81,2.93,12.88,230.23,45.59,0,83.11
1.98,36.51,2.93,12.71,226.88,45.21,0,82.32
1.94,35.85,2.88,12.8,228.09,44.36,0,81.04
2.1,36.19,2.94,12.39,224.57,44.4,0,81.21
2.03,36.52,2.9,12.28,223.9,44.58,0,81.18
2.02,36.38,2.9,12.23,220,44.19,0,80.95
1.95,36.13,2.93,11.97,219.48,44.55,0,81.41
1.94,36,2.93,12,223.01,45.09,0,81.9
1.94,36.09,2.92,12.46,227.58,45.05,0,81.73
2.01,36.09,2.92,12.14,228.69,45.1,0,81.35
2.14,35.97,2.9,12.17,226.92,45.23,30.01,80.67
2.17,35.99,2.86,12.25,222.23,45.09,28.59,81.36
2.09,35.9,2.84,12.08,219.9,46.06,24.03,81.99
2.01,36.56,2.84,11.91,213.42,45.34,23.2,79.87
2.06,35.97,2.76,11.93,216.74,47.25,24.15,81.28
2,34.91,2.69,11.74,210.93,46.93,22.51,79.6
2.71,34.74,2.71,11.65,215.19,51.62,23.06,79.02
2.38,35.38,2.78,12.16,217.92,50.71,25.85,79.22
2.56,35.41,2.76,11.93,216.24,51.96,26.72,80.28
2.68,35.16,2.75,12.47,223.51,53.43,25.16,83.63
2.86,35.11,2.76,12.5,227.93,54.27,24.3,84.3
2.86,35.4,2.76,13.03,228.63,55.75,22.05,86.02
3.03,35.87,2.75,13.22,233.84,56.59,22.52,85.66
3.53,35.57,2.74,13.11,240.41,55.03,22.43,85.96
3.68,35.38,2.75,13.75,236.39,57.49,24.94,85.38
3.6,35.65,2.76,14.34,241.42,59,24.48,86.12
4.08,36.65,2.75,14.44,238.99,56.43,23.96,86.15
4.35,36.1,2.73,14.22,231.87,53.44,23.98,86
4.31,34.68,2.71,13.94,228.46,52.98,23.72,86.6
3.85,34.08,2.7,13.86,226.3,51.75,22.61,86.36
3.96,33.65,2.68,14.16,223.28,51.48,21.03,85.47
4.26,33.84,2.64,14.1,222.56,49.82,19.85,86.52
3.77,34.24,2.6,13.97,222.49,51.29,20.12,86.45
3.97,33.95,2.61,14.39,224.05,52.21,19.46,87.57
3.76,33.5,2.61,13.98,217.93,50.55,17.19,86.53
3.55,32.65,2.59,13.65,214.14,49.21,17.55,84.01
3.69,33.45,2.6,14.12,217.75,51.64,19.88,84.95
3.55,33.35,2.65,13.78,218.15,49.96,18.96,85.1
3.7,33.56,2.63,13.92,216.1,48.98,17.95,85.16
3.33,34.01,2.62,13.42,211.15,47.62,16.69,84.66
3.14,34.34,2.6,13.92,217.01,48.22,16.11,86.16
3.26,34.25,2.6,14.12,220.63,48.51,13.83,86.39
3.23,34.18,2.57,14.44,227.15,49.83,16.13,87.05
3.11,34.42,2.58,15.01,227.11,50.72,15.36,86.77
3.28,34.55,2.58,15.15,228.47,51.54,18.8,86.63
3.47,34.72,2.57,14.97,229.45,52.74,17.35,87.72
3.3,35.12,2.57,14.78,229.86,52.78,19.57,87.67
3.29,35.34,2.61,14.53,230.78,51.06,19.08,88.21
3.17,36.13,2.58,14.86,233.26,52.13,18.06,89.21
3.21,36.27,2.6,14.3,231.16,51.74,18.58,90.52
3.17,36.68,2.68,14.6,234.72,52.15,19.46,89.26
3.14,37.16,2.68,14.22,230.77,53.06,10.15,89.98
3.26,37.71,2.61,13.87,229.12,50.86,10.09,88.06
3.13,37.44,2.54,13.67,229.8,51.21,8.94,88.6
2.88,36.18,2.55,13.95,231.22,51.96,9.21,88.74
3.06,36.46,2.56,14.24,235.31,52.39,9.12,90.58
2.88,37.13,2.59,14.08,236.13,50.76,10.69,90.99
2.81,36.38,2.61,14.16,234.01,51.6,10.24,89.41
2.84,36.44,2.57,13.98,228.11,52.18,10.4,88.8
2.91,35.67,2.58,14.12,229.7,52.57,10.99,88.07
2.9,35.51,2.58,14.16,229.36,51.79,10.67,88.12
2.8,35.95,2.58,14.11,230.33,50.98,10.15,88.6
2.66,36.27,2.58,14.12,236.43,50.96,10.07,88.64
2.57,36.46,2.57,14.08,235.13,50.36,9.58,88.28
2.71,37.55,2.63,14.26,224.3,52.05,10.01,89.46
2.73,36.59,2.7,14.47,224.27,51.36,9.32,91.06
2.53,36.63,2.62,14.43,226.48,50.33,8.58,91.43
2.47,36.66,2.6,14.24,226.72,49.93,9,90.78
2.42,36.57,2.6,14.38,229.11,49.77,9.2,91.12
2.27,37.07,2.58,14.49,234.8,49.56,9.25,91.86
2.33,38.11,2.58,14.5,238.86,49.82,9.11,92.91
2.57,38.28,2.58,14.18,237.67,47.01,9.28,91.69
2.48,35.37,2.58,13.58,238.4,46.01,9.09,94.04
2.48,35.96,2.57,13.76,241.11,47.06,9.89,94.22
2.7,36.04,2.57,13.62,238.43,46.75,10.52,94.05
2.83,35.92,2.56,13.75,240.56,48.05,12.13,94.61
3.16,35.55,2.57,13.45,238.63,48.89,12.53,94.45
3.45,35.43,2.56,13.55,238.43,51.19,12.49,94.5
3.46,35.21,2.59,13.44,237.94,49.09,12.02,94.2
3.68,34.49,2.57,12.98,241.72,48.88,10.99,95.12
3.89,35.23,2.56,13.06,240.41,48.79,10.9,95.02
3.68,35.73,2.55,13.36,243.03,47.84,11.1,95.86
3.25,35.66,2.53,13.54,240.05,47.86,10.52,94.96
3.34,35.68,2.52,13.19,239.73,48.17,10.86,95.49
3.04,36.82,2.5,13.89,241.62,46.82,10.76,96.87
2.95,37.28,2.49,13.92,240.99,47.01,11.05,97.4
2.77,37.11,2.5,14.09,239.33,46.37,9.94,98.07
2.61,36.34,2.49,13.84,234,46.32,10.82,97.32
2.65,37.01,2.46,13.62,229.71,45.17,10.76,96.21
2.57,37.03,2.42,13.8,230.95,44.94,10.38,97.52
2.68,37.14,2.39,13.84,234.55,45.86,10.98,97.73
2.83,36.99,2.39,14.49,235.94,45.12,11.86,97.58
2.76,36.86,2.4,14.55,234.19,44.12,12.1,97.67
2.72,36.51,2.35,14.74,232.38,44.34,12.13,96.37
2.8,36.57,2.34,14.76,236.2,44.13,11.65,97.44
2.8,36.81,2.34,14.7,237.43,43.91,11.61,97.44
2.8,36.75,2.35,14.79,236.58,43.79,11.27,98.18
2.79,36.46,2.35,14.43,237.94,43.73,11,97.52
2.72,36.49,2.35,14.63,237.19,43.7,10.89,97.32
2.65,36.25,2.34,14.26,237.11,43.56,11.73,96.66
2.62,35.63,2.34,13.74,239.84,42.86,11.31,96.46
2.66,35.48,2.35,13.93,238.72,42.78,11.56,96.62
2.77,35.66,2.39,14.3,237.35,43.2,11.84,96.78
2.84,35.87,2.4,14.28,239.32,43.39,11.2,96.86
2.7,36.06,2.39,14.36,238.75,42.83,10.86,97.36
2.73,35.91,2.37,14.5,239.34,43.84,9.91,97.9
2.83,36.44,2.38,14.85,239.07,46.18,8.95,98.56
2.72,36.59,2.34,14.66,238.46,45.81,9,96.4
2.64,36.92,2.34,14.66,236.82,44.91,9.27,96.76
2.62,37,2.39,14.51,237.33,45.05,9.17,97.55
2.65,36.86,2.39,14.56,237.97,45.15,9.49,98.84
2.69,36.72,2.41,14.44,236.48,45.37,9.44,100.55
2.65,37.39,2.47,14.08,236.24,44.86,9.36,100.47
2.63,37.12,2.53,14.09,234.09,44.42,9.4,99.92
2.63,37.39,2.56,13.69,229.69,42.81,8.82,100
2.62,36.67,2.54,13.05,220.97,42.14,9.01,99.51
2.59,36.93,2.57,13.54,226,43.07,8.51,100.14
2.57,36.71,2.66,13.56,224.7,43.1,8.43,100
2.55,36.42,2.69,13.63,224.28,42.77,8.72,100.05
2.4,36.4,2.72,13.89,226.13,44.29,9.27,99.05
2.32,36.6,2.75,13.83,228.72,43.03,9.05,99.06
2.39,36.99,2.89,13.85,229.51,43.97,9.04,98.72
2.39,37.15,3.09,14.01,231.65,44.28,8.71,97.95
2.58,36.78,3.14,14.15,234.07,45.84,8.73,99.1
2.55,37.15,3.14,14.21,232.15,47.06,8.76,99.91
2.62,37.05,3.35,14.17,231.49,46.18,8.43,100.33
2.58,37.16,3.12,14.02,231.08,46.11,8.15,99.49
2.43,36.82,2.94,13.82,229.49,46.35,8.11,98.67
2.42,37.07,2.9,13.64,227.05,46.02,8.14,98.8
2.39,36.23,2.88,13.57,227.18,46.4,7.8,98.4
2.43,36.42,2.93,13.8,227.75,46.34,7.95,99.42
2.51,36.43,2.97,13.98,226.61,47,7.53,98.54
2.43,36.54,2.95,13.59,225.61,46.06,7.58,97.72
2.46,36.78,2.88,13.63,225.94,46.84,7.25,99.59
2.46,36.69,2.89,13.63,225.08,46.35,7.25,99.32
2.48,37.4,2.86,13.42,224.01,45.8,6.56,98.94
2.36,36.07,2.66,13.09,222.14,44.57,6.38,98.15
2.4,35.78,2.55,13.37,225.29,44.18,6.09,94.99
2.47,36.02,2.56,13.58,225.95,44.67,6.16,96.54
2.72,35.92,2.57,13.17,223.96,44.27,5.7,97.24
2.88,36.37,2.56,13.24,224.63,45.65,4.97,98.4
2.96,36.34,2.52,13.36,224.99,46.91,4.45,99.04
2.78,36.4,2.47,13.27,226.36,51.79,4.31,99.86
2.98,35.91,2.44,13.4,226.49,51.42,4.39,98.96
2.86,35.77,2.47,13.44,224.56,51.83,4.48,100.29
2.86,35.21,2.33,13.37,224.35,53.02,4.36,100.12
2.83,35.52,2.32,13.25,222.81,53.6,4.66,100.03
2.84,35.54,2.35,13.44,221.4,52.02,4.85,100.45
2.86,35.19,2.33,13.23,219.39,51.5,4.61,99.5
2.86,34.89,2.34,14.33,219.54,50.78,4.64,99.59
2.89,34.8,2.33,14.26,218.8,49.74,4.47,99.21
3,34.91,2.33,14.3,217.27,47.02,4.54,99.2
3.06,34.79,2.31,14.53,218.19,47.25,4.6,99.96
3.1,35.15,2.32,14.72,213.4,48.95,4.71,99.79
3.26,35.08,2.34,14.58,211.94,47.11,4.9,100.02
3.46,35.28,2.31,14.56,213.65,45.72,5.02,101.64
3.23,35.2,2.29,14.44,214.06,49.46,4.55,102.39
3.14,35.5,2.25,14.46,213.45,49.02,4.49,102.52
3.24,35.41,2.19,14.38,214.43,47.59,4.46,100.98
3.14,35.08,2.15,14.16,213.88,47.62,4.22,101.45
3.18,35.63,2.15,14.28,213.83,48.48,3.92,101.44
3.43,35.55,2.26,14.39,216.08,48.57,3.81,100.89
3.52,35.31,2.29,14.49,216.88,48.19,4.08,100.62
3.57,35.49,2.3,14.5,214.95,49.3,4.36,101.26
3.69,35.38,2.29,14.41,214.35,49.5,5.14,101.25
3.81,35.46,2.27,14.95,212.4,50.12,5.38,102.11
3.76,35.78,2.32,14.9,211.88,50.18,5.13,103.08
3.61,35.85,2.37,15.01,211.2,49.77,5.14,103.03
3.51,35.54,2.37,15.07,215.02,50.41,5.38,103.56
3.68,35.72,2.31,15.26,212.47,52.01,5.9,105.64
3.62,35.61,2.35,15.25,211.86,52,6.05,106.11
3.79,35.97,2.35,15.21,213.62,51.34,6.23,106.52
3.7,35.76,2.34,15.14,215.85,50.58,6.54,106.07
3.66,35.77,2.3,14.92,217.05,49.83,6.9,103.84
3.62,34.98,2.38,14.62,216.01,49,6.9,102.6
3.62,34.88,2.35,14.36,214.03,47.74,5.73,103.61
3.66,34.93,2.3,12.99,214.99,47.44,5.1,102.6
3.51,34.93,2.31,12.44,215.6,47.58,5.05,101.99
3.28,35.07,2.28,12.55,218.58,48.38,4.91,104.04
3.06,34.99,2.3,12.39,215.49,48.56,4.97,102.85
3.26,34.91,2.26,12.37,214.92,44.11,4.85,101.86
3.04,34.7,2.26,12.18,210.09,44.64,4.51,100.98
3.08,35.02,2.24,12.16,209.07,44.03,4.53,100.46
3.04,35.37,2.23,12.31,211.21,44.69,4.67,100.49
3.07,35.08,2.23,12.53,213.99,44.79,4.67,101.43
3.18,34.92,2.21,12.35,212.62,44.81,4.51,101.83
3.19,35.12,2.21,12.75,211.54,45.98,4.58,102.56
3.06,35.47,2.24,12.76,209.9,47.26,4.49,98.47
3.11,35.95,2.25,12.92,211.76,48.08,4.43,99.48
2.99,34.21,2.31,12.75,210.72,47.76,4.52,94.8
3,33.36,2.28,13.38,213.58,48.52,4.6,96.09
2.77,33.72,2.31,13.4,213.13,48.34,4.19,96.24
2.77,33.49,2.32,13.49,213.11,48.2,4.29,96.4
2.78,33.17,2.35,13.61,211.52,48.12,4.25,96.67
2.89,33.28,2.47,13.63,216.58,48.08,4.76,95.65
3.04,33.32,2.46,13.85,219.71,48.08,4.87,95.35
3.1,33.38,2.41,13.8,219.7,48.01,4.87,95.13
3.01,33.36,2.4,13.67,218.78,48.07,4.63,95.6
3.06,33.76,2.45,13.77,219.16,48.39,5.34,97.51
3.06,34.06,2.46,13.87,220.39,48.41,5.07,98.83
3.1,34.14,2.44,13.69,218.96,47.97,5.41,98.38
3.22,33.94,2.5,13.58,215.58,46.61,5.93,97.36
3.1,33.89,2.49,13.46,216.29,46.78,6,95.86
3.02,34.2,2.49,13.57,218.27,46.67,5.98,97.08
2.98,34.14,2.5,13.6,218.47,47.04,5.64,96.53
2.84,34.15,2.48,13.56,219.4,47.58,5.79,96.88
2.74,33.93,2.41,13.97,217.74,48.65,5.77,96.58
2.76,34.07,2.43,13.82,218.3,38.55,5.27,96.21
2.74,34.14,2.45,13.59,214.94,37.79,5.11,94.87
2.69,33.95,2.38,13.51,216.77,37.61,4.95,95.95
