"","Date","U.MGM.EPS.","U.LVS.EPS.","X.WYNN.EPS.","X.GDEN.EPS.","U.BYD.EPS.","U.BALY.EPS.","X.RRR.EPS."
"902","04/11/19",0.81,3.14,1.7,0,1,1.87,1.35
"903","04/12/19",0.81,3.14,1.7,0,1,1.87,1.35
"904","04/15/19",0.81,3.14,1.7,0,1,1.87,1.35
"905","04/16/19",0.81,3.14,1.7,0,1,1.87,1.35
"906","04/17/19",0.81,3.14,1.7,0,1,1.87,1.35
"907","04/18/19",0.81,3.14,1.7,0,1,1.87,1.35
"908","04/19/19",0.81,2.89,1.7,0,1,1.87,1.35
"909","04/22/19",0.81,2.89,1.7,0,1,1.87,1.35
"910","04/23/19",0.81,2.89,1.7,0,1,1.87,1.35
"911","04/24/19",0.81,2.89,1.7,0,1,1.87,1.35
"912","04/25/19",0.81,2.89,1.7,0,1,1.87,1.35
"913","04/26/19",0.81,2.89,1.7,0,1,1.87,1.35
"914","04/29/19",0.81,2.89,1.7,0,1,1.87,1.35
"915","04/30/19",0.81,2.89,1.7,0,1.04,1.87,1.35
"916","05/01/19",0.81,2.89,1.7,0,1.04,1.87,1.35
"917","05/02/19",0.47,2.89,1.7,0,1.04,1.87,1.01
"918","05/03/19",0.47,2.89,1.7,0,1.04,1.87,1.01
"919","05/06/19",0.47,2.89,1.7,0,1.04,1.87,1.01
"920","05/07/19",0.47,2.89,1.7,0,1.04,1.87,1.01
"921","05/08/19",0.47,2.89,1.7,0,1.04,1.87,1.01
"922","05/09/19",0.47,2.89,1.7,0,1.04,1.87,1.01
"923","05/10/19",0.47,2.89,1.7,0,1.04,1.87,1.01
"924","05/13/19",0.47,2.89,1.7,0,1.04,1.87,1.01
"925","05/14/19",0.47,2.89,4.58,0,1.04,1.87,1.01
"926","05/15/19",0.47,2.89,4.58,0,1.04,1.87,1.01
"927","05/16/19",0.47,2.89,4.58,0,1.04,1.87,1.01
"928","05/17/19",0.47,2.89,4.58,0,1.04,1.87,1.01
"929","05/20/19",0.47,2.89,4.58,0,1.04,1.87,1.01
"930","05/21/19",0.47,2.89,4.58,0,1.04,1.87,1.01
"931","05/22/19",0.47,2.89,4.58,0,1.04,1.87,1.01
"932","05/23/19",0.47,2.89,4.58,0,1.04,1.87,1.01
"933","05/24/19",0.47,2.89,4.58,0,1.04,1.87,1.01
"934","05/27/19",0.47,2.89,4.58,0,1.04,1.87,1.01
"935","05/28/19",0.47,2.89,4.58,0,1.04,1.87,1.01
"936","05/29/19",0.47,2.89,4.58,0,1.04,1.87,1.01
"937","05/30/19",0.47,2.89,4.58,0,1.04,1.87,1.01
"938","05/31/19",0.47,2.89,4.58,0,1.04,1.87,1.01
"939","06/03/19",0.47,2.89,4.58,0,1.04,1.87,1.01
"940","06/04/19",0.47,2.89,4.58,0,1.04,1.87,1.01
"941","06/05/19",0.47,2.89,4.58,0,1.04,1.87,1.01
"942","06/06/19",0.47,2.89,4.58,0,1.04,1.87,1.01
"943","06/07/19",0.47,2.89,4.58,0,1.04,1.87,1.01
"944","06/10/19",0.47,2.89,4.58,0,1.04,1.87,1.01
"945","06/11/19",0.47,2.89,4.58,0,1.04,1.87,1.01
"946","06/12/19",0.47,2.89,4.58,0,1.04,1.87,1.01
"947","06/13/19",0.47,2.89,4.58,0,1.04,1.87,1.01
"948","06/14/19",0.47,2.89,4.58,0,1.04,1.87,1.01
"949","06/17/19",0.47,2.89,4.58,0,1.04,1.87,1.01
"950","06/18/19",0.47,2.89,4.58,0,1.04,1.87,1.01
"951","06/19/19",0.47,2.89,4.58,0,1.04,1.87,1.01
"952","06/20/19",0.47,2.89,4.58,0,1.04,1.87,1.01
"953","06/21/19",0.47,2.89,4.58,0,1.04,1.87,1.01
"954","06/24/19",0.47,2.89,4.58,0,1.04,1.87,1.01
"955","06/25/19",0.47,2.89,4.58,0,1.04,1.87,1.01
"956","06/26/19",0.47,2.89,4.58,0,1.04,1.87,1.01
"957","06/27/19",0.47,2.89,4.58,0,1.04,1.87,1.01
"958","06/28/19",0.47,2.89,4.58,0,1.04,1.87,1.01
"959","07/01/19",0.47,2.89,4.58,0,1.04,1.87,1.01
"960","07/02/19",0.47,2.89,4.58,0,1.04,1.87,1.01
"961","07/03/19",0.47,2.89,4.58,0,1.04,1.87,1.01
"962","07/04/19",0.47,2.89,4.58,0,1.04,1.87,1.01
"963","07/05/19",0.47,2.89,4.58,0,1.04,1.87,1.01
"964","07/08/19",0.47,2.89,4.58,0,1.04,1.87,1.01
"965","07/09/19",0.47,2.89,4.58,0,1.04,1.87,1.01
"966","07/10/19",0.47,2.89,4.58,0,1.04,1.87,1.01
"967","07/11/19",0.47,2.89,4.58,0,1.04,1.87,1.01
"968","07/12/19",0.47,2.89,4.58,0,1.04,1.87,1.01
"969","07/15/19",0.47,2.89,4.58,0,1.04,1.87,1.01
"970","07/16/19",0.47,2.89,4.58,0,1.04,1.87,1.01
"971","07/17/19",0.47,2.89,4.58,0,1.04,1.87,1.01
"972","07/18/19",0.47,2.89,4.58,0,1.04,1.87,1.01
"973","07/19/19",0.47,2.89,4.58,0,1.04,1.87,1.01
"974","07/22/19",0.47,2.89,4.58,0,1.04,1.87,1.01
"975","07/23/19",0.47,2.89,4.58,0,1.04,1.87,1.01
"976","07/24/19",0.47,2.89,4.58,0,1.04,1.87,1.01
"977","07/25/19",0.47,2.89,4.58,0,1.04,1.87,1.01
"978","07/26/19",0.47,3.43,4.58,0,1.04,1.87,1.01
"979","07/29/19",0.35,3.43,4.58,0,1.04,1.87,1.01
"980","07/30/19",0.35,3.43,4.58,0,1.04,1.87,1.01
"981","07/31/19",0.35,3.43,4.58,0,1.04,1.87,1.01
"982","08/01/19",0.35,3.43,4.58,0,1.13,1.87,1.01
"983","08/02/19",0.35,3.43,4.58,0,1.13,1.87,1.01
"984","08/05/19",0.35,3.43,4.58,0,1.13,1.87,1.01
"985","08/06/19",0.35,3.43,4.58,0,1.13,1.87,1.01
"986","08/07/19",0.35,3.43,4.58,0,1.13,1.87,1.01
"987","08/08/19",0.35,3.43,4.58,0,1.13,1.87,1.01
"988","08/09/19",0.35,3.43,4.02,0,1.13,1.87,0.27
"989","08/12/19",0.35,3.43,4.02,0,1.13,1.87,0.27
"990","08/13/19",0.35,3.43,4.02,0,1.13,1.87,0.27
"991","08/14/19",0.35,3.43,4.02,0,1.13,1.87,0.27
"992","08/15/19",0.35,3.43,4.02,0,1.13,1.87,0.27
"993","08/16/19",0.35,3.43,4.02,0,1.13,1.87,0.27
"994","08/19/19",0.35,3.43,4.02,0,1.13,1.87,0.27
"995","08/20/19",0.35,3.43,4.02,0,1.13,1.87,0.27
"996","08/21/19",0.35,3.43,4.02,0,1.13,1.87,0.27
"997","08/22/19",0.35,3.43,4.02,0,1.13,1.87,0.27
"998","08/23/19",0.35,3.43,4.02,0,1.13,1.87,0.27
"999","08/26/19",0.35,3.43,4.02,0,1.13,1.87,0.27
"1000","08/27/19",0.35,3.43,4.02,0,1.13,1.87,0.27
"1001","08/28/19",0.35,3.43,4.02,0,1.13,1.87,0.27
"1002","08/29/19",0.35,3.43,4.02,0,1.13,1.87,0.27
"1003","08/30/19",0.35,3.43,4.02,0,1.13,1.87,0.27
"1004","09/02/19",0.35,3.43,4.02,0,1.13,1.87,0.27
"1005","09/03/19",0.35,3.43,4.02,0,1.13,1.87,0.27
"1006","09/04/19",0.35,3.43,4.02,0,1.13,1.87,0.27
"1007","09/05/19",0.35,3.43,4.02,0,1.13,1.87,0.27
"1008","09/06/19",0.35,3.43,4.02,0,1.13,1.87,0.27
"1009","09/09/19",0.35,3.43,4.02,0,1.13,1.87,0.27
"1010","09/10/19",0.35,3.43,4.02,0,1.13,1.87,0.27
"1011","09/11/19",0.35,3.43,4.02,0,1.13,1.87,0.27
"1012","09/12/19",0.35,3.43,4.02,0,1.13,1.87,0.27
"1013","09/13/19",0.35,3.43,4.02,0,1.13,1.87,0.27
"1014","09/16/19",0.35,3.43,4.02,0,1.13,1.87,0.27
"1015","09/17/19",0.35,3.43,4.02,0,1.13,1.87,0.27
"1016","09/18/19",0.35,3.43,4.02,0,1.13,1.87,0.27
"1017","09/19/19",0.35,3.43,4.02,0,1.13,1.87,0.27
"1018","09/20/19",0.35,3.43,4.02,0,1.13,1.87,0.27
"1019","09/23/19",0.35,3.43,4.02,0,1.13,1.87,0.27
"1020","09/24/19",0.35,3.43,4.02,0,1.13,1.87,0.27
"1021","09/25/19",0.35,3.43,4.02,0,1.13,1.87,0.27
"1022","09/26/19",0.35,3.43,4.02,0,1.13,1.87,0.27
"1023","09/27/19",0.35,3.43,4.02,0,1.13,1.87,0.27
"1024","09/30/19",0.35,3.43,4.02,0,1.13,1.87,0.27
"1025","10/01/19",0.35,3.43,4.02,0,1.13,1.87,0.27
"1026","10/02/19",0.35,3.43,4.02,0,1.13,1.87,0.27
"1027","10/03/19",0.35,3.43,4.02,0,1.13,1.87,0.27
"1028","10/04/19",0.35,3.43,4.02,0,1.13,1.87,0.27
"1029","10/07/19",0.35,3.43,4.02,0,1.13,1.87,0.27
"1030","10/08/19",0.35,3.43,4.02,0,1.13,1.87,0.27
"1031","10/09/19",0.35,3.43,4.02,0,1.13,1.87,0.27
"1032","10/10/19",0.35,3.43,4.02,0,1.13,1.87,0.27
"1033","10/11/19",0.35,3.43,4.02,0,1.13,1.87,0.27
"1034","10/14/19",0.35,3.43,4.02,0,1.13,1.87,0.27
"1035","10/15/19",0.35,3.43,4.02,0,1.13,1.87,0.27
"1036","10/16/19",0.35,3.43,4.02,0,1.13,1.87,0.27
"1037","10/17/19",0.35,3.43,4.02,0,1.13,1.87,0.27
"1038","10/18/19",0.35,3.43,4.02,0,1.13,1.87,0.27
"1039","10/21/19",0.35,3.43,4.02,0,1.13,1.87,0.27
"1040","10/22/19",0.35,3.43,4.02,0,1.13,1.87,0.27
"1041","10/23/19",0.35,3.43,4.02,0,1.13,1.87,0.27
"1042","10/24/19",0.35,3.43,4.02,0,1.37,1.87,0.27
"1043","10/25/19",0.35,3.39,4.02,0,1.37,1.87,0.27
"1044","10/28/19",0.35,3.39,4.02,0,1.37,1.87,0.27
"1045","10/29/19",0.35,3.39,4.02,0,1.37,1.87,0.27
"1046","10/30/19",0.35,3.39,4.02,0,1.37,1.87,0.27
"1047","10/31/19",0.35,3.39,4.02,0,1.37,1.87,0.27
"1048","11/01/19",0,3.39,4.02,0,1.37,1.87,0.27
"1049","11/04/19",0,3.39,4.02,0,1.37,1.87,0.27
"1050","11/05/19",0,3.39,4.02,0,1.37,1.87,0.27
"1051","11/06/19",0,3.39,4.02,0,1.37,1.87,0.27
"1052","11/07/19",0,3.39,4.02,0,1.37,1.87,0
"1053","11/08/19",0,3.39,4.02,0,1.37,1.87,0
"1054","11/11/19",0,3.39,2.52,0,1.37,1.87,0
"1055","11/12/19",0,3.39,2.52,0,1.37,1.87,0
"1056","11/13/19",0,3.39,2.52,0,1.37,1.87,0
"1057","11/14/19",0,3.39,2.52,0,1.37,1.87,0
"1058","11/15/19",0,3.39,2.52,0,1.37,1.87,0
"1059","11/18/19",0,3.39,2.52,0,1.37,1.87,0
"1060","11/19/19",0,3.39,2.52,0,1.37,1.7,0
"1061","11/20/19",0,3.39,2.52,0,1.37,1.7,0
"1062","11/21/19",0,3.39,2.52,0,1.37,1.7,0
"1063","11/22/19",0,3.39,2.52,0,1.37,1.7,0
"1064","11/25/19",0,3.39,2.52,0,1.37,1.7,0
"1065","11/26/19",0,3.39,2.52,0,1.37,1.7,0
"1066","11/27/19",0,3.39,2.52,0,1.37,1.7,0
"1067","11/28/19",0,3.39,2.52,0,1.37,1.7,0
"1068","11/29/19",0,3.39,2.52,0,1.37,1.7,0
"1069","12/02/19",0,3.39,2.52,0,1.37,1.7,0
"1070","12/03/19",0,3.39,2.52,0,1.37,1.7,0
"1071","12/04/19",0,3.39,2.52,0,1.37,1.7,0
"1072","12/05/19",0,3.39,2.52,0,1.37,1.7,0
"1073","12/06/19",0,3.39,2.52,0,1.37,1.7,0
"1074","12/09/19",0,3.39,2.52,0,1.37,1.7,0
"1075","12/10/19",0,3.39,2.52,0,1.37,1.7,0
"1076","12/11/19",0,3.39,2.52,0,1.37,1.7,0
"1077","12/12/19",0,3.39,2.52,0,1.37,1.7,0
"1078","12/13/19",0,3.39,2.52,0,1.37,1.7,0
"1079","12/16/19",0,3.39,2.52,0,1.37,1.7,0
"1080","12/17/19",0,3.39,2.52,0,1.37,1.7,0
"1081","12/18/19",0,3.39,2.52,0,1.37,1.7,0
"1082","12/19/19",0,3.39,2.52,0,1.37,1.7,0
"1083","12/20/19",0,3.39,2.52,0,1.37,1.7,0
"1084","12/23/19",0,3.39,2.52,0,1.37,1.7,0
"1085","12/24/19",0,3.39,2.52,0,1.37,1.7,0
"1086","12/25/19",0,3.39,2.52,0,1.37,1.7,0
"1087","12/26/19",0,3.39,2.52,0,1.37,1.7,0
"1088","12/27/19",0,3.39,2.52,0,1.37,1.7,0
"1089","12/30/19",0,3.39,2.52,0,1.37,1.7,0
"1090","12/31/19",0,3.39,2.52,0,1.37,1.7,0
"1091","01/01/20",0,3.39,2.52,0,1.37,1.7,0
"1092","01/02/20",0,3.39,2.52,0,1.37,1.7,0
"1093","01/03/20",0,3.39,2.52,0,1.37,1.7,0
"1094","01/06/20",0,3.39,2.52,0,1.37,1.7,0
"1095","01/07/20",0,3.39,2.52,0,1.37,1.7,0
"1096","01/08/20",0,3.39,2.52,0,1.37,1.7,0
"1097","01/09/20",0,3.39,2.52,0,1.37,1.7,0
"1098","01/10/20",0,3.39,2.52,0,1.37,1.7,0
"1099","01/13/20",0,3.39,2.52,0,1.37,1.7,0
"1100","01/14/20",0,3.39,2.52,0,1.37,1.7,0
"1101","01/15/20",0,3.39,2.52,0,1.37,1.7,0
"1102","01/16/20",0,3.39,2.52,0,1.37,1.7,0
"1103","01/17/20",0,3.39,2.52,0,1.37,1.7,0
"1104","01/20/20",0,3.39,2.52,0,1.37,1.7,0
"1105","01/21/20",0,3.39,2.52,0,1.37,1.7,0
"1106","01/22/20",0,3.39,2.52,0,1.37,1.7,0
"1107","01/23/20",0,3.39,2.52,0,1.37,1.7,0
"1108","01/24/20",0,3.39,2.52,0,1.37,1.7,0
"1109","01/27/20",0,3.39,2.52,0,1.37,1.7,0
"1110","01/28/20",0,3.39,2.52,0,1.37,1.7,0
"1111","01/29/20",0,3.39,2.52,0,1.37,1.7,0
"1112","01/30/20",0,3.39,2.52,0,1.37,1.7,0
"1113","01/31/20",0,3.5,2.52,0,1.37,1.7,0
"1114","02/03/20",0,3.5,2.52,0,1.37,1.7,0
"1115","02/04/20",0,3.5,2.52,0,1.37,1.7,0
"1116","02/05/20",0,3.5,2.52,0,1.37,1.7,0
"1117","02/06/20",0,3.5,2.52,0,1.37,1.7,0
"1118","02/07/20",0,3.5,2.52,0,1.37,1.7,0
"1119","02/10/20",0,3.5,1.15,0,1.37,1.7,0
"1120","02/11/20",0,3.5,1.15,0,1.37,1.7,0
"1121","02/12/20",0,3.5,1.15,0,1.37,1.7,0
"1122","02/13/20",0,3.5,1.15,0,1.37,1.7,0
"1123","02/14/20",3.88,3.5,1.15,0,1.37,1.7,0
"1124","02/17/20",3.88,3.5,1.15,0,1.37,1.7,0
"1125","02/18/20",3.88,3.5,1.15,0,1.37,1.7,0
"1126","02/19/20",3.88,3.5,1.15,0,1.37,1.7,0
"1127","02/20/20",3.88,3.5,1.15,0,1.37,1.7,0
"1128","02/21/20",3.88,3.5,1.15,0,1.37,1.7,0
"1129","02/24/20",3.88,3.5,1.15,0,1.38,1.7,0
"1130","02/25/20",3.88,3.5,1.15,0,1.38,1.7,0
"1131","02/26/20",3.88,3.5,1.15,0,1.38,1.7,0
"1132","02/27/20",3.88,3.5,1.15,0,1.38,1.7,0
"1133","02/28/20",3.88,3.5,1.15,0,1.38,1.7,0
"1134","03/02/20",3.88,3.5,1.15,0,1.38,1.7,0
"1135","03/03/20",3.88,3.5,1.15,0,1.38,1.7,0
"1136","03/04/20",3.88,3.5,1.15,0,1.38,1.7,0
"1137","03/05/20",3.88,3.5,1.15,0,1.38,1.7,0
"1138","03/06/20",3.88,3.5,1.15,0,1.38,1.46,0
"1139","03/09/20",3.88,3.5,1.15,0,1.38,1.46,0
"1140","03/10/20",3.88,3.5,1.15,0,1.38,1.46,0
"1141","03/11/20",3.88,3.5,1.15,0,1.38,1.46,0
"1142","03/12/20",3.88,3.5,1.15,0,1.38,1.46,0
"1143","03/13/20",3.88,3.5,1.15,0,1.38,1.46,0
"1144","03/16/20",3.88,3.5,1.15,0,1.38,1.46,0
"1145","03/17/20",3.88,3.5,1.15,0,1.38,1.46,0
"1146","03/18/20",3.88,3.5,1.15,0,1.38,1.46,0
"1147","03/19/20",3.88,3.5,1.15,0,1.38,1.46,0
"1148","03/20/20",3.88,3.5,1.15,0,1.38,1.46,0
"1149","03/23/20",3.88,3.5,1.15,0,1.38,1.46,0
"1150","03/24/20",3.88,3.5,1.15,0,1.38,1.46,0
"1151","03/25/20",3.88,3.5,1.15,0,1.38,1.46,0
"1152","03/26/20",3.88,3.5,1.15,0,1.38,1.46,0
"1153","03/27/20",3.88,3.5,1.15,0,1.38,1.46,0
"1154","03/30/20",3.88,3.5,1.15,0,1.38,1.46,0
"1155","03/31/20",3.88,3.5,1.15,0,1.38,1.46,0
"1156","04/01/20",3.88,3.5,1.15,0,1.38,1.46,0
"1157","04/02/20",3.88,3.5,1.15,0,1.38,1.46,0
"1158","04/03/20",3.88,3.5,1.15,0,1.38,1.46,0
"1159","04/06/20",3.88,3.5,1.15,0,1.38,1.46,0
"1160","04/07/20",3.88,3.5,1.15,0,1.38,1.46,0
"1161","04/08/20",3.88,3.5,1.15,0,1.38,1.46,0
"1162","04/09/20",3.88,3.5,1.15,0,1.38,1.46,0
"1163","04/10/20",3.88,3.5,1.15,0,1.38,1.46,0
"1164","04/13/20",3.88,3.5,1.15,0,1.38,1.46,0
"1165","04/14/20",3.88,3.5,1.15,0,1.38,1.46,0
"1166","04/15/20",3.88,3.5,1.15,0,1.38,1.46,0
"1167","04/16/20",3.88,3.5,1.15,0,1.38,1.46,0
"1168","04/17/20",3.88,3.5,1.15,0,1.38,1.46,0
"1169","04/20/20",3.88,3.5,1.15,0,1.38,1.46,0
"1170","04/21/20",3.88,3.5,1.15,0,1.38,1.46,0
"1171","04/22/20",3.88,3.5,1.15,0,1.38,1.46,0
"1172","04/23/20",3.88,3.5,1.15,0,1.38,1.46,0
"1173","04/24/20",3.88,3.5,1.15,0,1.38,1.46,0
"1174","04/27/20",3.88,2.75,1.15,0,1.38,1.46,0
"1175","04/28/20",3.88,2.75,1.15,0,1.38,1.46,0
"1176","04/29/20",3.88,2.75,1.15,0,1.38,1.46,0
"1177","04/30/20",3.88,2.75,1.15,0,0,1.46,0
"1178","05/01/20",3.88,2.75,1.15,0,0,1.46,0
"1179","05/04/20",3.88,2.75,1.15,0,0,1.46,0
"1180","05/05/20",3.88,2.75,1.15,0,0,1.46,0
"1181","05/06/20",5.55,2.75,1.15,0,0,1.46,0
"1182","05/07/20",5.55,2.75,1.15,0,0,1.46,0
"1183","05/08/20",5.55,2.75,0,0,0,1.46,0
"1184","05/11/20",5.55,2.75,0,0,0,1.46,0
"1185","05/12/20",5.55,2.75,0,0,0,1.46,0
"1186","05/13/20",5.55,2.75,0,0,0,1.46,0
"1187","05/14/20",5.55,2.75,0,0,0,1.46,0
"1188","05/15/20",5.55,2.75,0,0,0,1.46,0
"1189","05/18/20",5.55,2.75,0,0,0,1.46,0
"1190","05/19/20",5.55,2.75,0,0,0,0.71,0
"1191","05/20/20",5.55,2.75,0,0,0,0.71,0
"1192","05/21/20",5.55,2.75,0,0,0,0.71,0
"1193","05/22/20",5.55,2.75,0,0,0,0.71,0
"1194","05/25/20",5.55,2.75,0,0,0,0.71,0
"1195","05/26/20",5.55,2.75,0,0,0,0.71,0
"1196","05/27/20",5.55,2.75,0,0,0,0.71,0
"1197","05/28/20",5.55,2.75,0,0,0,0.71,0
"1198","05/29/20",5.55,2.75,0,0,0,0.71,0
"1199","06/01/20",5.55,2.75,0,0,0,0.71,0
"1200","06/02/20",5.55,2.75,0,0,0,0.71,0
"1201","06/03/20",5.55,2.75,0,0,0,0.71,0
"1202","06/04/20",5.55,2.75,0,0,0,0.71,0
"1203","06/05/20",5.55,2.75,0,0,0,0.71,0
"1204","06/08/20",5.55,2.75,0,0,0,0.71,0
"1205","06/09/20",5.55,2.75,0,0,0,0.71,0
"1206","06/10/20",5.55,2.75,0,0,0,0.71,0
"1207","06/11/20",5.55,2.75,0,0,0,0.71,0
"1208","06/12/20",5.55,2.75,0,0,0,0.71,0
"1209","06/15/20",5.55,2.75,0,0,0,0.71,0
"1210","06/16/20",5.55,2.75,0,0,0,0.71,0
"1211","06/17/20",5.55,2.75,0,0,0,0.71,0
"1212","06/18/20",5.55,2.75,0,0,0,0.71,0
"1213","06/19/20",5.55,2.75,0,0,0,0.71,0
"1214","06/22/20",5.55,2.75,0,0,0,0.71,0
"1215","06/23/20",5.55,2.75,0,0,0,0.71,0
"1216","06/24/20",5.55,2.75,0,0,0,0.71,0
"1217","06/25/20",5.55,2.75,0,0,0,0.71,0
"1218","06/26/20",5.55,2.75,0,0,0,0.71,0
"1219","06/29/20",5.55,2.75,0,0,0,0.71,0
"1220","06/30/20",5.55,2.75,0,0,0,0.71,0
"1221","07/01/20",5.55,2.75,0,0,0,0.71,0
"1222","07/02/20",5.55,2.75,0,0,0,0.71,0
"1223","07/03/20",5.55,2.75,0,0,0,0.71,0
"1224","07/06/20",5.55,2.75,0,0,0,0.71,0
"1225","07/07/20",5.55,2.75,0,0,0,0.71,0
"1226","07/08/20",5.55,2.75,0,0,0,0.71,0
"1227","07/09/20",5.55,2.75,0,0,0,0.71,0
"1228","07/10/20",5.55,2.75,0,0,0,0.71,0
"1229","07/13/20",5.55,2.75,0,0,0,0.71,0
"1230","07/14/20",5.55,2.75,0,0,0,0.71,0
"1231","07/15/20",5.55,2.75,0,0,0,0.71,0
"1232","07/16/20",5.55,2.75,0,0,0,0.71,0
"1233","07/17/20",5.55,2.75,0,0,0,0.71,0
"1234","07/20/20",5.55,2.75,0,0,0,0.71,0
"1235","07/21/20",5.55,2.75,0,0,0,0.71,0
"1236","07/22/20",5.55,2.75,0,0,0,0.71,0
"1237","07/23/20",5.55,2.75,0,0,0,0.71,0
"1238","07/24/20",5.55,0.44,0,0,0,0.71,0
"1239","07/27/20",5.55,0.44,0,0,0,0.71,0
"1240","07/28/20",5.55,0.44,0,0,0,0.71,0
"1241","07/29/20",5.55,0.44,0,0,0,0.71,0
"1242","07/30/20",5.55,0.44,0,0,0,0.71,0
"1243","07/31/20",5.55,0.44,0,0,0,0.71,0
"1244","08/03/20",3.72,0.44,0,0,0,0.71,0
"1245","08/04/20",3.72,0.44,0,0,0,0.71,0
"1246","08/05/20",3.72,0.44,0,0,0,0.71,0
"1247","08/06/20",3.72,0.44,0,0,0,0.71,0
"1248","08/07/20",3.72,0.44,0,0,0,0.71,0
"1249","08/10/20",3.72,0.44,0,0,0,0.71,0
"1250","08/11/20",3.72,0.44,0,0,0,0.71,0
"1251","08/12/20",3.72,0.44,0,0,0,0.71,0
"1252","08/13/20",3.72,0.44,0,0,0,0.71,0
"1253","08/14/20",3.72,0.44,0,0,0,0.71,0
"1254","08/17/20",3.72,0.44,0,0,0,0.71,0
"1255","08/18/20",3.72,0.44,0,0,0,0,0
"1256","08/19/20",3.72,0.44,0,0,0,0,0
"1257","08/20/20",3.72,0.44,0,0,0,0,0
"1258","08/21/20",3.72,0.44,0,0,0,0,0
"1259","08/24/20",3.72,0.44,0,0,0,0,0
"1260","08/25/20",3.72,0.44,0,0,0,0,0
"1261","08/26/20",3.72,0.44,0,0,0,0,0
"1262","08/27/20",3.72,0.44,0,0,0,0,0
"1263","08/28/20",3.72,0.44,0,0,0,0,0
"1264","08/31/20",3.72,0.44,0,0,0,0,0
"1265","09/01/20",3.72,0.44,0,0,0,0,0
"1266","09/02/20",3.72,0.44,0,0,0,0,0
"1267","09/03/20",3.72,0.44,0,0,0,0,0
"1268","09/04/20",3.72,0.44,0,0,0,0,0
"1269","09/07/20",3.72,0.44,0,0,0,0,0
"1270","09/08/20",3.72,0.44,0,0,0,0,0
"1271","09/09/20",3.72,0.44,0,0,0,0,0
"1272","09/10/20",3.72,0.44,0,0,0,0,0
"1273","09/11/20",3.72,0.44,0,0,0,0,0
"1274","09/14/20",3.72,0.44,0,0,0,0,0
"1275","09/15/20",3.72,0.44,0,0,0,0,0
"1276","09/16/20",3.72,0.44,0,0,0,0,0
"1277","09/17/20",3.72,0.44,0,0,0,0,0
"1278","09/18/20",3.72,0.44,0,0,0,0,0
"1279","09/21/20",3.72,0.44,0,0,0,0,0
"1280","09/22/20",3.72,0.44,0,0,0,0,0
"1281","09/23/20",3.72,0.44,0,0,0,0,0
"1282","09/24/20",3.72,0.44,0,0,0,0,0
"1283","09/25/20",3.72,0.44,0,0,0,0,0
"1284","09/28/20",3.72,0.44,0,0,0,0,0
"1285","09/29/20",3.72,0.44,0,0,0,0,0
"1286","09/30/20",3.72,0.44,0,0,0,0,0
"1287","10/01/20",3.72,0.44,0,0,0,0,0
"1288","10/02/20",3.72,0.44,0,0,0,0,0
"1289","10/05/20",3.72,0.44,0,0,0,0,0
"1290","10/06/20",3.72,0.44,0,0,0,0,0
"1291","10/07/20",3.72,0.44,0,0,0,0,0
"1292","10/08/20",3.72,0.44,0,0,0,0,0
"1293","10/09/20",3.72,0.44,0,0,0,0,0
"1294","10/12/20",3.72,0.44,0,0,0,0,0
"1295","10/13/20",3.72,0.44,0,0,0,0,0
"1296","10/14/20",3.72,0.44,0,0,0,0,0
"1297","10/15/20",3.72,0.44,0,0,0,0,0
"1298","10/16/20",3.72,0.44,0,0,0,0,0
"1299","10/19/20",3.72,0.44,0,0,0,0,0
"1300","10/20/20",3.72,0.44,0,0,0,0,0
"1301","10/21/20",3.72,0.44,0,0,0,0,0
"1302","10/22/20",3.72,0.44,0,0,0,0,0
"1303","10/23/20",3.72,0,0,0,0,0,0
"1304","10/26/20",3.72,0,0,0,0,0,0
"1305","10/27/20",3.72,0,0,0,0,0,0
"1306","10/28/20",3.72,0,0,0,0,0,0
"1307","10/29/20",3.72,0,0,0,0,0,0
"1308","10/30/20",3.72,0,0,0,0,0,0
"1309","11/02/20",3.72,0,0,0,0,0,0
"1310","11/03/20",2.81,0,0,0,0,0,0
"1311","11/04/20",2.81,0,0,0,0,0,0
"1312","11/05/20",2.81,0,0,0,0,0,0
"1313","11/06/20",2.81,0,0,0,0,0,0
"1314","11/09/20",2.81,0,0,0,0,0,0
"1315","11/10/20",2.81,0,0,0,0,0,0
"1316","11/11/20",2.81,0,0,0,0,0,0
"1317","11/12/20",2.81,0,0,0,0,0,0
"1318","11/13/20",2.81,0,0,0,0,0,0
"1319","11/16/20",2.81,0,0,0,0,0,0
"1320","11/17/20",2.81,0,0,0,0,0,0
"1321","11/18/20",2.81,0,0,0,0,0,0
"1322","11/19/20",2.81,0,0,0,0,0,0
"1323","11/20/20",2.81,0,0,0,0,0,0
"1324","11/23/20",2.81,0,0,0,0,0,0
"1325","11/24/20",2.81,0,0,0,0,0,0
"1326","11/25/20",2.81,0,0,0,0,0,0
"1327","11/26/20",2.81,0,0,0,0,0,0
"1328","11/27/20",2.81,0,0,0,0,0,0
"1329","11/30/20",2.81,0,0,0,0,0,0
"1330","12/01/20",2.81,0,0,0,0,0,0
"1331","12/02/20",2.81,0,0,0,0,0,0
"1332","12/03/20",2.81,0,0,0,0,0,0
"1333","12/04/20",2.81,0,0,0,0,0,0
"1334","12/07/20",2.81,0,0,0,0,0,0
"1335","12/08/20",2.81,0,0,0,0,0,0
"1336","12/09/20",2.81,0,0,0,0,0,0
"1337","12/10/20",2.81,0,0,0,0,0,0
"1338","12/11/20",2.81,0,0,0,0,0,0
"1339","12/14/20",2.81,0,0,0,0,0,0
"1340","12/15/20",2.81,0,0,0,0,0,0
"1341","12/16/20",2.81,0,0,0,0,0,0
"1342","12/17/20",2.81,0,0,0,0,0,0
"1343","12/18/20",2.81,0,0,0,0,0,0
"1344","12/21/20",2.81,0,0,0,0,0,0
"1345","12/22/20",2.81,0,0,0,0,0,0
"1346","12/23/20",2.81,0,0,0,0,0,0
"1347","12/24/20",2.81,0,0,0,0,0,0
"1348","12/25/20",2.81,0,0,0,0,0,0
"1349","12/28/20",2.81,0,0,0,0,0,0
"1350","12/29/20",2.81,0,0,0,0,0,0
"1351","12/30/20",2.81,0,0,0,0,0,0
"1352","12/31/20",2.81,0,0,0,0,0,0
"1353","01/01/21",2.81,0,0,0,0,0,0
"1354","01/04/21",2.81,0,0,0,0,0,0
"1355","01/05/21",2.81,0,0,0,0,0,0
"1356","01/06/21",2.81,0,0,0,0,0,0
"1357","01/07/21",2.81,0,0,0,0,0,0
"1358","01/08/21",2.81,0,0,0,0,0,0
"1359","01/11/21",2.81,0,0,0,0,0,0
"1360","01/12/21",2.81,0,0,0,0,0,0
"1361","01/13/21",2.81,0,0,0,0,0,0
"1362","01/14/21",2.81,0,0,0,0,0,0
"1363","01/15/21",2.81,0,0,0,0,0,0
"1364","01/18/21",2.81,0,0,0,0,0,0
"1365","01/19/21",2.81,0,0,0,0,0,0
"1366","01/20/21",2.81,0,0,0,0,0,0
"1367","01/21/21",2.81,0,0,0,0,0,0
"1368","01/22/21",2.81,0,0,0,0,0,0
"1369","01/25/21",2.81,0,0,0,0,0,0
"1370","01/26/21",2.81,0,0,0,0,0,0
"1371","01/27/21",2.81,0,0,0,0,0,0
"1372","01/28/21",2.81,0,0,0,0,0,0
"1373","01/29/21",2.81,0,0,0,0,0,0
"1374","02/01/21",2.81,0,0,0,0,0,0
"1375","02/02/21",2.81,0,0,0,0,0,0
"1376","02/03/21",2.81,0,0,0,0,0,0
"1377","02/04/21",2.81,0,0,0,0,0,0
"1378","02/05/21",2.81,0,0,0,0,0,0
"1379","02/08/21",2.81,0,0,0,0,0,0
"1380","02/09/21",2.81,0,0,0,0,0,0
"1381","02/10/21",2.81,0,0,0,0,0,0
"1382","02/11/21",2.81,0,0,0,0,0,0
"1383","02/12/21",0,0,0,0,0,0,0
"1384","02/15/21",0,0,0,0,0,0,0
"1385","02/16/21",0,0,0,0,0,0,0
"1386","02/17/21",0,0,0,0,0,0,0
"1387","02/18/21",0,0,0,0,0,0,0
"1388","02/19/21",0,0,0,0,0,0,0
"1389","02/22/21",0,0,0,0,0,0,0
"1390","02/23/21",0,0,0,0,0,0,0
"1391","02/24/21",0,0,0,0,0,0,0
"1392","02/25/21",0,0,0,0,0,0,0
"1393","02/26/21",0,0,0,0,0,0,0
"1394","03/01/21",0,0,0,0,0,0,0
"1395","03/02/21",0,0,0,0,0,0,0
"1396","03/03/21",0,0,0,0,0,0,0
"1397","03/04/21",0,0,0,0,0,0,0
"1398","03/05/21",0,0,0,0,0,0,0
"1399","03/08/21",0,0,0,0,0,0,0
"1400","03/09/21",0,0,0,0,0,0,0
"1401","03/10/21",0,0,0,0,0,0,0
"1402","03/11/21",0,0,0,0,0,0,0
"1403","03/12/21",0,0,0,0,0,0,0
"1404","03/15/21",0,0,0,0,0,0,0
"1405","03/16/21",0,0,0,0,0,0,0
"1406","03/17/21",0,0,0,0,0,0,0
"1407","03/18/21",0,0,0,0,0,0,0
"1408","03/19/21",0,0,0,0,0,0,0
"1409","03/22/21",0,0,0,0,0,0,0
"1410","03/23/21",0,0,0,0,0,0,0
"1411","03/24/21",0,0,0,0,0,0,0
"1412","03/25/21",0,0,0,0,0,0,0
"1413","03/26/21",0,0,0,0,0,0,0
"1414","03/29/21",0,0,0,0,0,0,0
"1415","03/30/21",0,0,0,0,0,0,0
"1416","03/31/21",0,0,0,0,0,0,0
"1417","04/01/21",0,0,0,0,0,0,0
"1418","04/02/21",0,0,0,0,0,0,0
"1419","04/05/21",0,0,0,0,0,0,0
"1420","04/06/21",0,0,0,0,0,0,0
"1421","04/07/21",0,0,0,0,0,0,0
"1422","04/08/21",0,0,0,0,0,0,0
"1423","04/09/21",0,0,0,0,0,0,0
"1424","04/12/21",0,0,0,0,0,0,0
"1425","04/13/21",0,0,0,0,0,0,0
"1426","04/14/21",0,0,0,0,0,0,0
"1427","04/15/21",0,0,0,0,0,0,0
"1428","04/16/21",0,0,0,0,0,0,0
"1429","04/19/21",0,0,0,0,0,0,0
"1430","04/20/21",0,0,0,0,0,0,0
"1431","04/21/21",0,0,0,0,0,0,0
"1432","04/22/21",0,0,0,0,0,0,0
"1433","04/23/21",0,0,0,0,0,0,0
"1434","04/26/21",0,0,0,0,0,0,0
"1435","04/27/21",0,0,0,0,0,0,0
"1436","04/28/21",0,0,0,0,0,0,0
"1437","04/29/21",0,0,0,0,1.01,0,0
"1438","04/30/21",0,0,0,0,1.01,0,0
"1439","05/03/21",0,0,0,0,1.01,0,0
"1440","05/04/21",0,0,0,0,1.01,0,0
"1441","05/05/21",0,0,0,0,1.01,0,0
"1442","05/06/21",0,0,0,0,1.01,0,0
"1443","05/07/21",0,0,0,0,1.01,0,0
"1444","05/10/21",0,0,0,0,1.01,0,0
"1445","05/11/21",0,0,0,0,1.01,0,0
"1446","05/12/21",0,0,0,0,1.01,0,0
"1447","05/13/21",0,0,0,0,1.01,0,0
"1448","05/14/21",0,0,0,0,1.01,0,0
"1449","05/17/21",0,0,0,0,1.01,0,0
"1450","05/18/21",0,0,0,0,1.01,0,0
"1451","05/19/21",0,0,0,0,1.01,0,0
"1452","05/20/21",0,0,0,0,1.01,0,0
"1453","05/21/21",0,0,0,0,1.01,0,0
"1454","05/24/21",0,0,0,0,1.01,0,0
"1455","05/25/21",0,0,0,0,1.01,0,0
"1456","05/26/21",0,0,0,0,1.01,0,0
"1457","05/27/21",0,0,0,0,1.01,0,0
"1458","05/28/21",0,0,0,0,1.01,0,0
"1459","05/31/21",0,0,0,0,1.01,0,0
"1460","06/01/21",0,0,0,0,1.01,0,0
"1461","06/02/21",0,0,0,0,1.01,0,0
"1462","06/03/21",0,0,0,0,1.01,0,0
"1463","06/04/21",0,0,0,0,1.01,0,0
"1464","06/07/21",0,0,0,0,1.01,0,0
"1465","06/08/21",0,0,0,0,1.01,0,0
"1466","06/09/21",0,0,0,0,1.01,0,0
"1467","06/10/21",0,0,0,0,1.01,0,0
"1468","06/11/21",0,0,0,0,1.01,0,0
"1469","06/14/21",0,0,0,0,1.01,0,0
"1470","06/15/21",0,0,0,0,1.01,0,0
"1471","06/16/21",0,0,0,0,1.01,0,0
"1472","06/17/21",0,0,0,0,1.01,0,0
"1473","06/18/21",0,0,0,0,1.01,0,0
"1474","06/21/21",0,0,0,0,1.01,0,0
"1475","06/22/21",0,0,0,0,1.01,0,0
"1476","06/23/21",0,0,0,0,1.01,0,0
"1477","06/24/21",0,0,0,0,1.01,0,0
"1478","06/25/21",0,0,0,0,1.01,0,0
"1479","06/28/21",0,0,0,0,1.01,0,0
"1480","06/29/21",0,0,0,0,1.01,0,0
"1481","06/30/21",0,0,0,0,1.01,0,0
"1482","07/01/21",0,0,0,0,1.01,0,0
"1483","07/02/21",0,0,0,0,1.01,0,0
"1484","07/05/21",0,0,0,0,1.01,0,0
"1485","07/06/21",0,0,0,0,1.01,0,0
"1486","07/07/21",0,0,0,0,1.01,0,0
"1487","07/08/21",0,0,0,0,1.01,0,0
"1488","07/09/21",0,0,0,0,1.01,0,0
"1489","07/12/21",0,0,0,0,1.01,0,0
"1490","07/13/21",0,0,0,0,1.01,0,0
"1491","07/14/21",0,0,0,0,1.01,0,0
"1492","07/15/21",0,0,0,0,1.01,0,0
"1493","07/16/21",0,0,0,0,1.01,0,0
"1494","07/19/21",0,0,0,0,1.01,0,0
"1495","07/20/21",0,0,0,0,1.01,0,0
"1496","07/21/21",0,0,0,0,1.01,0,0
"1497","07/22/21",0,0,0,0,1.01,0,0
"1498","07/23/21",0,0,0,0,1.01,0,0
"1499","07/26/21",0,0,0,0,1.01,0,0
"1500","07/27/21",0,0,0,0,1.01,0,0
"1501","07/28/21",0,0,0,0,1.01,0,0
"1502","07/29/21",0,0,0,0,2.96,0,0
"1503","07/30/21",0,0,0,0,2.96,0,1.24
"1504","08/02/21",0,0,0,0,2.96,0,1.24
"1505","08/03/21",0,0,0,0,2.96,0,1.24
"1506","08/04/21",0,0,0,0,2.96,0,1.24
"1507","08/05/21",0,0,0,0,2.96,0,1.24
"1508","08/06/21",0,0,0,0,2.96,0,1.24
"1509","08/09/21",0,0,0,0,2.96,0,1.24
"1510","08/10/21",0,0,0,2.74,2.96,0,1.24
"1511","08/11/21",0,0,0,2.74,2.96,0,1.24
"1512","08/12/21",0,0,0,2.74,2.96,0,1.24
"1513","08/13/21",0,0,0,2.74,2.96,2.21,1.24
"1514","08/16/21",0,0,0,2.74,2.96,2.21,1.24
"1515","08/17/21",0,0,0,2.74,2.96,2.21,1.24
"1516","08/18/21",0,0,0,2.74,2.96,2.21,1.24
"1517","08/19/21",0,0,0,2.74,2.96,2.21,1.24
"1518","08/20/21",0,0,0,2.74,2.96,2.21,1.24
"1519","08/23/21",0,0,0,2.74,2.96,2.21,1.24
"1520","08/24/21",0,0,0,2.74,2.96,2.21,1.24
"1521","08/25/21",0,0,0,2.74,2.96,2.21,1.24
"1522","08/26/21",0,0,0,2.74,2.96,2.21,1.24
"1523","08/27/21",0,0,0,2.74,2.96,2.21,1.24
"1524","08/30/21",0,0,0,2.74,2.96,2.21,1.24
"1525","08/31/21",0,0,0,2.74,2.96,2.21,1.24
"1526","09/01/21",0,0,0,2.74,2.96,2.21,1.24
"1527","09/02/21",0,0,0,2.74,2.96,2.21,1.24
"1528","09/03/21",0,0,0,2.74,2.96,2.21,1.24
"1529","09/06/21",0,0,0,2.74,2.96,2.21,1.24
"1530","09/07/21",0,0,0,2.74,2.96,2.21,1.24
"1531","09/08/21",0,0,0,2.74,2.96,2.21,1.24
"1532","09/09/21",0,0,0,2.74,2.96,2.21,1.24
"1533","09/10/21",0,0,0,2.74,2.96,2.21,1.24
"1534","09/13/21",0,0,0,2.74,2.96,2.21,1.24
"1535","09/14/21",0,0,0,2.74,2.96,2.21,1.24
"1536","09/15/21",0,0,0,2.74,2.96,2.21,1.24
"1537","09/16/21",0,0,0,2.74,2.96,2.21,1.24
"1538","09/17/21",0,0,0,2.74,2.96,2.21,1.24
"1539","09/20/21",0,0,0,2.74,2.96,2.21,1.24
"1540","09/21/21",0,0,0,2.74,2.96,2.21,1.24
"1541","09/22/21",0,0,0,2.74,2.96,2.21,1.24
"1542","09/23/21",0,0,0,2.74,2.96,2.21,1.24
"1543","09/24/21",0,0,0,2.74,2.96,2.21,1.24
"1544","09/27/21",0,0,0,2.74,2.96,2.21,1.24
"1545","09/28/21",0,0,0,2.74,2.96,2.21,1.24
"1546","09/29/21",0,0,0,2.74,2.96,2.21,1.24
"1547","09/30/21",0,0,0,2.74,2.96,2.21,1.24
"1548","10/01/21",0,0,0,2.74,2.96,2.21,1.24
"1549","10/04/21",0,0,0,2.74,2.96,2.21,1.24
"1550","10/05/21",0,0,0,2.74,2.96,2.21,1.24
"1551","10/06/21",0,0,0,2.74,2.96,2.21,1.24
"1552","10/07/21",0,0,0,2.74,2.96,2.21,1.24
"1553","10/08/21",0,0,0,2.74,2.96,2.21,1.24
"1554","10/11/21",0,0,0,2.74,2.96,2.21,1.24
"1555","10/12/21",0,0,0,2.74,2.96,2.21,1.24
"1556","10/13/21",0,0,0,2.74,2.96,2.21,1.24
"1557","10/14/21",0,0,0,2.74,2.96,2.21,1.24
"1558","10/15/21",0,0,0,2.74,2.96,2.21,1.24
"1559","10/18/21",0,0,0,2.74,2.96,2.21,1.24
"1560","10/19/21",0,0,0,2.74,2.96,2.21,1.24
"1561","10/20/21",0,0,0,2.74,2.96,2.21,1.24
"1562","10/21/21",0,0,0,2.74,2.96,2.21,1.24
"1563","10/22/21",0,0,0,2.74,2.96,2.21,1.24
"1564","10/25/21",0,0,0,2.74,2.96,2.21,1.24
"1565","10/26/21",0,0,0,2.74,2.96,2.21,1.24
"1566","10/27/21",0,0,0,2.74,2.96,2.21,1.24
"1567","10/28/21",0,0,0,2.74,3.84,2.21,1.24
