"U.MGM.PA.","U.LVS.PA.","X.WYNN.PA.","X.BJK.PA.","X.GDEN.PA.","U.BYD.PA.","U.BALY.PA.","X.RRR.PA."
21.79,48.48,67.3,33.63,9.31,20,0,0
22.81,48.83,69.93,33.77,9.34,19.99,0,0
23.2,49.51,69.98,33.81,9.48,19.99,0,0
23.78,50.62,72.2,33.99,9.37,20.4,0,0
24.13,50.91,74.3,34.75,9.32,20.64,0,0
24.03,49.69,72.87,34.24,9.44,20.67,0,0
23.91,49.54,72.98,34.15,9.84,20.91,0,0
23.84,49.79,74,33.99,9.66,21.14,0,0
23.32,46.61,68.13,33.41,9.65,20.59,0,0
23.43,46.92,67.25,32.97,9.67,20.84,0,0
23.31,46.5,65.8,33.01,9.96,20.69,0,0
22.8,46.06,64.71,32.76,10.03,20.35,0,0
22.51,45.7,62.21,32.5,9.97,19.9,0,0
22.63,46.03,63.49,32.65,9.91,19.58,0,0
22.27,45.35,61.57,32.59,10.04,19.97,0,0
22.74,46,61.31,32.69,10.2,20.57,0,0
22.53,46.09,61.78,32.73,10.29,20.37,0,0
22.47,45.07,59.58,32.58,10.38,20.16,0,0
22.68,45.17,60.23,32.11,10.19,19.95,0,0
22.96,44.9,62.97,32.3,10.28,20.17,0,0
22.94,44.82,62.28,32.54,10.38,20.23,0,0
22.87,44.68,61.14,32.37,10.38,20.46,0,0
22.78,44.34,61.06,32.12,10.4,20.34,0,0
22.76,44.07,62.78,32.29,10.52,19.59,0,0
23.28,44.81,66.82,32.92,10.6,19.7,0,0
23.45,45.2,68.52,32.74,10.6,20.08,0,0
22.38,43.54,65.1,32.62,10.65,19.55,0,0
22.63,43.67,64.6,32.8,10.7,19.7,0,0
22.33,43.13,64.62,32.35,10.68,19.24,0,0
21.92,42.57,61.81,31.91,10.64,18.92,0,0
22.07,43.71,69.93,32,10.72,18.91,0,0
22.07,42.8,66.48,31.95,10.56,18.66,0,0
21.06,41.26,63.13,31.07,10.42,18,0,0
20.81,40.46,62.78,31.1,10.24,16.83,0,0
21.16,41.5,66.06,31.24,10.09,17.23,0,0
22.08,43.41,69,32.12,9.89,18.95,0,0
21.45,41.82,64.27,31.64,9.7,19.12,0,0
21.17,41.52,63.4,31.73,9.77,18.7,0,0
21.63,42.06,65.77,30.85,9.66,19.39,0,0
21.76,42.95,67.66,30.88,9.73,19.07,0,0
22.52,44.53,68.95,31.63,9.85,19.31,0,0
22.53,44.38,69.19,31.69,9.85,19.72,0,0
22.44,44.04,68.21,31.43,9.99,19.66,0,0
22.65,44.12,68.35,31.39,10.17,19.57,0,0
22.95,44.37,70.14,31.73,10.22,19.83,0,0
22.54,43.99,68.63,31.82,10.22,19.92,0,0
22.73,43.83,69.25,31.79,10.34,19.87,0,0
22.45,43.42,68.84,31.41,10.19,19.44,0,0
22.26,43.39,68.78,31.16,10.09,19,0,0
22.77,44.05,70.07,31.27,10.28,19.07,0,0
22.39,42.69,66.44,30.52,10.09,19.13,0,0
20.61,38.78,60.19,29.22,10.02,17.8,0,0
20.49,39.02,57.74,28.81,10.14,18.6,0,0
20.83,38.99,56.79,29.04,10.08,18.55,0,0
21.13,38.91,55.64,28.99,10.1,18.14,0,0
20.01,36.96,52.48,28.25,9.94,17.38,0,0
20.28,37.44,51.51,28.58,10.14,17.85,0,0
19.87,38.72,58.41,27.79,10.04,17.9,0,0
19.73,39.13,61.18,27.98,10.03,17.73,0,0
19.64,38.45,59.16,28.34,10.1,17.28,0,0
19.12,37.23,56.33,27.73,10.06,16.52,0,0
19.02,37.64,56.68,27.9,9.95,16.46,0,0
19.34,39.05,59.17,28.72,9.94,16.87,0,0
18.88,39.11,61.01,28.46,9.89,16.41,0,0
19.12,40.88,63.44,29.09,9.99,16.7,0,0
19.48,41.62,62.23,29.19,10,16.96,0,0
19.28,42.79,63.16,30,10.02,17.24,0,0
20.08,45.1,67.34,30.73,9.99,17.82,0,0
20.05,44.62,67.14,31,10,17.85,0,0
19.09,42.2,62.01,30.11,10,17.04,0,0
18.55,42.55,63.17,30.24,10.05,16.64,0,0
18.77,42.68,63.78,30.11,10.11,16.83,0,0
17.89,41.98,61.91,29.61,10.06,15.87,0,0
16.88,40.52,58.79,28.89,9.99,15.05,0,0
16.56,39.58,58.44,28.25,9.94,15.04,0,0
17.18,40.13,58.15,28.44,9.85,15.37,0,0
16.93,40.25,59.7,28.23,9.98,14.96,0,0
18.12,44.1,69.14,29.35,10.11,15.99,0,0
18.64,45.78,73.93,29.92,10.1,16.59,0,0
19.16,45.83,74.68,30.08,10.05,16.82,0,0
20.06,46.34,76.21,30.52,10.04,17.24,0,0
18.41,46.03,78.45,30.63,10.02,17.07,0,0
18.07,45.86,77.19,30.54,10.01,16.31,0,0
18.76,47.54,79.54,31.55,10.04,16.68,0,0
18.23,47.23,79.68,31.01,10,16.22,0,0
18.25,46.93,79.68,30.97,9.97,16.28,0,0
18.35,47.44,80.64,31.2,10,16.37,0,0
18.87,47.92,82.17,31.37,10.22,17.65,0,0
18.94,48.28,82.5,31.46,10.39,17.32,0,0
19.94,50.68,84.51,32.13,10.44,18.01,0,0
20.27,51.06,85,32.36,10.68,18.06,0,0
20.33,52.61,88.36,32.55,10.49,18.06,0,0
19.84,51.8,85.44,32.27,10.33,17.89,0,0
19.82,50.82,83.99,32.15,10.33,17.44,0,0
19.34,48.97,80.26,31.32,10.24,17.29,0,0
20.06,50.09,81.56,31.96,10.3,17.85,0,0
20.34,50.59,84.06,31.92,10.38,17.8,0,0
20.81,51.61,86.08,32.68,10.33,18.68,0,0
20.95,52.35,85.2,32.47,10.36,18.82,0,0
20.68,51.94,83.25,32.11,10.37,18.35,0,0
21.21,53.37,86.34,32.84,10.4,19.09,0,0
20.95,54.1,88.92,32.99,10.39,19.03,0,0
21.41,53.6,94.07,33.64,10.48,19,0,0
20.97,53.27,92.75,33.49,10.54,18.77,0,0
21.24,53.27,95,33.51,10.63,19.85,0,0
20.77,52.38,91.77,32.86,10.51,19.48,0,0
20.52,52.48,93.48,32.96,10.54,19.79,0,0
20.27,52.15,93.52,32.93,10.62,19.67,0,0
20.45,51.96,92.82,33.1,10.59,19.76,0,0
21.24,52.54,94.15,33.82,10.51,20.7,0,0
21.29,52.23,94,33.94,10.8,20.75,0,0
21.44,51.7,93.43,34,10.87,20.67,0,0
21.91,51.73,94.74,33.77,10.8,20.87,0,0
21.62,50.53,93.4,33.22,10.6,20.84,0,0
21.28,49.95,90.92,32.81,10.52,20.74,0,0
21.37,49.79,89.54,33.46,10.68,20.87,0,0
21.68,50.21,100,33.07,10.65,20.92,0,0
22.39,49.5,98.81,33.28,10.65,21.21,0,0
22.07,49.31,98.34,33.13,10.55,20.75,0,0
22.66,49.54,97.19,33.81,10.55,21.23,0,0
23.1,50.97,97.7,34.19,10.7,21.35,0,0
22.81,50.71,97.67,34.24,10.65,21.06,0,0
22.79,50.95,97.67,34.27,10.76,21.1,0,0
22.87,51.17,96.49,34.55,11,20.98,0,0
23.03,52.51,100.01,34.99,11.49,21.06,0,0
22.79,52.17,99.4,34.77,11.81,21.13,0,0
22.29,47.39,95.79,33.51,11.84,20.93,0,0
22.18,46.88,96.01,33.16,11.84,20.04,0,0
21.78,45.8,90.94,33.1,12,20.2,0,0
21.83,46.1,89.62,33.34,12.05,20.65,0,0
21.95,45.68,89.18,33.31,11.97,19.61,0,18.73
21.36,45.87,89.23,32.95,11.92,19.2,0,18.75
21.3,45.15,88.3,32.74,12.1,18.65,0,18.66
21.68,46.75,94.31,33.11,11.95,19.22,0,18.89
21.43,45.77,94.47,32.78,12.3,18.63,0,18.98
21.47,45.21,91.23,32.27,12.5,18.68,0,18.75
21.88,44.44,89.62,32.42,12.67,18.77,0,18.8
22,45.51,91.23,32.27,12.38,18.74,0,18.85
21.86,44.96,89.62,32.21,12.69,19.05,0,18.9
22.59,46.13,94.07,32.67,12.8,19.49,0,19
22.03,45.45,92.99,32.29,12.68,19.2,0,19.24
21.94,45.64,93.45,32.56,12.51,19.1,0,19.51
21.62,44.9,89.94,32.27,12.4,18.96,0,19.17
22.09,45.58,90.88,32.78,12.6,18.81,0,19.54
21.98,45.42,91.24,32.55,12.31,18.53,0,19.39
21.7,44.83,88.45,32.06,12,18.7,0,19.46
21.52,44.31,88.45,31.89,12.08,18.41,0,19.34
21.76,44.99,88.97,32.12,12.13,18.23,0,19.33
22.14,45.06,91.5,32.11,12.1,18.37,0,19.37
22.69,45.55,93.22,32.46,12.21,18.4,0,19.57
22.81,46.3,96.69,32.98,12.15,18.55,0,19.75
22.52,45.42,94.62,32.98,12.25,18.46,0,19.85
22.93,46.21,95.96,33.16,12.43,18.82,0,20.13
22.92,46.47,96.68,33.39,12.42,18.86,0,20.38
22.86,46.23,96.22,33.48,12.38,18.91,0,20.37
23.42,46.38,96.73,33.5,12.56,19.43,0,20.19
24.11,46.76,99.43,33.84,12.93,19.72,0,20.5
24.06,46.76,98.5,33.9,13.1,19.49,0,20.46
24.4,46.61,98.69,33.91,13.14,19.33,0,20.5
24.66,47.39,101.12,33.98,13.14,19.36,0,20.85
24.98,47.6,101.32,34.13,13.13,19.41,0,21.2
25.1,47.28,100.79,33.89,13.09,19.21,0,21.69
24.56,46.26,100.45,33.23,13.3,18.85,0,21.72
24.12,46.01,100.17,32.69,12.93,18.49,0,22.02
24.06,46.9,101.54,32.48,12.79,18.6,0,22.09
24.52,46.97,101.6,32.65,12.72,18.6,0,22.52
24.16,46.49,101.21,32.41,12.49,18.36,0,22.42
24.62,46.95,103.2,32.74,12.29,18.7,0,22.1
24.28,44.29,100.34,32.96,13.13,18.85,0,22.45
24.53,45.21,101.81,33.15,13.23,19.18,0,22.82
24.33,44.93,100.72,33.06,13.23,18.76,0,22.7
24.48,46.17,101.7,33.79,13.28,19.06,0,22.5
22.91,43.31,92.29,31.6,13.24,18.26,0,21.39
21.54,41.81,87.69,30.52,13.29,17.46,0,20.95
22.1,42.49,88.28,30.77,11.43,17.95,0,21.06
22.75,43.64,91.33,31.32,11.33,18.26,0,21.16
22.64,43.5,90.67,31.6,11.7,18.4,0,21.98
22.78,43.7,91.8,31.53,11.64,18.31,0,22.05
22.61,43.11,90.56,31.27,11.55,18.15,0,21.78
22.54,42.78,89.1,31.05,11.52,18.13,0,21.77
22.95,43.59,89.93,31,11.5,18.26,0,22.15
22.98,43.56,88.98,31.05,11.5,18.31,0,22.16
22.96,44.13,89.74,31.67,11.62,18.73,0,22.27
23,45.93,94.11,32.06,12.1,18.72,0,22.27
23.28,46.52,96.54,32.54,12.16,18.94,0,22.51
23.12,45.82,94.9,32.52,12.16,19.09,0,22.42
23.3,46.01,92.02,32.82,12.46,19.18,0,22.35
23.35,46.19,92.22,32.63,12.42,19.2,0,22.41
23.38,46.96,96.7,32.89,12.88,19.25,0,22.53
23.15,46.34,95.17,32.88,12.95,18.88,0,22.51
23.51,46.95,94.17,32.99,13.3,19.18,0,22.48
23.18,46.71,93.9,33.05,13.08,18.88,0,22.06
23.19,47.32,95.79,33.2,13.3,18.93,0,22.09
23.32,47.82,97.41,33.4,13.27,18.73,0,22.13
24.02,50.64,103.49,34.17,13.52,19.11,0,22.69
23.83,50.21,102.25,33.99,13.89,19.18,0,23.15
24.23,50.77,104.71,34.15,13.88,19.7,0,22.92
23.98,50.66,97.95,34.42,13.61,19.61,0,23.01
23.96,50.25,97.94,34.14,13.43,19.44,0,22.68
23.8,49.79,96.93,34.11,13.38,19.06,0,22.98
23.8,49.98,97.7,34.09,13.42,19.01,0,23.2
24.08,50.19,98.25,34.34,13.19,18.41,0,22.63
24.45,49.87,97.54,34.44,13.22,18.75,0,22.75
24.65,50.96,100.06,34.83,13.16,18.84,0,22.94
24.92,51.84,100.19,35.14,13.5,19.38,0,22.76
24.64,51.71,99.61,35.2,13.22,19.4,0,22.21
24.91,52.1,102.66,35.65,13.36,20.01,0,22.34
24.51,51.8,99.75,35.61,13.27,19.83,0,22.03
24.84,52.58,103.77,35.62,13.28,19.74,0,21.91
24.5,52.36,101.42,35.61,12.95,19.58,0,23.06
24.43,52.5,101.33,35.63,12.87,19.58,0,22.9
24.37,52.14,99.69,35.65,12.82,19.69,0,22.92
24.18,52.24,97.39,35.23,12.41,19.8,0,22.82
24.23,52.58,97.11,35.34,12.02,19.76,0,22.84
24.32,52.22,96.39,35.45,12.39,20.26,0,22.68
23.55,50.36,90.81,34.94,12.52,20.04,0,22.22
23.67,50.75,90.52,34.96,12.52,19.94,0,22.24
23.76,50.32,89.86,34.74,12.51,19.93,0,22.24
23.77,50.89,90.74,34.65,12.43,19.71,0,22.15
23.82,50.96,90.16,34.43,12.51,19.52,0,22.31
23.9,50.22,89.32,34,12.52,19.52,0,22.54
24.65,53.8,93.17,34.99,12.73,19.73,0,22.85
24.59,53.96,92.39,35.09,12.67,19.66,0,22.39
24.5,54.11,91.82,35.16,12.62,19.6,0,22.24
24.72,54.74,92.79,35.4,12.71,19.64,0,22.31
25.18,55.06,94.36,35.71,12.91,19.77,0,22.22
25.3,55.69,95.78,36.08,12.97,19.8,0,21.99
24.76,55.66,98.41,35.58,12.78,19.03,0,21.45
25.08,56.89,104.02,36.04,12.95,19.12,0,21.55
24.87,56.53,103.74,35.19,12.68,18.55,0,20.81
25.22,58.31,107.25,35.4,12.61,18.69,0,21.05
25.55,58.46,108.7,36.09,12.66,18.73,0,21.3
25.45,58.32,108.57,36.01,12.72,18.48,0,21.49
24.94,57.35,103.96,35.75,12.83,18.61,0,21.89
24.97,56.28,103.5,35.7,12.87,18.52,0,21.82
25.09,56.77,103,36.24,12.74,18.73,0,22
25.78,57.18,102.29,36.52,12.94,19.23,0,22.72
25.66,57.38,102.14,36.15,12.89,19.09,0,23.08
25.36,56.46,100.82,35.86,12.68,19.01,0,23.15
25.57,56.89,100.75,36.13,12.77,19.26,0,22.92
26.36,57.49,101.66,36.66,12.69,19.76,0,23.01
25.85,56.95,100.61,36.16,12.44,19.34,0,22.87
26.04,57.53,97.42,36.36,12.46,19.78,0,23.59
26.19,58.89,99.3,36.48,12.45,19.63,0,23.05
26.23,58.82,96.38,36.37,12.19,19.6,0,22.94
26.64,58.87,97.95,36.49,12.43,19.79,0,23.41
26.8,58.8,97.75,36.57,12.19,19.79,0,23.31
26.42,58.38,97.01,36.16,12.12,19.45,0,23.07
26.8,59.07,98.68,36.35,12.35,19.7,0,23.29
26.56,58.95,97.72,35.93,12.15,19.34,0,22.97
26.33,58.76,96.47,35.9,12.15,19.31,0,22.76
26.06,58.08,94.95,35.74,11.97,19.09,0,22.51
25.76,57.73,93.37,35.73,12.05,19,0,22.42
25.98,57.58,93.13,35.25,11.88,19,0,22.24
25.86,57.44,92.98,35.5,11.78,19.04,0,22.01
26.09,58.17,95.55,35.87,11.88,19.05,0,22.02
26.13,57.91,96.02,35.74,11.9,18.99,0,22.4
26.11,57.16,95.28,35.42,11.88,18.66,0,22.52
26.28,57.96,96.84,35.58,11.85,18.84,0,22.67
26.09,58,95.57,35.44,11.76,18.71,0,22.5
26.14,58.01,95.78,35.47,11.66,18.51,0,22.43
25.99,57.03,94.18,34.97,11.64,17.97,0,22.14
26.07,57.73,94.18,35.15,11.52,18,0,22.35
26.18,57.88,94.54,35.24,11.47,17.87,0,21.9
26.4,58.63,98.25,35.42,11.49,17.6,0,22.21
25.95,57.6,96.52,35.14,11.41,17.01,0,21.88
25.77,56.74,87.53,34.89,10.93,17.11,0,21.33
26.41,59.08,88.04,35.12,10.51,17.3,0,21.67
27.18,58.87,87.85,35.97,10.26,17.6,0,22.32
28,59.48,86.67,36.24,10.28,17.75,0,22.2
28.33,59.72,87.85,36.05,10.36,18.35,0,22.55
27.89,58.6,85.3,35.33,10.23,18.22,0,22.05
27.5,57.98,84.98,35.03,11.95,18.69,0,22.24
27.38,57.04,84.5,34.77,11.81,18.77,0,21.7
27.83,58.98,86.88,35.38,11.64,18.61,0,22.02
27.71,58.15,86.57,35.08,11.95,18.67,0,22.25
28.03,59.81,90.46,35.76,11.93,18.83,0,22.25
28.44,60.6,92.38,36,12.27,18.56,0,22.79
28.97,61.72,97.4,36.5,12.27,18.65,0,22.73
28.71,62.68,98.14,36.68,12.77,18.67,0,23.15
28.48,62.44,101.34,36.66,12.87,18.95,0,23.17
28.54,62.58,101.96,36.83,13.01,19.21,0,23.46
28.67,62.86,101.55,37,12.96,19.29,0,23.58
28.74,62.56,102.01,37,12.59,19.24,0,23.21
28.87,62.16,99.8,37.17,12.7,19.27,0,23.39
28.72,62.7,102.03,37.08,12.43,18.85,0,22.94
28.53,62.18,99.27,36.78,12.23,18.71,0,22.53
29.02,61,98.64,36.58,12.29,18.91,0,22.95
28.98,61.13,98.37,36.75,12.65,19.26,0,23.38
29.63,62.48,102.18,37.19,12.7,19.64,0,23.19
29.95,62.68,101.98,37.51,12.77,20.28,0,23.18
28.67,54.67,90.72,36.55,12.77,21.01,0,23.11
29.27,55.35,91.88,35.88,12.72,21.47,0,23.52
29.2,56.14,91.51,35.78,12.54,20.82,0,23.09
29.8,57.86,93.51,35.95,12.54,21.05,0,23.2
29.72,57.72,92.17,35.75,12.47,20.76,0,22.97
28.97,56.19,90.88,35.2,12.64,20.72,0,22.73
28.86,57,91.91,35.41,12.88,20.85,0,22.76
28.59,54.68,90.15,33.99,12.52,20.8,0,23.09
28.63,54.25,88.32,33.92,12.54,20.7,0,23.11
29.29,54.51,89.28,34.15,12.51,20.74,0,23.76
29.34,54.22,88.25,34.13,12.48,20.64,0,23.78
29.35,54.26,88.36,34.02,12.47,20.5,0,23.64
29.25,54.36,88.72,33.98,12.52,20.43,0,23.51
29.02,54.19,88.24,33.96,12.5,20.33,0,23.36
28.72,53.87,87.08,33.92,12.35,20.19,0,23.2
28.51,54.07,87.17,33.97,12.29,20.28,0,23.14
28.83,53.41,86.53,33.92,12.13,20.18,0,23.2
29.24,52.78,86.17,33.9,12.16,20.15,0,23.37
29.48,53.33,87.46,34.05,12.29,20.38,0,23.85
29.45,54.98,90.3,34.47,12.21,20.82,0,24.41
29.38,55.08,91.44,34.92,11.8,20.9,0,23.89
29.53,55.46,92.46,34.73,11.79,20.25,0,23.94
29.17,55.69,92.79,34.77,11.48,19.64,0,23.35
29.61,56.62,94.84,35.13,11.6,19.61,0,23.51
29.03,55.69,92.93,34.95,11.62,19.45,0,23.57
28.63,55.46,91.93,35.1,11.54,19.65,0,23.02
28.64,55.28,90.53,34.95,11.76,19.62,0,23.03
28.68,55.58,91.14,34.98,11.74,19.56,0,23.21
28.66,56.01,92.34,35.08,11.44,19.6,0,23.17
28.6,56.04,91.98,35,11.08,19.62,0,22.81
28.69,55.85,90.94,34.91,11,19.39,0,22.63
28.75,55.75,90.82,35.05,10.9,19.48,0,22.88
28.5,55.48,92.66,35.12,10.65,19.34,0,22.93
29.01,55.96,94.06,35.12,10.98,19.6,0,23.6
29.61,56.65,96.43,35.49,11.56,20.49,0,23.74
29.49,52.41,95.49,34.94,11.15,20.4,0,23.71
29.79,53.32,103.11,35,11.03,20.65,0,23.7
29.1,52.8,102.54,34.96,10.95,20.34,0,23.61
28.81,52.59,101.43,35,11.03,20.33,0,23.48
28.57,51.75,97.86,34.9,11.06,20.83,0,23.53
28.79,51.7,97.38,34.9,11.26,21.06,0,23.62
28.87,51.81,96.91,35,11.27,21.05,0,23.75
29.04,51.96,97.02,35,11.28,20.83,0,23.74
28.55,51.95,97.02,34.84,11.31,20.81,0,23.47
28.64,52.15,97.18,34.58,11.32,20.67,0,23.23
28.61,52.94,98.89,35,11.46,20.86,0,23.58
28.53,52.74,98.93,35,12.66,20.86,0,23.68
29.16,53.15,98.95,35.35,12.76,20.9,0,23.85
28.71,53.06,97.69,35.5,12.14,20.66,0,23.77
29.58,53.03,99.79,35.72,12.2,21.34,0,24.03
26.87,52.51,96.72,35.29,11.66,20.26,0,23.5
26.62,52.04,95.92,35.12,11.52,20.35,0,23.37
27.02,51.94,96.25,35.18,11.39,20.39,0,23.46
26.95,52.01,95.98,35.15,11.3,20.16,0,23.37
26.46,51.97,94.75,35.06,11.5,20.03,0,22.98
26.17,51.77,93.84,35.4,11.96,19.87,0,22.68
26.4,52.18,94.02,35.09,12.21,19.75,0,22.34
26.47,52.91,95.52,35.42,12.33,19.7,0,22.1
26.31,52.96,96.17,35.36,11.9,19.68,0,21.97
26.83,54.98,102.73,36.07,12.1,20.1,0,22.12
26.31,53.65,100.15,35.82,12.06,19.7,0,22.11
26.47,53.83,101.04,35.92,11.76,19.56,0,22.35
26.56,54.32,100.37,35.73,11.85,19.94,0,22.37
25.76,54.3,99.46,35.46,11.76,19.77,0,22.02
25.69,53.98,99.26,35.48,11.67,19.9,0,21.28
25.43,53.74,99,35.47,11.7,20.05,0,21.17
25.5,54.21,99.56,35.71,11.83,20.35,0,21.75
25.96,55.2,104.32,35.91,13.14,20.31,0,21.7
26.35,55.56,104.73,36.07,13.25,20.33,0,21.67
26.82,56.12,104.78,36.78,13.46,20.35,0,21.94
26.8,56.53,106.18,36.73,13.92,20.21,0,21.85
27.58,57.16,110.2,37.05,14,20.43,0,22.19
26.63,57.37,111.66,37.25,13.53,20.33,0,22.2
26.13,55.92,111.79,36.91,13.24,20.04,0,21.64
26.04,55.86,113.36,36.92,13.01,19.84,0,21.45
25.94,55.6,112.32,37.19,13.13,20.6,0,21.42
25.7,55.63,111.93,37.22,13.06,20.61,0,21.42
26.61,56.63,114.66,37.43,13.18,21.36,0,22
27.18,56.93,115.18,37.8,13.34,21.52,0,22.29
27.29,57.25,115.49,37.93,13.38,21.41,0,22.58
27.33,57.04,114.3,37.96,13.37,21.71,0,22.49
27.41,57.07,114.61,37.83,13.23,22.01,0,22.19
27.76,57.19,116.35,37.86,13.29,21.94,0,21.99
27.82,56.67,116.74,37.8,13.27,21.84,0,22
27.61,56.18,116.67,38.06,13.01,21.33,0,22
28.44,56.69,117.88,38.08,13.11,21.83,0,22.33
28.12,56.2,116.83,38.08,13.28,21.85,0,22.27
27.78,55.55,116.18,38.09,13.38,21.92,0,22.38
27.71,56.17,116.23,38.1,13.81,22.24,0,22.57
27.58,56.52,115.39,38.25,13.47,21.7,0,22.49
27.2,55.9,113.48,38.39,13.3,21.39,0,22.35
26.93,55.88,113.25,38.55,13.33,21.59,0,22.39
27.12,56.46,114.64,38.59,13.5,22.02,0,22.43
27.75,56.89,115.9,38.39,13.71,22.36,0,22.34
28.03,56.69,114.94,38.25,13.7,22.45,0,22.5
28.47,57.78,116.15,38.68,13.89,22.43,0,22.99
28.42,57.37,115.99,38.68,13.87,22.18,0,22.96
29,57.66,115.57,38.94,14.05,22.54,0,22.9
29.36,58.48,118.21,39.2,14.34,22.73,0,22.98
29.8,59.26,125.2,39.73,14.97,22.85,0,23.08
31.01,59.2,124.5,39.53,14.7,23.05,0,23.64
30.72,58.99,123.01,39.37,14.04,22.69,0,23.37
30.98,59.39,125.94,39.76,14.55,22.84,0,23.09
30.96,59.2,125.3,39.57,14.67,22.47,0,23
31.11,59.3,125.89,39.6,14.58,24.33,0,23.13
30.72,58.5,124.32,39.14,14.78,24.29,0,22.83
30.86,58.75,122.12,38.86,15.1,24.39,0,22.82
30.43,57.2,120.21,38.74,15.08,24.46,0,22.51
30.96,58.05,123.47,39.22,15.18,24.59,0,22.92
31.24,58.34,123.27,39.39,16.26,24.84,0,23.35
30.97,57.46,122.23,39,16.19,24.64,0,23.39
31.17,58.65,125.3,39.18,17.98,24.8,0,24.04
31.68,58.3,125.69,39.48,17.13,24.95,0,24.01
32.21,58.09,127.94,39.35,16.92,25.38,0,24.33
31.15,56.84,122.63,38.86,16.46,24.78,0,23.61
30.96,56.85,122.45,38.82,16.38,24.77,0,23.59
31.25,56.78,121.72,39.03,16.1,25.02,0,23.73
31.58,57.72,125.17,39.48,16.52,25.24,0,23.73
31.31,57.53,124.18,39.54,16.38,25.05,0,23.7
31.19,57.53,124.01,39.5,16.14,25.17,0,23.65
31.6,57.97,124.45,39.71,16.06,25.07,0,23.55
31.82,58.02,125.76,39.68,16.31,25.2,0,23.75
31.94,58.43,126.23,39.61,16.48,25.25,0,23.69
31.88,58.71,126.58,39.65,16.53,25.24,0,23.55
31.73,59.13,128.74,39.88,16.64,25.41,0,23.66
32.27,62.06,133.62,40.35,17.18,25.77,0,23.8
32.53,62.56,134.69,40.71,17.44,25.33,0,23.57
32.18,62.42,133.3,40.58,16.9,25.19,0,23.7
32.49,63.67,132.61,40.38,17.24,25.39,0,23.89
32.77,63.86,132.33,40.76,17.12,25.83,0,24.2
32.77,64.68,134.73,41.13,17.14,25.93,0,24.16
31.99,63.7,129.59,40.7,16.96,24.89,0,23.77
31.59,63.96,130.24,40.59,20.04,24.83,0,23.81
32.1,64.88,134.18,41.47,20.07,25.21,0,24.4
32.34,65.25,133.52,41.44,20.29,25.05,0,24.06
32.59,64.79,134.08,41.14,20.58,25.14,0,23.78
32.61,65.01,134.47,41.1,20.69,25.2,0,23.92
33.18,66.18,138.43,41.59,20.48,25.67,0,24.3
33.18,64.62,137.13,41.49,20.49,25.23,0,23.75
32.97,64.57,137.47,41.47,20.4,24.75,0,23.3
33.27,64.36,137.08,41.4,20.42,24.52,0,23.33
34.16,64.94,138.33,41.45,21.09,25.13,0,24.01
33.86,64.48,137.16,41.6,20.73,25.27,0,23.88
33.73,64.14,135.63,41.13,20.4,24.84,0,23.57
33.71,64.96,135.95,41.31,20.62,25.26,0,23.77
32.89,63.52,132.77,40.8,20.68,24.94,0,23.51
31.3,63.89,134.15,40.92,20.71,24.82,0,23.54
30.56,62.63,131.01,40.9,21.31,24.54,0,23.41
30.88,62.67,131.22,40.57,22,24.68,0,23.24
30.98,62.81,132.42,40.11,21.7,24.76,0,23.11
30.3,61.55,130.91,39.79,20.34,24.42,0,23.1
30.85,61.77,132.49,39.89,20.66,24.82,0,23.47
31.18,62.18,134.96,39.98,20.94,25.2,0,23.79
31.43,61.88,134.29,39.8,21,25.28,0,24.01
31.74,62.26,135.27,39.99,21.13,25.78,0,24.18
31.93,62.17,134.98,40.28,20.97,25.36,0,23.98
31.91,61.07,130.41,40.27,20.42,25.52,0,23.97
31.86,61.13,129.85,39.79,20.58,25.27,0,23.57
32.55,62.49,133.56,40.1,20.73,25.73,0,23.79
32.79,61.91,133.17,40.58,20.89,26,0,23.87
33.75,62.15,132.01,40.4,21.08,25.97,0,24.07
34.04,62.38,134.14,40.59,20.54,25.86,0,23.95
34.02,62.76,138.57,40.89,20.82,26.15,0,24.52
34.26,62.58,138.98,41.31,21.26,26.23,0,24.72
33.88,61.79,132.01,40.93,21.47,26.24,0,24.74
33.43,62.89,128.02,40.67,21.35,25.82,0,24.39
33.15,61.27,128.61,40.64,20.78,25.21,0,24.02
32.95,61.66,129.35,40.67,20.6,25.07,0,23.91
32.47,82.5,128,40.84,20.73,25.4,0,23.89
31.98,60.54,125.94,40.59,20.1,25.62,0,23.65
31.57,60.79,126.36,40.76,20.23,25.57,0,23.54
31.78,60.97,127.51,40.69,20.95,26.02,0,24.06
31.85,61.06,130.28,40.48,20.46,26.68,0,23.9
31.55,60.96,130.11,40.46,20.48,26.3,0,23.71
31.5,60.78,129.86,40.46,20.55,26.15,0,22.84
30.52,60.13,126.02,39.74,20.47,26.47,0,22.26
30.59,59.65,125.63,39.57,20.59,26.2,0,22.01
30.99,60.82,128.18,39.65,20.74,26.28,0,22.01
31.6,61.87,136.45,39.89,21.18,26.44,0,22.04
31.3,61.55,136.46,40.2,21.45,26.19,0,21.91
30.53,60.1,134.62,39.86,21.91,25.82,0,21.68
30.71,60.01,134.9,40.3,21.99,25.56,0,21.66
31.11,60.23,135.64,40.27,22,26.07,0,21.79
31.6,60.58,136.15,40.28,22.33,26.41,0,22.07
31.32,59.88,134.64,40.06,22.14,26.09,0,21.89
31.56,60.25,134.1,40.21,22.37,26.08,0,22.1
31.84,60.13,134.64,40.15,22.47,26.46,0,22.2
31.7,60.3,133.86,40.01,23.22,26.27,0,22.17
32.04,60.73,135.19,40.12,23.16,25.99,0,22.14
32.13,60.56,136.1,40.2,22.81,25.97,0,22.2
32.97,62.21,138.83,40.71,22.76,26.44,0,22.61
33.21,62.89,143.39,41.5,22.49,26.51,0,22.72
33.06,62.71,143.82,41.35,22.53,26.44,0,22.65
33.15,62.68,142.45,41.04,22.75,26.46,0,22.62
33.77,63.28,143.41,41.45,23.09,26.63,0,22.7
33.99,63.4,145.75,41.75,23.82,26.77,0,22.64
33.26,63.12,144.43,41.75,23.4,26.64,0,22.69
33.1,64.3,145.86,41.95,23.64,26.8,0,22.7
32.76,64.49,145.92,41.94,23.22,26.7,0,22.59
32.58,64.45,145.47,41.89,23.62,26.37,0,22.65
32.06,64.12,144.11,41.8,23.7,26.21,0,22.57
31.94,63.25,143.23,42.06,23.51,26.09,0,22.65
31.67,63.64,143.85,42.25,23.42,26.13,0,22.78
32.56,64.6,147.02,42.31,23.39,26,0,23.22
33.08,63.6,145.69,42.44,23.21,25.98,0,23.29
33.06,63.62,145.42,42.25,23.23,25.92,0,23.74
32.37,63.56,144.93,42.52,23.23,25.05,0,23.51
31.94,62.32,141.14,42.02,23.34,24.78,0,23.13
32.17,63.18,144.65,41.91,24.8,25.19,0,23.11
32.45,64.16,145.29,42.22,25.76,25.18,0,23.07
32.34,63.64,144.39,42.36,25.11,25.28,0,23.2
32.59,64.17,148.95,42.75,24.41,26.07,0,23.17
30.78,64.97,147.07,42.61,24.4,26.04,0,23.11
30.85,64.91,147.12,42.81,24.34,25.73,0,23.46
30.75,65.07,146.97,42.83,24.41,25.58,0,23.59
30.89,65.02,147,42.86,24.75,27.18,0,23.95
30.8,64.23,143.89,42.3,24.56,27.62,0,23.63
30.81,63.64,143.37,42.01,24.36,27.41,0,23.92
30.43,63.35,142.54,42.36,24.74,27.51,0,23.71
30.9,63.3,143.27,42.18,24.62,27.8,0,23.89
30.07,61.66,140.77,42.15,24.09,27.81,0,23.88
29.74,62.03,142.36,42.31,23.97,27.71,0,23.88
29.69,62.82,146.83,42.32,24.04,27.89,0,24
30.49,62.27,146.41,42.15,24.33,27.97,0,23.79
30.44,61.91,145.33,42.12,24.84,28.61,0,23.9
30.5,62.35,145.53,42.15,24.87,28.41,0,23.73
31.03,62.68,144.44,42.34,25.08,28.71,0,23.74
30.9,63.14,144.78,42.21,25.09,28.47,0,23.79
31.23,63.13,144.91,42.33,25.94,28.39,0,23.75
30.97,62.93,143.51,41.87,26.49,27.71,0,23.71
30.84,62.59,145.33,41.89,26.75,27.3,0,23.44
31.25,61.74,143.15,42.19,27.36,29.12,0,24.14
30.57,61.46,141.21,42.04,26.57,28.63,0,23.89
31.35,63.41,147.5,42.84,26.65,29.23,0,24.63
30.82,64.38,151.54,43.4,26.57,29.11,0,24.75
30.7,64.91,150.06,43.23,28.36,28.95,0,24.51
31.26,65.89,150.09,43.11,28.28,29.2,0,24.73
31.72,66.56,151.4,43.48,29.31,29.35,0,24.9
31.46,67.35,152.2,43.72,27.97,29.09,0,24.75
33.07,67.9,152.79,44.2,28.79,29.53,0,26.49
32.76,67.41,153.59,44.06,30.91,29.27,0,26.5
32.89,67.4,154.03,44.03,30.67,28.9,0,26.48
33.08,67.25,155.26,43.93,30.88,29.12,0,26.61
32.85,67.29,153.6,43.91,31.17,29.41,0,26.86
32.9,66.25,151.62,43.93,30.68,29.02,0,27.07
33,66.69,153.2,44.29,30.8,29.7,0,27.67
33,66.51,152.27,44,30.9,29.99,0,28.13
33.18,67.08,156.99,44.57,31.47,30.43,0,28.32
33.35,67.8,158.58,44.98,33.01,30.4,0,28.32
33.46,67.69,158.68,44.97,32.04,30.24,0,28.68
33.71,67.63,159.27,45.06,32.81,30.22,0,28.84
33.89,67.63,159.44,45.16,33.62,30.38,0,28.86
33.68,67.76,158.5,45.07,32.85,30.7,0,29.3
33.26,68.37,157.5,44.98,34.24,31,0,30.59
33.65,67.57,156.02,45.09,32.81,31.27,0,30.53
34.13,69.26,158.08,44.93,34.34,31.89,0,30.85
34.02,69.84,158.99,45.1,33.88,32.06,0,31.12
34.22,69.78,158.07,44.98,33.51,32.05,0,31.75
33.94,69.45,159.44,44.87,33.57,32.07,0,31.56
33.11,68.75,157.87,44.44,33.16,31.66,0,31.37
33.34,69.61,158.93,44.96,32.7,32.03,0,31.37
33.18,70.37,159.55,45.65,33.2,32.04,0,31.88
33.34,71.07,164.28,46.02,33.24,32.1,0,32.45
32.72,70.08,162.32,45.74,32.76,31.47,0,32.71
33.17,70.82,164.9,46.58,32.65,32.39,0,32.98
32.84,70.55,165.01,46.46,31.85,31.83,0,31.98
32.87,70.49,166.03,46.85,32.21,32.33,0,32.6
32.96,71.14,165.15,46.32,33.07,34.78,0,33.53
32.84,71.97,166.14,46.2,33.4,35.09,0,33.57
33.17,70.75,168.97,46.77,33.7,34.48,0,33.43
33.73,70.3,168.53,46.57,33.97,35.82,0,34.39
33.34,69.73,167.78,46.22,33.64,35.26,0,34.31
33.13,69.57,167.58,46.11,33.43,35.21,0,34.37
33.36,70.13,168.62,46.21,33.42,35.56,0,34.52
33.72,70.85,170.21,46.43,33.42,35.42,0,34.42
33.63,69.98,168.48,46.63,33.16,35.35,0,34.52
33.4,69.49,168.62,46.66,32.68,35.06,0,33.76
33.47,69.44,167.12,46.4,32.64,34.58,0,33.69
33.51,69.12,164.3,46.25,32.21,34.49,0,33.58
33.32,68.32,162.45,46.38,31.2,34.91,0,32.69
33.67,68.15,163.38,46.15,32.18,35.11,0,32.91
33.89,67.92,164.49,46.43,32.9,36.8,0,34.01
33.11,68,162.25,46.17,32.57,36,0,34.33
33.63,69.52,163.4,46.48,32.19,36.13,0,33.88
33.94,70.04,162,46.41,32.1,35.99,0,34.15
35.12,70.64,162.5,46.7,32.17,36.81,0,34.45
35.03,71.03,165.54,46.78,32.18,36.48,0,34.47
35.28,71.72,166.78,46.96,32.61,35.9,0,34.27
36.04,72.68,168.78,47.51,31.7,36.15,0,34.13
36.56,73.52,173.6,48.26,28.81,37.22,0,34.12
36.08,73.74,175.52,48.3,28.21,37.16,0,33.8
36.36,74.52,179.67,48.65,28.59,37.74,0,33.88
37.13,77.07,195.23,49.5,29.4,37.5,0,34.1
37.03,77.67,195,49.76,29.75,38.49,0,34.14
37.64,77.45,200.56,50.04,30.25,38.82,0,34.34
36.81,75.37,200.59,49.68,30.76,39.6,0,34.58
37.05,75.5,180.02,49.45,29.84,39.33,0,34.4
38.03,79.04,163.46,49.26,30.01,39.18,0,34.22
37.12,78.39,171.42,48.95,30.79,38.86,0,33.95
36.46,77.54,165.59,49.14,31.34,39.47,0,34.74
36.84,78.21,170.54,49.52,31.73,39.92,0,35.51
35.58,75.13,166.56,48.28,31.38,38.59,0,34.4
34.48,72.37,165.4,47.23,29.87,37.06,0,32.65
34.89,74.13,163.22,47.35,30.04,38.02,0,33.41
34.68,73.44,177.32,47.23,30.73,37.79,0,33.25
33.51,70.99,169.29,45.84,30.51,36.25,0,31.3
33.44,71,166.14,45.76,28.95,35.5,0,31.72
33.2,71.55,162.92,45.74,28.44,35.56,0,31.68
33.13,73.14,164.7,46.29,28.48,35.91,0,31.32
34.44,74.47,164.16,47.05,28.91,36.36,0,32.28
35,74.85,164.02,47.61,28.85,37.33,0,32.46
34.48,75.06,164.27,47.81,28.74,37.33,0,34.23
34.52,74.91,164.09,47.81,29.22,37.89,0,34.97
34.71,75.03,164.91,47.89,29.45,37.53,0,34.8
34.42,75.07,166.38,47.97,28.75,35.06,0,34.6
34.52,72.95,164.19,47.39,28.27,34.06,0,33.78
35.39,74.32,167.14,47.88,28.42,35.28,0,33.42
35.33,73.96,169.01,47.94,28.93,35.29,0,34.55
34.26,73.04,168.76,47.16,28.97,34.96,0,33.51
34.23,72.82,167.51,46.87,27.88,35.39,0,33.51
33.28,70.86,163.49,46.18,28.23,34.93,0,32.1
33.73,71.54,163.06,46.28,28.27,35.31,0,32.51
33.85,71.59,165.06,46.24,27.59,35.29,0,32.51
34.77,72.66,166.78,46.74,28.27,35.65,0,32.45
34.86,73.05,168.42,46.72,27.8,35.81,0,32.51
35.92,76.62,179.15,47.78,28.3,35.72,0,32.75
36.79,76.46,188.89,48.71,28.34,35.41,0,32.91
36.78,75.64,191.79,48.8,28.4,34.4,0,33.3
35.8,73.86,185.41,47.99,28.91,33.37,0,32.03
35.7,73.9,185.26,47.84,28.73,33.87,0,31.98
35.69,74.77,186.23,47.93,29.26,33.12,0,31.38
35.99,75.06,184.74,47.78,28.26,33.22,0,31.29
36.28,75.06,181.62,47.6,26.46,33.61,0,31.02
36.74,75.16,184.21,47.59,25.55,33.53,0,31.25
36.13,73.32,178.93,47.29,25.33,33.59,0,31.09
34.54,71.34,175.58,46.36,24.24,32.2,0,30.22
33.27,69.33,175.92,45.27,23.58,31.05,0,29.41
34.93,70.48,177.03,46.41,24.08,31.99,0,29.81
34.87,71.65,177.75,46.09,23.85,31.81,0,29.59
34.1,70.78,176.06,45.72,23.36,31.34,0,28.95
35.03,71.9,182.38,46.35,23.21,31.86,0,29.28
34.6,71.41,183.45,46.05,22.87,31.32,0,29.06
33.88,70.58,181,45.56,22.8,30.76,0,28.47
34.45,70.95,180.3,45.78,23.4,31.4,0,28.24
34.94,70.03,179.59,45.67,24.11,32.03,0,28.73
35.57,71.12,181.24,46,25.09,33.13,0,29.55
34.13,69.23,178.49,45.15,24.59,32.01,0,28.97
34.38,69.88,180.38,45.57,24.18,31.84,0,28.64
34.68,71.42,183.28,46.38,24.17,32.38,0,28.89
33.68,70.85,179.83,46.05,23.44,32.5,0,28.69
34.93,72.4,186.69,46.72,23.72,33.19,0,29.24
34.41,71.83,183.86,46.72,23.12,32.74,0,28.83
34.78,72.96,188.65,47.45,24.15,33.95,0,29.56
36.12,73.52,190.67,47.69,25.15,34.41,0,29.63
36.41,74.42,192.92,48.3,25.34,35.04,0,30.13
35.56,73.89,191.74,48.08,25.25,35.02,0,30.31
35.43,73.93,192.51,47.74,26.11,34.98,0,30.21
36.17,74.45,193.25,47.82,25.76,35.02,0,30.74
35.53,73.79,189.95,47.33,25.81,34.24,0,30.32
35.32,72.4,182.89,46.92,25.57,33.76,0,30.2
32.29,73.11,184.28,46.94,26.05,33.46,0,30.41
31.28,72.33,185.11,46.91,26.36,33.09,0,30.05
31.43,73.35,186.21,46.95,26.76,33.22,0,30.2
31.41,74.86,191.85,47.35,26.81,34.03,0,30.2
31.22,75.26,191.03,47.73,27.7,33.96,0,32.38
31.28,75.37,191.63,47.76,27.16,33.45,0,32.21
31.87,76.38,192.43,48.01,26.82,33.7,0,32.74
31.61,76.89,191.91,47.75,28.03,33.41,0,32.98
32.06,76.65,191.77,47.64,27.6,33.96,0,33.2
32.92,77.89,199.22,47.64,27.63,33.62,0,33.46
33.38,79.02,201.51,48.5,29,35.27,0,34.04
31.81,78.13,195.66,48.64,28.65,35,0,33.73
32.32,77.5,191.63,49.43,28.84,36.07,0,33.71
31.74,77.88,190.92,49.04,29.79,36.16,0,33.88
31.92,78.37,192.54,49.39,30.15,36.31,0,34.38
32.18,78.07,190,49.67,30.62,36.9,0,34.78
32.35,77.87,189.03,49.43,30.92,36.56,0,34.7
32.02,79.27,194.2,50.29,30.97,37.02,0,34.65
31.58,79.01,193.88,50.11,30.32,36.45,0,34.1
31.6,79.29,194.69,49.76,30.5,36.26,0,33.81
31.32,79.31,193.66,49.75,30.45,36.59,0,34.08
31.46,79.37,194.21,49.95,30.12,37.17,0,34
31.26,79.37,193.52,49.72,29.76,37.21,0,33.79
31.31,79.61,193.4,49.5,29.68,37.34,0,33.83
31.9,80.27,195.68,49.78,30.04,37.91,0,34.18
31.45,80.61,196.01,49.94,30.52,37.76,0,34.45
31.79,80.47,192.49,49.64,31.05,38.63,0,35.22
31.54,79.82,182.83,49.35,31.32,38.23,0,35.37
30.86,78.72,176.88,48.62,31.42,37,0,35.32
31.56,78.92,179.52,49.28,31.46,38.04,0,35.18
31.35,77.67,176.25,48.69,30.84,37.45,0,34.47
30.78,77.99,178.11,48.71,30.19,36.59,0,33.94
31.59,79.15,180.86,48.9,29.74,36.95,0,34.1
31.65,80.3,179.39,49.27,30.1,37.14,0,34.3
30.96,80.33,176.43,48.71,29.73,36.88,0,34.06
31.44,80.61,176.25,48.63,30.16,36.19,0,33.93
31.25,80.37,173.32,48.17,30.19,36.57,0,34.81
31.33,81.28,175.09,48.32,31.24,36.85,0,34.8
29.92,79.34,172.43,47.43,30.9,36.68,0,34.64
30.54,80.02,174.45,47.88,29.58,36.89,0,34.84
30.31,79.4,172,47.6,29.61,36.77,0,34.81
30.07,79.81,170.13,47.6,28.72,36.59,0,34.71
29.28,75.85,166.56,46.33,27.93,34.8,0,33.22
29.17,77.26,167.21,46.5,28.26,35.44,0,33.44
28.38,75.93,163.91,45.78,27.15,34.6,0,32.85
28.38,75.62,164.03,45.34,27.11,34.51,0,32.95
29.04,76.37,167.35,45.93,26.98,34.65,0,33.49
28.15,71.25,154.14,44.5,26.67,34.5,0,33.72
27.99,70.97,152.21,44.14,26.9,35.15,0,34.13
28.12,71.9,153.57,44.16,27.63,35.39,0,34.36
28.42,72.23,154.84,44.27,28.17,35.76,0,34.31
28.98,72.36,156.87,44.7,28.22,36.8,0,34.45
29.46,73.34,160.15,45.56,28.63,37.09,0,35.74
29.93,73.63,165.39,45.89,28.27,37.28,0,35.99
29.9,72.31,161.2,45.33,28.97,37.34,0,36.12
30.5,73.19,164.58,46.03,29,38.2,0,36.64
30.94,73.75,165.25,46.18,29.36,38.18,0,36.58
31.12,74.09,166.05,46.31,31.29,37.93,0,35.72
31.26,74.5,164.96,46.15,33.17,38.33,0,35.63
31.03,74.68,164.99,46.03,33.84,37.91,0,35.26
30.83,74.06,163.57,45.89,34.16,38.13,0,35.7
31.2,73.84,163.92,46.19,34.03,38.35,0,35.92
30.98,73.92,163.74,45.99,33.93,37.84,0,35.84
30.77,74.49,163.56,46.15,33.05,37.64,0,35.04
31.52,75.13,165.82,46.99,33.12,37.73,0,35.1
31.23,71.32,165.29,46.11,32.16,36.5,0,34.32
30.72,71.54,163.4,45.99,31.3,35.4,0,34.24
30.77,70.28,161.82,45.89,30.52,35.92,0,34.51
31.38,71.91,166.8,46.3,31.12,37.36,0,35.33
28.51,69.02,159.99,45.1,29.8,35.49,0,34.08
28.97,68.45,149.91,44.25,28.89,36.16,0,32.87
28.54,68.65,149.19,44.04,29.01,36.79,0,33.47
29.34,69.2,152.95,43.92,29.18,36.69,0,33.01
29.62,69.04,153.31,44.05,28.58,36.04,0,31.97
28.95,68.66,153.91,43.99,28.51,35.88,0,32.21
29.12,68.53,152.33,44.02,25.69,35.71,0,31.88
28.87,67.86,148.52,43.4,25.99,35.07,0,30.86
29.03,67.09,148,42.8,25.96,34.4,0,30.85
28.99,66.72,143.88,42.48,26.44,35.36,0,31.57
28.36,64.45,138.18,41.36,26.48,35.18,0,31.53
28.28,65.12,139.61,41.57,27.33,35.66,0,32.12
28.55,65.87,142.39,41.87,26.64,35.81,0,32.32
28.59,65.64,145.8,42.26,27.51,36.57,0,32.1
29.01,66.26,145.33,42.65,27.81,36.57,0,32.38
28.84,65.65,145.05,42.83,27.87,36.93,0,32.5
28.56,65.52,145.16,42.38,29.12,36.98,0,32.91
28.5,65.54,145.9,42.73,29.11,36.88,0,33.03
29.24,66.73,148.75,43.46,28.54,36.09,0,32.47
29.17,66.21,147.99,43.22,28.86,36.24,0,32.85
29.6,66.24,148.78,43.45,29.01,36.41,0,32.95
28.9,65.72,148.52,42.87,28.47,36.21,0,32.63
29,65.43,148.34,42.8,29.02,36.43,0,32.65
28.6,65.16,145.55,42.6,28.47,36.04,0,31.91
27.97,64.51,143.06,42.24,27.56,35.3,0,31.2
27.66,63.12,140.37,41.73,26.99,34.49,0,30.85
27.01,61.08,127.86,40.41,24.86,32.98,0,29.11
26.77,60.62,128.4,39.79,24.21,32.84,0,29.8
26.96,61.21,134.2,39.82,23.59,33.25,0,29.9
26.94,60.5,133.5,39.36,25.3,33.45,0,30.28
27.27,61.26,134.94,39.51,26.52,34.46,0,30.41
27.49,61.26,135.19,40.14,26.31,33.79,0,28.95
27.69,61.41,135.29,40.22,26.53,33.58,0,28.02
27.42,61.23,132.45,40.26,26.44,33.15,0,28.33
27.59,60.42,132.99,40.44,26.99,33.74,0,28.23
28.38,60.93,135.77,40.96,26.82,33.38,0,27.63
28.53,60.95,137.32,41,24.73,34.46,0,27.96
28.49,60.96,136.79,41.01,23.31,34.36,0,28.03
27.91,60.46,132.98,40.69,23.03,33.69,0,27.53
27.87,60.67,133.95,40.5,23.39,34.07,0,27.48
27.61,59.83,131.67,40.5,22.9,33.93,0,27.4
27.73,59.77,128.94,40.05,23.73,33.83,0,27.09
27.93,59.34,127.06,39.95,24.04,33.87,0,26.66
26.94,59.75,125.31,39.79,24.75,33.54,0,26.2
26.83,59.21,123.84,39.1,24.71,33.17,0,25.87
27.54,60.83,127.18,39.59,25.51,34.05,0,26.23
26.92,59.36,123.44,39.14,25.54,33.66,0,26.3
26.25,58.74,120.62,38.36,24.03,32.05,0,25.07
26.48,58.31,116.27,37.97,23.08,31.73,0,23.85
27.36,58.26,118.98,38.01,23.19,32.22,0,24.39
26.23,56.33,115.13,37.23,22.27,31.09,0,23.68
25.95,55.49,116.23,36.75,22.22,31.7,0,23.75
26.47,56.14,116.6,37.2,22.08,31.85,0,24.59
26.79,55.84,114.67,37.01,21.28,31.7,0,24.73
27.63,57.29,117.86,37.93,21.67,32.73,0,25.22
27.92,57.38,118.31,38.05,22.11,32.95,0,25.76
27.33,56.07,113.87,37.7,21.59,31.74,0,25.91
26.66,55.68,110.2,37.52,20.91,31.09,0,24.89
26.11,54.87,108.7,37.36,18.83,30.5,0,23.72
25.31,53.38,102.74,36.12,17.8,29.3,0,22.36
24.21,52.02,99.42,35.1,18.04,27.67,0,21.72
25.3,54.34,103.28,35.65,18.97,29.6,0,23.18
24.94,52.36,100.51,34.98,18.58,26.01,0,22.55
24.23,50.66,94.18,34.33,17.06,24.41,0,21.75
25.19,50.89,97.62,34.83,17.83,25.07,0,22.19
26.69,51.04,100.64,35.53,18.2,26.56,0,23.14
27.9,57.1,112.65,37.19,19.32,28.41,0,25.07
28.18,56.25,111.69,37.87,18.67,27.81,0,24.92
27.65,55.12,109.3,37.14,17.61,27.06,0,24.39
27.38,55.43,109.69,36.87,17.43,27.46,0,24.33
27.94,56.59,114.08,37.35,17.3,27.34,0,24.12
26.96,53.69,98.96,36.21,17.7,26.74,0,25.46
25.55,52.09,98.32,35.19,14.45,24.95,0,23.79
25.18,50.99,99.52,34.54,14.77,23.66,0,23.06
25.75,51.55,102,34.99,14.32,23.62,0,24.11
25.95,52.45,103.28,35.49,14.9,24.63,0,24.63
26.41,53.75,106.43,35.99,15.46,25.17,0,24.19
26.59,53.84,107.78,36.28,16.05,24.88,0,23.43
25.68,50.44,104.23,35.59,15.05,23.75,0,22.86
25.12,50.34,101.01,34.58,14.95,22.5,0,21.87
26.06,51.98,105.74,35.64,15.18,23.46,0,22.92
25.89,50.74,104.64,35.68,15.17,23.3,0,23.01
25.82,50.72,104.33,35.65,15.33,23.07,0,22.94
27.12,54.45,111.54,36.7,15.91,23.94,0,23.78
27.44,54.12,112.85,36.68,16.4,23.59,0,23.82
27.78,55.17,112.8,37.39,17.67,24.96,0,25.63
27.32,54.47,108.13,36.71,18.28,24.86,0,26.17
26.97,54.97,109.41,36.51,18.12,24.82,0,26.17
28.01,58.36,119.8,38.12,18.41,25.76,0,26.28
27.02,55.57,110.36,37,17.68,24.44,0,24.35
27.25,55.3,110.41,36.6,17.93,24.21,0,24.12
27.41,55.69,112.43,36.5,18.22,24.38,0,24.27
25.99,53.38,104.9,35.47,17.52,23.74,0,23.2
25.82,53.46,106.28,35.19,17.5,24.01,0,23.48
25.63,54.27,105.54,35.45,17.18,23.41,0,22.96
26.87,55.46,109.41,36.03,17.98,24.02,0,23.56
26.65,55.1,108.11,35.93,16.82,24.01,0,22.52
26.47,54.96,106.69,35.7,16.94,23.94,0,22.45
25.62,52.62,104.48,35.19,16.42,22.83,0,22.15
25.71,52.96,103.09,35.16,16.22,22.36,0,22.02
24.51,51.22,98.39,34.47,15.93,20.8,0,21.21
23.51,50.33,97.81,32.9,14.99,20.38,0,20.55
22.38,48.54,93.41,31.99,14.07,19.7,0,19.56
21.84,48.49,92.01,31.94,13.73,19.25,0,18.84
22.29,50.12,95.79,32.52,14.63,20.2,0,19.39
23.17,51.46,99.26,32.96,15.54,21.02,0,20.12
23.72,51.15,98.16,32.85,15.47,20.45,0,20.01
23.72,50.89,97.24,33.1,15.82,20.39,0,20.11
24.26,52.06,98.93,33.1,16.02,20.79,0,20.31
25.05,54.1,102.61,33.41,16.42,21.24,0,20.93
25.2,54.18,104.41,33.47,16.69,21.28,0,21.39
24.71,52.2,103.42,33.2,16.7,21.06,0,21.36
25.78,55.17,107.59,34.4,17.58,22.26,0,22.1
26.51,55.47,109.47,34.66,18.32,23.39,0,22.72
27.2,56.61,112.92,34.97,18.48,24.53,0,23.12
27.61,56.94,114.37,35.81,18.46,25.61,0,23.61
28,56.76,111.44,35.84,18.58,26.09,0,23.76
28,57,113.59,35.8,18.49,26.24,0,24.2
27.4,55.82,108.11,35.26,18.27,25.39,0,23.43
27.34,56.63,107.8,35.24,18.26,25.28,0,23.25
27.48,56.78,111.48,35.87,19.29,25.79,0,24.2
27.75,57.05,114.28,35.85,20.03,25.81,0,24.44
28.55,57.7,115.24,36.43,20.11,26.72,0,24.75
28.39,57.37,113.5,36.19,19.46,26.7,0,24.61
27.86,57.02,112.03,35.85,18.6,26.03,0,24.3
27.82,57.25,113.09,36.23,18.18,25.67,0,24.39
27.91,56.36,114.4,36.28,18.4,25.98,0,24.8
28.71,56.99,118.54,36.78,18.42,26.71,0,24.89
28.47,56.27,118.22,36.42,18.08,26.6,0,24.87
28.36,56.27,116.68,36.45,18.32,26.18,0,24.72
29,59.04,120.54,37.12,18.53,26.66,0,25
29.46,58.36,123.02,37.69,18.75,27.32,0,25.37
29.75,59.9,126.08,37.93,19.63,27.69,0,26.06
29.55,59.11,124.39,37.95,18.99,27.93,0,26.1
29.51,59.64,127.24,38.24,19.3,27.71,0,26.28
29.62,60.87,131.47,38.2,18.6,27.57,0,26.46
28.91,59.45,126.88,37.6,18.04,27.2,0,26.24
28.98,59.02,125.13,37.44,17.03,26.63,0,25.76
28.99,59.62,125.01,37.44,18,27.18,0,26.2
28.87,60.12,126.13,37.43,18.15,27.44,0,26.5
29.23,60.37,127.59,37.5,18.11,27.56,0,27.36
27.38,59.37,123.43,37.14,17.77,27.45,0,27.28
28.21,60.34,124.56,37,18.17,27.85,0,27.86
28.57,60.99,126.8,37.27,18.38,27.97,0,28.21
28.47,61.14,128.37,37.59,18.28,28.12,0,28.48
28.82,61.37,129.22,37.76,18.03,28.4,0,28.91
28.35,61.51,129.65,38.19,17.98,28.28,0,28.79
27.71,61.61,131.78,38.34,19.06,31.03,0,29.38
27.71,61.1,129.2,38.33,18.62,30.88,0,28.93
27.69,61.8,130.45,38.33,18.51,31.13,0,28.69
27.17,61.43,127.72,38.12,17.87,30.89,0,28.47
26.75,61.44,126.54,37.78,18.26,29.76,0,28.13
26.99,60.4,125.12,37.75,17.87,30.12,0,28.4
26.85,59.67,125.59,37.59,18.01,29.74,0,27.52
26.9,59.61,124.15,37.6,17.37,29.27,0,27.08
26.98,60.79,123.56,37.39,17.28,28.68,0,26.25
26.46,60.02,118.67,36.45,17.34,28.5,0,25.78
26.5,60.24,119.62,36.17,17.36,28.96,0,26.07
26.58,60.15,119.33,36.38,17.62,29.32,0,26.96
26.62,59.16,117.37,36.18,17.58,28.81,0,26.44
26.58,59.36,117,35.93,17.1,29.07,0,26.28
26.46,59.4,115.65,35.73,16.44,28.39,0,25.73
26.03,59.75,115.8,36.26,13.08,28.24,0,26.5
26.25,60.1,116.16,36.43,14.15,28.05,0,26.42
26.58,59.32,117.84,36.77,14.92,27.77,0,26.36
26.26,59.15,118.17,36.62,15.79,27.61,0,26.42
26.9,61.22,121.15,37,15.45,27.92,0,26.66
26.1,59.59,116.92,36.34,14.86,27.35,0,25.78
25.75,59.29,116.48,36.23,14.6,27.65,0,25.77
25.79,60.1,117.36,36.32,14.28,27.93,0,26.16
25.01,59.05,116.6,36.05,14,26.89,0,25.53
25.45,60.35,117.62,36.32,14.35,27.32,0,25.79
25.67,60.98,119.37,36.71,14.19,27.38,30.1,25.85
26.6,63.35,129.37,37.91,14.94,28.34,31,26.33
26.8,64.87,135.07,38.33,15.62,28.59,31,26.32
27.01,64.22,137.58,38.8,15.56,29.16,31,26.41
27.16,65.65,139.72,38.82,15.85,29.02,31,26.69
27.45,65.91,140.95,39,16.54,29.15,31.47,27.48
27.56,66.04,144.87,38.83,16.09,28.89,31.7,26.93
26.48,65.54,139.26,38.63,15.65,28.36,31.62,26.37
26.66,65.87,141.03,38.84,16,29.18,32.23,27.36
26.94,66.09,141.03,38.6,15.98,29.41,32.96,27.29
27.35,66.87,143.8,39.05,16.34,29.88,33.5,27.92
27.28,66.53,141.82,39.11,15.95,29.59,33.2,27.71
27.45,68.16,144.77,39.2,16.05,29.9,32.97,27.89
27.57,67.9,143.39,39.42,16.26,29.6,32.77,28.5
27.52,68.2,142.49,39.3,16.36,29.82,32.9,27.8
27.3,67.58,140.55,39.06,16.27,29.77,32.82,27.37
27.21,66.83,140.07,39.08,16.14,29.84,32.69,27.51
27.51,67.05,143.01,39.39,16.11,30.54,32.7,27.88
27.81,67.03,144.4,39.21,16.03,30.94,32.5,27.93
27.76,67.14,147.03,39.18,15.93,30.58,32.45,27.61
28.32,67.87,149.34,39.64,16.25,30.54,32.39,28.19
28.61,68.08,148.77,39.96,16.31,30.07,32.48,27.66
26.66,67.05,144.45,39.34,15.72,28.79,32.3,26.99
25.84,67.89,146.25,39.16,15.17,27.8,31.67,26.08
25.67,67.44,145.57,39.17,15.01,27.96,31.63,25.98
25.99,68.45,147.4,39.39,15.27,28.06,31.45,26.49
25.5,66.58,141.37,38.46,14.9,27.52,30.95,26.09
24.89,64.44,135.71,37.51,14.44,26.5,30.64,25.54
25.67,65.32,135.97,37.6,14.38,26.72,30.42,25.49
25.56,64.93,136.38,37.27,14.49,26.99,30.63,25.17
25.64,65.47,130.04,37.4,14.69,27.18,30.21,25.16
25.37,62.09,121.88,36.39,14.03,26.04,30,23.66
25.95,62.74,123.33,36.25,14.03,25.99,30.07,23.18
26.12,62.96,125.26,36.45,13.94,26.52,30.2,23.15
26.52,63.4,127.35,36.71,14.03,26.73,31,23.34
25.89,60.32,121.41,35.98,13.77,26.16,31.11,22.49
25.35,59.21,120.18,35.39,13.57,25.96,31.89,22.2
25.79,58.72,120.9,35.67,13.77,26.15,31.93,23.1
25.82,58.6,119.92,35.57,13.84,25.65,31.97,22.83
25.36,56.97,113.94,35.23,13.61,25.52,31.74,23.04
25.55,57.45,114.2,35.28,13.33,25.9,31.17,22.93
25.51,57.3,114.34,35.51,13.12,25.84,31.16,22.5
25.33,56.8,114.09,35.5,13.01,25.5,31.25,22.16
25.36,56.68,114.44,35.1,13.01,25.08,31,22
25.35,55.54,111.42,34.94,13.05,24.25,31,21.34
24.84,55.06,107.33,34.9,12.94,23.93,30.16,20.89
23.87,52.96,103.6,34.21,12.57,22.97,30.01,20.67
25.66,55.65,112.88,34.99,13.41,24.04,30.07,21.74
25.97,55.08,110.46,34.99,13.04,23.83,30.01,21.19
26.51,54.63,110.04,35.17,12.8,24.18,29.76,21.16
26.28,56.08,111.03,35.71,13.64,25.08,30.17,21.56
27.43,58.28,116.72,36.53,13.58,25.66,31.04,21.72
27.98,58.68,118.16,36.55,13.89,26.74,31.18,22.48
27.7,57.06,114.74,36.02,13.56,26.01,31.13,22.62
27.72,57.34,117.25,36.07,14.3,26.44,31.08,22.97
27.67,57.28,115.62,35.99,13.84,26.36,31.17,22.82
27.56,57.07,115.72,36.03,14.17,27.11,30.44,22.93
28.23,59.48,122.03,36.64,14.32,27.52,30.42,22.96
27.74,58.98,122.34,37.03,13.89,27.89,28.96,21.78
28.01,59.43,122.46,37.53,13.91,27.91,29.92,21.69
27.71,59.22,121.51,37.26,13.67,27.28,30.31,21.01
27.93,58.79,122.03,36.84,13.53,27.48,29.23,20.95
27.62,57.43,118.97,36.4,13.5,26.59,30.4,20.41
27.88,58.67,121.29,36.61,13.55,26.85,30.22,20.89
28.44,58.81,123.96,37.21,13.94,27.42,30.34,21.39
28.57,59.14,124.06,37.4,13.99,26.96,29.67,21.49
28.69,61.98,131.25,38.06,13.78,27.01,29.14,21.53
28.89,62.15,132.99,38.52,14.15,27.56,29.2,21.52
28.91,62.22,133.49,38.72,14.23,27.88,29.12,21.44
29.16,62.1,133.38,38.64,14.4,27.82,29.09,21.56
29.23,61.83,132.88,38.48,14.51,27.57,29.14,21.67
28.91,62.03,133.07,38.42,14.4,27.36,29.12,21.68
29.23,62.9,133.73,38.32,14.52,27.24,28.9,22.05
29.13,62.25,130.34,38.36,14.51,26.53,28.7,22.04
28.8,62.62,130.65,38.38,14.31,26.06,27.38,21.54
29.02,63.25,133.89,38.25,14.68,26.43,28.96,22.38
29.38,63.95,137.83,38.58,14.78,27.07,28.94,22.49
29.41,64.76,139.34,38.93,15.04,27.22,28.5,22.87
28.86,64.19,135.89,38.72,14.6,26.46,28.32,22.51
28.75,64.33,135.09,38.71,14.32,25.94,28.5,22.55
28.59,63.91,134.65,38.74,14.14,25.48,27.97,22.12
28.35,63.96,133.82,38.5,14.1,25.06,28.1,21.29
29.21,65.25,138.33,38.7,14.27,25.96,28.21,21.15
29.71,64.98,140.88,39,14.47,26.81,28.14,21.99
29.38,62.64,137.9,38.64,14.19,26.37,27.51,21.54
30.48,63.19,139.43,38.7,14.55,27.02,27.66,21.95
30.47,62.36,138.28,38.43,14.52,26.88,26.33,21.5
30.56,61.41,135.61,38.09,14.5,27.94,26.08,21.58
30.02,60.46,130.06,37.69,14.05,26.48,26.41,20.85
29.4,58.81,122.93,37.1,13.93,25.86,26.19,19.8
28.65,56.89,119.74,36.2,13.75,26.08,25.33,19.46
27.94,54.54,111.1,34.81,13.38,25.37,24.6,18.99
28.23,54.51,112,35.18,13.29,24.81,23.53,18.5
28.27,53.99,109.87,34.93,13.09,24.13,23.47,17.56
28.91,55.34,111.51,35.52,13.68,24.62,23.7,18.68
28.85,53.98,108.9,35.15,13.97,24.41,23.41,19.03
28.43,52.26,107.05,34.5,13.26,23.9,20.8,19.58
28.87,53.62,108.94,34.75,13.26,23.66,21.07,19.56
27.73,51.78,104.34,33.78,12.7,22.47,21.3,18.68
27.95,51.4,102.51,33.73,12.56,21.78,21.46,17.98
28.32,52.42,105.57,34.22,13.12,23.01,21.46,18.73
28.77,54.68,112.43,35.09,13.61,23.3,21.82,19.28
28.82,55.16,114.06,35.07,13.74,23.45,22.27,19.41
28.51,55.12,113.56,35.54,14.23,23.4,22.21,19.69
28.51,54.42,110.12,35.3,14.31,23.54,22.26,19.72
27.8,53.11,105.35,34.66,13.53,22.71,21.32,19.17
28.06,53.76,105.46,35.03,13.66,23.04,21.38,20.17
27.89,54.27,104.21,35.33,13.28,22.51,21.57,20.07
28.15,54.52,105.34,35.42,13.64,23.42,21.85,20.71
28.16,55.15,106.33,35.75,14.3,24.11,22.52,21.59
28.06,55.45,110.18,35.59,14.18,24.05,22.68,20.85
27.49,54.79,107.94,35.27,13.6,23.74,22.59,20.22
27.09,54.3,105.33,35.33,13.31,23.44,22.18,20.24
27.48,55.1,108.93,36,13.67,23.46,21.79,20.78
27.98,56.13,111.33,36.66,13.74,24.02,22.79,21.19
28.31,56.21,111.49,36.95,13.5,23.92,22.91,20.88
28.4,58.09,114.65,37.24,14,24.96,22.75,21.72
28.79,59,116.89,37.38,13.98,25.58,23.39,22.2
28.76,59.3,114.33,37.53,14.44,26.5,24.12,22.23
29.18,60.12,117.08,37.77,14.57,26.72,24.03,22.21
29.06,59.33,117.46,38.12,14.74,27.18,24.15,22.5
29.7,59.63,116.64,37.87,14.52,27.16,23.94,22.63
29.6,59.09,113.95,37.55,14.3,26.93,23.74,22.35
29.53,58.4,112.9,37.77,13.99,26.77,23.36,21.87
29.06,57.57,111.47,37.66,13.97,26.37,23.22,21.81
28.83,56.34,108.54,37.4,13.42,25.86,23.08,21.15
28.63,56.22,108.12,37.11,13.98,25.66,23.07,21.89
28.42,55.69,109.42,36.79,13.52,25.09,22.72,20.91
28.27,57.09,111.01,36.63,13.63,24.86,22.44,21.12
27.68,55.92,110.39,36.64,13.28,24.33,22.08,20.47
27.27,57.12,108.25,36.42,13.13,23.69,22.09,20.2
27.74,57.79,108.72,36.39,13.31,23.96,22.84,20.31
27.68,57.24,109.93,36.42,13.2,23.92,22.67,20.18
27.11,56.56,111.22,36.5,13.11,23.87,22.18,19.66
27.28,56,109.85,36.99,12.96,24.03,21.34,19.69
27.29,55.97,108.9,37.05,12.93,24.59,22.08,19.69
27.25,54.94,107.03,36.95,13.01,24.94,22.97,20.06
26.35,53.46,102.58,36.46,12.88,24.72,22.47,19.9
26.81,54.16,104.47,36.53,12.87,25.07,22.59,19.75
27.45,54.79,106.06,36.74,12.83,25.12,22.58,20.18
28.08,57.59,112.79,37.7,13.07,26.02,23.07,20.82
27.96,57.01,112.32,37.73,13.19,26.03,23.23,20.78
27.87,57.33,114.89,37.93,13.52,26.3,23.55,21.1
27.43,57.39,113.82,37.99,13.73,26.23,22.89,20.49
27.65,57.37,114.05,38.15,13.82,26.24,22.91,20.69
27.85,57.44,113.54,37.99,13.69,26.02,23.39,20.84
28,57.96,116.88,38.33,13.65,25.89,23.74,20.9
27.71,58.58,115.7,38.61,13.06,26.17,24.4,21.35
28.04,59.19,115.89,38.36,14,26.84,24.44,21.32
28.22,61.16,117.11,39.01,14.26,26.25,24.3,21.46
28.15,61.22,120.86,39.36,14.68,27,24.2,21.74
28.56,62.42,123.01,39.64,14.68,27.26,24.76,21.47
28.53,62.02,120.23,39.45,14.2,27.36,24.76,21.43
28.68,62.56,123.79,39.63,14.43,27.64,24.55,21.59
28.5,61.87,121.36,39.58,14.49,27.26,25.1,21.8
28.84,63.05,123.22,40,15.09,27.38,25.08,22.81
29.78,64.07,126.72,40.29,15.57,28.11,25.43,22.99
30.4,63.74,126.57,40.35,15.78,27.85,25.18,23.33
30.52,63.16,122.74,39.97,15.33,27.31,25.08,21.49
30.84,63.83,125.5,40.41,15.56,28.11,25.1,21.31
31.42,64.06,126.47,40.39,16.07,28.63,24.9,21.51
31.45,63.12,121.62,40.22,16.64,28.87,24.89,21.65
30.99,62.49,120.74,40.16,16.68,28.91,24.83,21.44
31.05,62.15,118.85,39.65,17,29.06,24.82,21.3
31.1,62.39,118.68,39.78,18.1,29.07,24.34,21.89
31.18,62.67,117.69,40,18.16,29.29,22.81,22.44
31.54,62.14,120.17,40.15,17.94,30.12,23.11,23.13
31.81,61.91,120.26,40.42,17.91,30.4,22.7,23.39
31.82,60.7,117.56,40.33,17.96,30.35,22.57,23.5
31.71,60.36,118.37,40.29,18.06,30.02,22.94,22.8
31.94,61.29,119.17,40.3,18.04,29.89,23.18,22.48
32.05,63.41,123.98,40.74,18.27,29.86,23.25,22.98
31.94,62.98,121.56,40.75,17.99,29.49,23.4,23.25
32.18,63.43,121.97,40.81,18.2,29.83,23.81,23.5
32.12,63.21,121.89,40.6,18.34,29.76,24.24,23.52
31.98,62.76,120.87,40.37,18.17,29.42,24.3,23.42
31.97,62.72,119.42,40.35,17.82,29.28,23.9,23.31
31.63,61.94,116.64,40.17,17.83,29.11,23.73,23.02
31.78,62.7,118.75,40.21,18.08,28.97,23.38,22.99
31.94,63.3,118.27,40.16,17.86,28.68,23.68,22.56
32.17,64.14,121.68,40.66,18.17,29.4,23.88,23.41
31.87,64.16,120.4,40.82,18.41,29,23.63,23.16
32,64.15,119.41,40.3,18.34,29.15,24.01,23.26
32.11,65.44,120.83,40.75,18.43,29.38,24.15,23.34
32.55,68.71,132.34,41.66,18.61,29.9,24.73,23.88
32.76,69.03,129.82,42.26,18.68,29.7,25.21,23.41
32.95,68.1,130.95,42.7,18.69,29.67,25.13,23.78
33.08,68.2,133.61,42.78,18.77,29.7,24.8,23.88
33.27,68.96,138.75,42.87,19.16,30.41,25.85,24.36
33.27,69.16,139.85,42.95,19.25,30.8,25.43,24.4
33.31,68.54,138.01,42.76,19.06,30.34,25.92,23.62
33.5,69.44,140.24,41.67,19.41,30.37,26.12,23.82
33.42,69.33,139.47,41.55,19.36,30.45,25.95,23.71
33.42,69.58,140.11,41.78,19.34,30.59,26.02,23.82
33.55,69.94,140.94,41.93,19.33,30.64,26.15,24
33.6,69.71,139.81,41.96,19.18,30.37,26.03,24
33.32,69.35,139.39,42.01,19.14,29.97,25.72,24.17
33.27,69.03,138.88,41.75,19.22,29.94,25.64,23.99
33.54,70.13,141.62,42.46,19.24,30.11,25.51,24.2
33.66,70.79,143.6,42.93,19,30.06,25.26,24.5
33.29,69.74,141.48,42.16,18.71,29.69,25.19,24.31
32.9,70.12,141.19,42.15,19.18,29.74,25.84,23.66
32.91,70.17,141.86,42.33,18.95,29.53,25.72,23.36
33.24,70.78,142.75,42.56,18.89,29.8,26,23.66
33.44,71.52,142.19,42.67,18.6,29.61,26.17,23.49
33.21,70.91,143.04,42.8,18.42,28.65,26.58,22.99
33.38,72.16,147.25,42.67,18.48,28.68,25.73,23.19
33.29,73.37,150.07,43.1,18.43,28.84,25.65,23.1
33.1,72.78,150.03,43.38,18.78,29.33,25.93,23.28
34.03,73.4,152.21,43.6,19.05,29.83,26.01,24.08
34.54,74.09,151.62,43.79,18.92,29.26,25.81,24
33.67,72.35,147.17,42.94,18.72,28.82,25.64,23.53
32.39,70.07,142.31,42.03,18.44,28.56,25.66,23.11
31.95,69.45,140.09,42,18.25,28.44,25.92,23.24
32.33,69.45,139.11,41.68,18.76,29.21,26.18,24.53
31.57,67.85,134.76,41,18.48,29.52,26.24,24.72
30.35,63.27,123.88,39.99,18.1,28.79,26.27,24.44
30.97,64.4,124.98,40,18.19,29.67,26.65,24.98
31.28,64.7,123.94,40.21,18.16,29.83,26.74,25.29
31.3,66.21,126.64,40.18,17.95,30.89,27.12,24.98
31.06,65.31,126.25,39.7,17.2,29.86,26.65,24.53
31.21,66.58,128.59,40.11,18.13,30.42,26.17,24.82
32.26,67.85,132.64,40.71,18.82,31.31,26.01,26.71
32.37,67.89,132.29,40.95,19.57,32.06,26.45,27.5
32.48,69.48,134.12,41.33,19.64,32.79,26.54,26.77
31.36,66.8,126.92,40.7,19.59,31.71,26.42,26.46
32.12,68.19,127.88,41.25,20.25,32.64,26.64,26.88
32.71,68.85,132,41.77,20.64,33.07,29.55,27.25
33.65,71.13,136.82,42.8,21.09,33.52,29.87,26.79
31.81,69.32,133.62,42.32,20.75,33.45,29.63,27.11
31.52,68.1,132.18,41.99,20.92,33.28,29.73,26.35
31.84,67.66,131.95,41.83,21.07,33.41,29.73,26.29
32.02,68.15,133.46,41.97,21.19,33.71,29.69,26.61
32.1,69.09,136.18,42.33,21.34,34.11,29.72,26.72
32.34,67.45,133.33,41.97,21,34.75,29.65,27.4
31.39,65.6,127.95,41.75,20.55,33.94,29.47,26.87
29.7,62.21,120.3,39.97,19.44,31.46,29.21,25.59
27.9,60.16,113.95,38.68,18.33,29.46,27.8,23.77
26.72,59.16,110.82,38.17,17.25,27.55,27.18,22.14
25.52,58.42,111.14,36.81,16.78,26.63,26.64,21.69
24.56,58.3,108.07,36.53,16.28,26.71,26,20.38
25.06,58.28,107.94,36.33,15.26,26.22,25.88,20.26
23.31,55.9,102.48,38.22,14.41,24.73,25.8,18.91
23.3,57.25,105.72,36.43,14.33,24.74,25.15,19.19
20.59,54.94,95.58,35.04,12.28,22.45,22.89,16.53
20.39,54.89,94.03,34.7,12.28,22.33,22.68,15.71
17.86,49.66,81.91,32.14,10.47,20.17,20.97,12.45
20.8,53.38,90.18,33.75,11.37,21.94,21.07,13.58
18.08,48.64,80.92,31.63,9.81,18.55,19.46,11.29
15.26,44.15,67.99,28.34,7.89,14.55,16.52,8.16
15.44,49.01,72.52,28.6,8.91,15.34,16.55,8.78
10.25,40.39,54.95,24.35,5.21,10.82,12.47,6.15
9.55,40.86,54.38,23.68,5.68,11.13,11.1,5.76
7.14,37.68,43.02,20.6,4.35,7.84,7.67,3.76
7.71,40.36,46.65,21.75,4.39,11.21,8.66,5.74
9.12,43.31,52,23.03,3.81,11.61,7.65,7.08
9.16,43.47,57.57,22.19,4.28,12.17,7.74,7.57
12.19,44.85,66.68,24.84,6.48,15.01,10.71,8.7
12.95,47.43,75.23,26.62,7.74,15.44,13.13,9.84
13.42,48.44,71.48,27.6,8.07,16.93,14.38,10.95
12.19,42.11,63.31,25.73,6.64,15.29,13.23,9.94
11.53,43.52,61.1,25.8,6.08,15.11,12.72,9.32
11.81,42.47,60.16,26,6.6,14.43,12.92,8.56
11.77,40.3,54.01,25,6.05,13.04,11.18,7.82
11.51,40.27,52.67,24.62,5.41,12.1,10.68,7.64
10.58,37.94,48.5,23.93,5.26,11.22,10.23,7.46
12.91,40.7,56.74,26.06,6.25,12.41,12,9.32
13.63,42.67,60.94,26.62,6.03,12.68,12.01,9.4
15.01,46.55,69.11,27.9,6.33,15.59,13.51,9.88
14.55,47.8,70.65,29.15,7.05,15.25,13.91,10.96
13.71,46.78,68.42,29.14,6.81,14.74,13.36,10.88
13.9,46.49,69.3,28.9,6.68,14.87,13.17,10.4
15.04,48.12,74.49,29.26,7.4,14.98,13.56,10.5
14.42,47.14,71.86,28.78,6.96,14.61,12.35,10.3
13.82,45.88,72.39,28.57,6.71,14.5,11.92,9.8
14.06,47.01,78.5,29.95,7.35,15.09,11.85,9.97
13.53,43.13,73.3,29.32,7.52,14.36,11.39,9.43
13.18,40.68,70.48,28.4,7.57,14.15,11.43,9.26
13.29,41.04,70.03,28.59,7.29,14.15,11.36,8.86
13.78,45.99,76.11,29.28,7.48,14.56,11.57,9.47
13.95,43.77,76.61,29.53,7.89,15.48,13.68,9.88
15.22,46.39,82.78,30.61,8.66,16.42,14.07,10.45
15.81,46.59,82.16,30.9,8.89,16.78,14.97,10.34
17.46,48.91,89.02,32.25,9.73,17.57,16,11.1
16.83,47.97,85.55,31.77,9.44,16.7,15.76,10.99
15.01,45.63,80.83,30.64,8.83,16.23,14.96,9.86
14.78,45.45,80.54,30.6,7.71,15.79,14.9,10.24
14.27,46.39,79.67,30.65,7.94,15.48,15.06,10.25
13.92,46.47,79.25,30.53,7.33,15.26,14.83,9.24
14.94,47.36,79.59,31.16,7.88,17.19,15.37,10.2
15.6,50.96,87.04,32.29,8.84,17.99,16.25,10.55
14.66,48.48,82.65,32.16,8.32,17.71,16.47,10.13
13.84,45.98,78.66,31.36,8,16.7,15.99,9.61
12.69,44.41,76.85,30.35,7.48,15.39,15.08,8.35
13.52,45.71,78.31,30.76,7.63,15.43,15.21,8.96
13.86,44.77,77.81,30.78,8.25,16.03,15.45,9.2
15.31,48.39,81.49,32.3,9.07,17.8,17,10.09
15.16,48.24,82.08,32.53,9.08,18.63,17.58,10.73
16.5,50.21,86.87,33.81,10.8,19.82,18.58,11.78
16,48.56,83.18,32.82,10.83,19.77,18.81,12.12
15.92,46.9,78.28,32.71,11.41,19.68,19.11,13.13
16.66,47.77,79.98,33.44,11.44,19.64,19.37,13.32
17.65,49.93,84.89,34.2,11.45,20.38,20.03,13.44
18.1,50.93,86.95,34.47,12.1,21.96,21.05,14.31
17.23,48.56,83.23,34.18,12.1,21.81,20.73,14.21
17.19,47.95,83.29,33.88,12.2,21.39,20.92,13.8
17.81,49.04,86.51,34.94,12.86,22.1,21.8,13.86
18.21,47.76,84.1,35.39,12.55,21.78,22.04,13.6
20.27,51.79,93.51,37.06,13.51,22.91,22.8,15
21.72,52.35,95.39,37.35,13.38,23.43,22.74,15.05
21.71,52.97,101.69,38.19,13.89,24.61,23.92,15.62
23.77,55.65,108.82,38.64,14.8,24.82,24.8,15.81
22.06,53.66,102.75,37.9,13.61,23.69,24.03,14.82
20.51,51.78,98.94,37.2,12.86,22.54,23.83,13.73
17.84,49.12,89.75,34.48,10.51,20.4,21.69,12.5
19.17,49.91,92.31,35.71,11.08,21.12,22.31,13.24
19.47,49.09,92.09,35.67,11.25,21.37,22.55,13.55
19.36,49.42,90.51,35.62,11.19,22.08,23.38,13.82
18.96,48.91,88.7,35.75,10.75,22.17,23.86,13.31
18.59,48.21,88.37,35.4,10.25,21.7,23.46,12.89
18.2,47.18,86.83,35.33,9.83,21.14,23.12,12.08
17.78,46.3,83.33,34.9,10.29,21.31,23.32,12.15
18.46,46.88,84.59,35.47,10.6,22.44,23.78,12.95
16.94,44.93,75.27,34.22,9.45,21.22,21.55,11.77
16.71,44.99,73.56,33.86,8.66,20.29,21.51,10.95
15.71,43.36,69.05,32.88,8.14,19.62,20.86,10.24
16.82,44.68,74.22,33.18,8.85,20.56,21.78,10.79
16.82,45.54,74.5,33.29,8.92,20.9,22.29,10.9
16.78,45.06,73.8,33.62,9.23,20.25,22.17,10.79
16.87,46.37,77.35,34.32,9.13,19.94,22.19,10.79
16.97,47.64,78.87,34.86,9.15,19.85,22.5,10.9
16.72,47.08,76.75,34.51,8.91,19.33,22.06,10.72
16.15,45.04,73.43,33.45,8.22,18.36,20.64,10.21
16.3,45.62,74.18,33.85,8.33,18.51,20.59,10.36
16,44.71,71.16,33.1,8.13,18.4,20,10
16.19,45.73,74.16,33.25,8.43,18.4,20.1,10.07
16.38,48.55,81.27,34.14,8.46,18.19,19.93,10.17
16.18,47.4,79.3,34.28,8.37,18.44,20.04,10.02
18.22,50.26,86.75,35.56,9.41,21.83,22.32,11.9
17.61,49.72,84.62,35.36,9.26,21.27,21.86,11.53
16.82,48.7,82.78,35.35,9.19,21.04,21.25,11.03
16.34,47.27,79.99,34.83,8.75,20.74,20.52,10.66
16.69,48,79.2,35.22,9.35,22,21.39,11.37
16.33,46.82,76.12,34.81,9.09,22.42,21.46,11.13
15.9,44.89,73.97,34.21,8.89,21.89,20.97,10.86
15.8,44.39,73.41,33.83,8.79,22.21,21.08,10.99
14.96,43.49,70.69,33.6,8.36,21.63,20.57,10.56
15.42,44.23,73.38,33.54,8.61,22.11,20.72,11
16.25,44.35,75.24,34.29,9.06,24.54,23.2,11.97
16.65,45.52,76.42,34.68,9.05,24.38,23.16,11.72
16.1,43.64,72.46,34.06,8.57,23.67,21.57,10.98
16.33,44.01,73.04,34.45,8.75,24.92,22,11.69
16.72,43.74,72.83,34.91,9.07,24.88,22.6,12.23
16.72,43.34,71.31,34.92,9.61,24.82,23.01,12.52
18.46,45.25,76.59,35.97,10.49,25.78,23.45,13.45
19.03,44.2,74.15,35.94,10.74,25.69,23.81,13.92
21.66,47.54,81.48,36.69,11.25,26.16,24.27,14.2
21.51,51,88.31,37.57,11.23,26.53,25.3,14.6
21.14,49.06,85.92,37.77,11.81,26.92,25.01,15.24
21.35,48.63,86.68,37.9,11.79,26.87,25.85,15.33
21.82,48.37,85.01,37.67,12.06,27.03,25.59,16.23
21.39,47.72,83.5,37.85,12.14,27.02,25.74,16.42
20.95,47.69,81.64,38,12.01,26.84,25.93,16.32
20.9,47.49,81.27,37.76,12.21,26.7,26.92,16.54
20.84,47.46,80.31,37.83,12.64,26.84,25.63,17.28
21.17,48.53,82.83,38.28,12.02,26.05,24.83,16.86
22.28,49.82,86.86,38.34,12.29,26.33,24.72,16.79
22.1,49.97,86.21,38.89,12.34,26.08,24.81,16.91
22,49.87,84.8,39.05,12.52,26.28,24.89,17.45
22.82,50.54,86.54,39.03,12.69,26.88,25.29,17.62
23.87,52.17,91.55,39.6,13.25,27.78,25.85,18.07
22.51,50.72,87.47,38.85,12.85,26.8,23.96,17.08
22.78,49.67,86.3,39.03,13.88,27.66,24.44,18.41
23.72,51.34,89.33,39.62,13.83,27.64,24.65,18.36
23.07,50.65,87.36,38.54,13.1,26.79,22.63,17.27
23.53,51.96,87.78,38.73,13.24,27.43,22.32,17.55
23.52,52.55,85.52,38.49,13.06,27.08,22.24,17.38
23.17,51.7,82.71,38.2,12.79,26.67,22.35,17.16
23.11,50.84,82.96,38.63,12.91,27.6,23.09,17.61
22.83,52.33,83.33,38.69,12.75,28.18,23.41,17.48
22.73,51.91,82.15,38.81,12.5,27.89,22.96,17.15
23.06,53.09,83.76,39.99,13.24,29.11,23.99,17.89
23.74,51.86,82.28,40.56,13.99,29.18,24.37,18.43
23.02,49.68,79.68,40.32,13.46,28.41,23.92,17.96
22.53,49.08,79.34,39.99,13.02,27.82,23.57,17.78
22.03,48.98,77.7,39.93,13.14,27.34,22.62,17.34
21.11,46.45,72.35,38.14,13,27.28,22.74,16.3
21.63,46.26,73.42,38.44,13.81,28.73,23.9,17.26
21.39,45.05,70.71,37.74,13.24,27.69,23.37,16.65
21.2,45.91,71.07,37.53,13.19,28.18,23.85,16.63
22.1,46.95,72.37,39,14.01,29.8,25.38,17.14
22.64,47.64,73.62,39.61,14.26,30.93,25.76,17.53
21.73,46.74,71,39.19,13.59,30.08,25.63,16.68
21.75,46.65,71.82,39.39,13.83,30.69,26.27,17.1
21.83,46.23,72.08,39.78,14.05,31.45,26.86,17.59
21.67,46.15,73.21,39.72,14.17,31.98,27.53,17.92
21.57,46.22,73.86,39.87,14.16,32.24,26.74,17.94
21.06,46.42,74.38,39.43,13.78,30.94,25.49,17.35
21.49,46.16,75.07,39.7,13.86,31.3,25.96,17.8
21.93,46.11,74.32,39.83,13.86,32.41,25.41,17.91
21.37,45.72,72.69,39.65,13.64,32.28,24.75,17.65
21.41,46.17,74.11,39.6,13.17,32.52,23.4,18
20.97,44.83,71.74,39.29,13.73,32.98,24.21,18.06
21.1,44.99,71.74,39.08,13.57,32.63,24.08,18.2
21.16,45.75,72.7,38.96,13.65,34.1,24.44,18.38
21.25,45.37,71.13,39.01,13.62,35.04,24.11,19.06
20.81,44.97,69.69,38.29,13.01,34.32,23.36,18.39
21.41,46.23,72.44,38.66,13.15,33.76,23.66,18.7
21.42,45.95,72.85,38.53,13.01,33.68,22.43,18.33
22.63,49.85,76.43,39.45,13.17,34.51,23.81,19.48
23.37,50.71,76.6,39.58,13.29,34.71,24.6,20.24
22.14,49.14,73.53,38.45,13.39,34.07,24.68,19.6
21.04,48.29,71.83,37.71,13.02,32.38,23.97,18.78
20.11,46.87,69.01,36.76,12.87,31.24,23.72,17.98
21.27,47.85,72.2,37.29,13.02,31.36,24.37,18.78
20.57,48.08,72.45,36.78,12.9,31.73,24.31,19.14
20.98,49.18,75.85,37.16,13.47,31.52,24.88,19.45
21.75,49.04,74.58,38.05,14.4,32.61,25.75,19.93
21.45,49.93,76.17,39.24,15.65,32.59,26.5,19.94
21.85,52.6,80.2,40.21,16,33.63,28.07,21.13
22.03,52.99,80.15,40.5,16.22,33.24,27.13,21.04
25.32,57.87,102.34,42.53,16.23,34.09,27.9,21.74
24.8,58.57,96.73,42.08,15.89,34.33,28.02,21.21
23.99,56.96,91.71,42.27,15.82,33.75,27,20.54
23.69,55.56,86.67,41.47,14.82,33.47,28.28,19.94
25.91,58.3,92.24,42.6,15.55,34.83,28.9,20.95
26.53,58.38,94.75,43.22,15.94,35.68,29.98,21.05
26.42,57.52,94.31,43.36,16.18,35.73,30.43,21.49
26.91,57.32,95.66,43.45,16.27,36.04,30.64,21.96
27.23,58.56,98.81,44.04,16.5,37.53,37.02,21.99
26.23,55.9,95.37,43.63,16.28,37.55,48.4,21.73
26.18,56.69,95.56,43.43,16.31,38.18,45.55,21.71
28.46,58.08,102.79,44.54,16.7,39.52,45.98,22.74
28.4,56.56,100.46,44.65,16.69,39.41,47.63,22.14
28.48,56.45,100.04,45.04,16.86,39.7,47.92,22.16
28.64,56.66,101.22,44.94,16.92,39.63,46.6,22.31
28.26,55.73,100.62,43.93,16.65,38.5,44.44,21.75
28.81,56.62,102.36,44.55,16.94,38.7,44.27,21.94
29.35,57.63,105.13,44.65,17.08,39.05,44.11,22.17
29.92,58.7,108.55,45.4,17.38,40.17,44.86,22.76
30.73,60.12,113.51,46.04,18.14,42.3,45.71,24.06
29.83,58.95,111.33,45.83,17.84,42.02,48.5,23.63
29.9,58.6,111.32,46.05,18.37,42.39,48.48,24.4
29.94,58,111.17,45.52,18.68,41.99,48.76,24.36
30.93,57.31,112.89,45.93,18.48,41.8,44.38,24.41
30.19,56.77,111.03,45.54,18.07,41.04,44.2,24.08
29.51,56.53,107.5,45.87,17.97,40.75,44.03,24.19
30.75,57.89,114.1,46.7,19.07,42.62,46.45,24.87
30.99,57.64,115.3,47.36,19.82,43.12,46.72,24.12
31.14,57.34,114.81,47.64,19.96,43.06,47.75,24.25
31.66,57.44,115.96,47.39,20.21,42.71,45.5,24.61
30.49,56.88,112.54,46.55,19.45,42.54,44.58,23.96
30.35,56.26,112.62,46.12,19.42,42.52,47.45,24.79
31,57.19,115.31,46.95,19.97,42.6,49.2,25.71
30.74,57.04,114.4,46.94,20.16,42.6,48.98,25.53
31.08,58.14,114.77,46.85,20.03,42.51,48.26,25.46
31.31,58.99,115.47,46.78,19.62,42.05,46.91,25.23
30.77,58.13,114.31,46.66,19.15,41.42,45.68,24.55
31.21,58.76,113.37,46.94,19.46,42.19,48.23,24.71
31.5,59.61,112.82,46.9,19.9,42.93,50.24,25.06
30.54,58.52,109.02,46.33,19.58,42.59,48.18,24.61
29.7,57.97,106.9,46.28,19.3,42.16,46.56,24.5
30.37,59.46,110.19,47.34,20.02,43.03,48.98,25.5
31.19,58.54,110.89,47.78,21.12,45.49,49.71,25.66
30.61,58.16,109.77,47.7,20.58,47.05,48.19,25.41
31.37,57.94,109.04,48.36,20.31,48.02,47.42,25.33
30.78,56.44,108.07,47.71,20.57,47.91,49.52,24.84
30.28,56.62,110.06,48.03,20.84,49.44,51.51,26.15
30.04,55.27,107.94,47.73,20.51,48.09,51.49,24.75
30.28,55.69,109.02,47.95,20.42,49.58,51.65,25.55
29.81,53.48,106.24,46.96,19.48,48.35,52.41,25.07
29.94,53.45,105.16,46.4,19.43,47.27,50.87,24.06
30.54,54.45,107.16,46.89,19.93,47.71,48.72,24.17
31.06,54.43,110.07,47.98,20.07,49.19,48.59,25.69
31.53,55.38,109.18,48.07,20.02,49.81,50.66,25.91
31.38,54.18,107.46,47.67,19.95,50.08,53.27,25.75
29.98,52.97,108.09,47,18.81,48.96,55.51,24.9
29.6,52.42,105.96,46.98,18.02,47.41,52.99,24.56
28.37,49.15,100.8,45.42,17.06,45.76,51.27,23.97
29.56,49.09,102.05,46.47,17.71,46.01,53.72,24.66
28.56,48.15,99.56,45.43,17.04,45.17,52.48,23.52
29.28,49.08,101.77,46.12,17.42,46.11,52.62,23.36
30.65,52.17,106.17,48,18.51,47.88,54.49,23.9
30.89,53.81,108.44,48.43,18.77,48.02,55.46,24.49
32.48,52.94,108.69,48.8,19.73,50.42,55,25.54
34.25,55.58,117.05,50.55,19.7,53.06,55,26.88
35.61,55.3,117.56,50.77,20,54.6,56.62,27.96
35.82,54.41,113.38,50.69,19.95,53.46,59.87,27.81
36.51,55.52,116.53,50.85,20.39,53.74,60.38,27.97
35.3,55.01,114.59,50.6,20.41,53.79,57.63,27.82
35.95,56.03,117.85,51.3,21.06,54.13,59.61,28.72
35.73,56.9,120.24,51.52,21.66,54.92,61.12,29.11
35.01,57.45,121.42,51.49,21.92,54.7,61.13,29.15
34.95,58,122.17,51.62,21.78,52.77,60.29,29.23
35.05,58.24,119.94,51.27,21.41,51.79,58.79,28.72
36.43,60.2,123.69,52,21.87,52.92,60.12,29.24
37.53,61.75,126.77,53.05,22.56,56.9,60.5,29.1
39.58,64.33,136.5,54.24,23.25,57.43,63.03,29.39
38.63,64.83,134.22,54.49,23.79,60.46,65.85,30.19
36.71,62.54,128.67,52.6,23.36,55.71,63.64,29.56
37.81,62.62,131.73,53.08,23.72,58.79,59.92,30.26
38.3,63.06,131.79,54.5,24.39,62.18,64.43,31.47
38.54,64.95,133.01,54.67,23.97,61.96,62.84,31.44
38.86,65.83,135.62,54.92,24.32,60.9,60.8,31.95
37.3,62.38,132.98,53.36,23.25,58.8,52.3,30.61
37.14,62.42,133.33,53,23.31,60.42,59.57,30.75
37.85,63.26,133.74,52.89,23.85,60.96,64.79,32.12
37.48,62.12,133.99,53.97,23.74,58.37,63.61,31.46
37.64,62.03,134.84,54.9,25.5,60.88,69.13,32.77
39.18,63.16,137.88,56.48,26.14,65.6,72.7,34.71
38.97,62.46,137.05,55.8,29,63.94,71.57,34.77
40.96,66.2,139.8,57.16,28.51,64.88,72.69,35.64
39.91,64.97,137.58,56.31,30.03,62.36,69.43,34.68
41.23,65.93,139.99,57.33,30.37,64.57,72.12,35.06
39.51,64.79,135.65,55.89,28.48,60.92,67.34,34.23
40.04,63.75,135.48,56.11,28.07,62.67,68.75,34.57
39.03,62.87,132.86,55.83,27.31,60.55,68.97,33.94
37.34,59.35,125.18,54.46,26.36,58.78,66.47,33.01
36.9,59.16,125.19,53.24,25.31,57.01,68.23,32.99
37.97,60.72,128.12,54.23,26.46,60.3,73.49,34.05
37.67,61,127.43,54.25,27.66,59.98,69.85,34.82
37.17,59.75,123.5,52.96,25.22,56.88,63.87,31.99
38.22,61.23,125.45,53.56,25.75,59.1,66.07,32.68
38,60.77,125.37,53.67,25.31,58.97,64.98,32.6
39.7,61.87,128.16,54.53,26.45,61.52,65.41,33.35
41.15,62.21,128.76,54.95,27.25,62.11,67.03,33.8
41.7,62.6,131.06,55.19,27.73,61.91,67.13,33.91
41.52,63.62,136.44,55.5,28.33,62.93,64.38,34.19
41.1,62.13,132.68,54.84,28.05,62.55,62.01,34.58
42.15,62.62,133.49,55.25,28.55,63.79,62,34.76
41.78,61.94,131.39,55.08,29.07,64.06,61.71,35.29
41.17,61.62,130.05,54.1,28.24,63.39,60.86,34.57
40.99,61,129.88,54.6,28.52,63.54,54.3,34.4
41.28,61.33,129.05,54.62,28.96,64.12,53.26,34.15
39.7,61.32,127.91,54.55,29.39,65.15,57.93,34.26
40.28,61,127.28,54.65,29.28,65.63,58.78,34.5
39.78,60.63,126.32,54.01,29.6,63.76,56.86,33.63
39.55,59.04,121.67,53.32,28.08,63.08,54.74,32.67
41.2,60.99,125.99,54.64,29.69,65.34,57.41,34.23
40.76,58.33,124.39,54,29.7,65.25,57.73,33.99
41.51,59.76,124.22,54.85,29.74,66.85,59.13,34.12
41.48,59.3,125,55.1,29.95,67.29,60.01,35.07
42.2,60.74,127.76,56.67,31.47,69.01,59.6,37.15
42.02,61.74,130.3,56.85,33.84,68.48,59.79,38.81
40.42,61.2,129.1,56.5,33.85,66.51,59.05,37.35
40.72,61.28,128.48,55.58,34.48,66.15,57.98,36.64
41.27,61.07,128.92,55.83,34.19,67.44,59.04,36.75
40.55,59.35,124.36,54.74,34.19,65.84,57.99,37.36
41.75,59.47,127.82,55.35,36.21,66.77,58.72,37.94
38.94,57.28,122.79,54.01,35.9,65.98,56.6,37.62
39.93,57.68,126.3,54.59,41.91,67.69,58.34,38.62
39.47,57.15,125.72,53.53,43.38,64.15,55.22,39.42
38.76,56.24,125,52.13,42.99,63.24,56.19,39.75
37.15,54.96,121,50.6,37.96,58.39,51.97,36.8
37.48,55.77,122.43,50.99,39.25,60.47,53.25,38.16
39.12,57.9,126.67,52.31,41.32,61.81,53.57,41.3
38.75,56.77,124.74,51.81,40.92,60.54,53.44,41.54
39.49,56.73,126.14,52.3,41.49,60.94,53.01,40.57
39.29,56.14,126.35,51.44,39.62,59.57,53.09,40.17
39.92,57.76,126.7,52.57,40.23,59.68,53.57,40.37
39.72,57.73,127.36,52.4,40.76,59.47,53.21,40.38
41.74,57.74,129.46,53.76,40.94,60.92,55.22,42.56
42.2,57.68,129.03,54.06,39.46,61.51,55.16,42.54
42.88,59.01,132.45,54.91,40.64,63.67,57.19,43.6
43.79,58.56,132.68,55.44,42.53,65.38,58.28,45.21
42.87,57.75,131.87,55.06,42.64,64.4,58.04,44.77
42.86,58.26,133.48,55.03,44.04,64.27,57.81,45.67
43.4,59.2,135.61,55.49,45.47,64.12,58.55,46.25
43.23,58.93,134.65,55.76,45.15,62.73,59.61,44.76
42.55,56.76,129.09,54.91,45.01,62.53,57.17,44.78
42.77,56.52,128.2,55.38,45.8,62.45,55.84,45.15
43.41,56.52,129.14,55.62,46.15,63.01,55.94,43.73
44.16,55.92,128.06,56.1,46.27,64,55.02,44.84
43.54,55.09,126.7,55.91,46.01,62.4,53.72,44.21
42.67,55.39,126.18,55.55,45.5,61.62,52.48,44.11
43.22,55.64,127.17,55.87,46.13,62.85,52.74,44.74
42.23,54.16,124.96,55.24,45.5,61.78,52.21,44.21
42.25,54.29,125.4,54.25,44.83,61.56,51.73,44.85
42.1,54.38,125.45,54.17,45.38,61.62,52.68,44.26
41.38,54.14,125.3,53.67,44.22,59.9,50.9,41.92
40.86,53,124.48,53.09,43.61,58.68,51.45,39.51
42.09,54.57,127.61,54.34,44.44,60.44,52.64,41.54
42.3,53.6,126.83,54.27,45.07,60.88,53.62,41.51
43.13,53.37,125.95,53.91,44.95,60.98,54.99,41.91
44.05,51.92,124.15,54.3,45.33,61.52,54.74,42.36
43.9,52.69,124.09,54.2,44.79,61.14,53.76,43.89
42.39,51.38,120.77,52.86,43.34,60.05,53.23,41.43
42.2,51.19,121.65,53.14,44.35,60.48,53.4,42.21
42.65,52.7,122.3,53.29,44.87,61.46,54.12,42.57
43.53,53.15,122.45,53.15,45.07,62.25,53.91,42.86
43.25,53.08,121.5,53.5,44.48,61.61,52.45,42.68
42.33,52.39,119.82,53.36,44.07,60.77,52.31,42.2
41.26,51.53,116.9,52.72,44.02,59.27,51.84,41.36
40.37,50.86,112.91,51.77,43.9,56.69,49.8,40.25
40.32,50.29,111.66,50.89,43.62,55.36,50.25,40.14
41.6,51.34,113.87,51.99,46.02,57.19,52.06,41.65
41.54,51.02,114.01,51.8,47.75,58.24,52.46,42.49
40.66,50.5,111.55,51.07,47,56.36,51.24,41.18
39.98,50.13,110.75,50.5,47.17,55.25,49.55,40.2
39.2,49.44,108.23,49.95,44.55,54.89,48.19,40.08
37.94,47.83,104.71,49.19,42.06,53.16,47.17,38.59
36.64,47.35,104.74,48.32,41.14,51.66,45.19,38.36
38.4,47.79,106.58,48.94,43.19,54.22,45.86,39.89
39.87,49.47,109.6,50.15,44.86,57.34,46.9,41.84
39.24,47.22,107.4,50.33,43.93,56.23,46.51,40.58
38.77,45.78,103.57,50.05,45.45,56.19,46.41,40.51
39.19,45.35,104.33,49.83,46.84,57.6,48.87,41.62
38.04,43.63,100.35,49.34,45.4,56.94,49.56,41.06
38.4,44.52,102.16,49.87,46.17,58.5,50.28,41.5
38.2,42.99,99.77,48.98,46.4,57.84,49.37,40.69
37.53,42.36,98.34,48.59,45.51,57.03,49.25,39.41
37.38,41.51,98.42,48.26,46.09,57.7,49.28,39.58
36.95,40.13,95.08,47.49,45.67,56.38,47.89,39.4
37.28,38.86,91.08,47.27,44.49,55.3,47.95,39.55
39.68,40.77,98.72,48.5,47.41,58.51,51.33,41.79
39.81,40.87,98.91,48.59,51.49,59.12,53.44,42.51
39.22,40.65,96.14,48.73,50.34,59.23,53.29,43.53
39.72,40.98,97.45,49.19,49.32,59.55,51.26,43.66
40.58,40.99,97.85,49.42,49.29,60.68,50.75,43.22
40.72,40.79,97.2,49.56,48.72,60.86,49.7,42.63
40.43,39.96,95.53,49.35,47.67,60.09,48,42.48
39.42,39.35,93.73,48.73,46.37,59.34,47.36,42.12
37.94,38.65,91.98,47.67,45.31,57.5,44.66,40.5
38.66,38.32,92.38,47.85,44.63,57.62,45.04,40.11
37.67,36.77,88.69,46.75,44.21,55.66,44.28,39.55
38.4,37.55,88.31,47,45.5,56.04,45.06,39.87
39.54,39.76,92.92,47.92,47.84,58.25,46.99,42.23
40.91,42.74,99.47,49.75,48.75,60.15,48.73,43.35
42.13,43.23,100.84,50.9,53.43,61.94,50.28,46.15
41.98,43.02,99.61,50.6,52.14,60.97,50.37,45.69
43.32,43.91,101.05,51.38,52.74,63.24,51.76,47.01
42.67,43.44,99.91,51.3,48.79,62.08,50.49,45.75
42.62,44.61,101.69,51.31,47.72,61.37,50.24,46.83
42.21,44.12,100.98,52.1,47.08,61.12,48.77,47.38
42.57,44.02,102.04,52.61,46.56,61.43,48.9,47.35
42.54,43.15,100.32,52.5,47.25,60.66,48,46.45
42.31,44.09,102.95,52.94,47.7,61.77,49.45,46.93
42.2,44.93,105.94,53.35,46.8,62.37,50.07,47.04
42.45,43.94,104.65,53.11,44.72,60.8,47.59,45.23
42.76,43.68,103.93,52.91,44.01,61.52,48.3,44.13
42.3,41.85,101.57,52.07,42.88,59.26,47.31,42.75
43.1,42.89,103.48,51.63,43.1,58.5,45.78,43.26
41.42,38.71,92.25,50.39,43.58,58.59,45.09,44.63
40.39,38.05,86.44,49.66,45.74,59.57,44.82,45.7
41.31,37.52,84.39,50.02,45.97,61.38,44.72,46.72
41.56,38.18,83.29,49.72,45.49,61.48,44.2,47.55
41.3,37.7,82.11,48.7,45.74,60.89,42.93,47.18
40.55,35.6,78.77,49.38,45.17,60.46,44.31,47.04
43.03,36.13,80.81,50.22,47.2,62.91,47.31,49.68
44.65,37.29,83.84,50.84,48.95,64.14,49.61,50.37
44.62,36.91,82.86,50.21,50,64.32,51,50.75
45.09,37.91,85.39,50.05,50.23,66.42,53.79,52.04
44.88,37.31,84.32,49.07,48.89,65.59,53.01,52.62
43.84,36.4,83.63,48.69,49.32,64.55,51.66,51.93
43.14,36.6,84.74,48.55,49.09,63.26,50.15,51.25
44.87,38.19,87.21,49.9,49.38,66.43,53.08,53.67
44.5,36.92,83.56,49.15,48.93,66.01,53.19,54.17
44.95,37.48,85.05,48.96,50.02,64.86,51.51,53.63
44.65,36.76,84.28,48.63,50.03,64.38,53.39,53.75
44.78,37.12,85.5,48.96,51.57,64.62,52.71,54.81
44.44,38.22,86.07,48.53,51.46,64.25,51.15,53.89
44.4,39.1,88.98,48.32,49.85,64.03,50.04,54.66
48.69,40.24,91.45,49.29,50.56,66.75,50.59,56.62
48.16,40.05,92.49,49.75,50.59,66.95,49.37,55.98
48.45,40.38,91.65,49.98,51.7,67.33,49.65,56.78
47.95,40.1,90.72,50.3,50.45,66.4,51.07,57.3
48.25,40.05,90.8,50.64,50.76,66.61,51.21,57.41
47.47,40.31,91.64,51.05,49.86,65.81,50.81,56.61
47.07,39.56,90.95,51.1,49.22,66.32,49.65,57.21
48.07,38.77,91.1,51.04,48.37,66.31,49.25,57.14
48.03,38.01,89.12,50.9,48.73,66.05,49.51,56.77
48.15,38.02,90.43,50.75,50.78,66.35,49.7,57.64
47.24,39.04,92.17,51.33,52.36,66.55,52.02,57
47.02,40.3,91.82,51.15,52.23,67.22,50.62,55.41
46.96,39.74,90.83,50.68,52.62,64.97,47.35,54.77
