"X.AMRS.PA.","X.GRWG.PA.","U.YOLO.PA.","U.CNBS.PA.","U.MJ.PA.","X.POTX.PA.","U.STZ.PA.","U.IIPR.PA.","X.CARA.PA.","X.TLRY.PA.","X.SNDL.PA.","X.CNTTQ.PA."
25.35,0,0,0,0,0,135.58,0,15.58,0,0,0
25.8,0,0,0,0,0,135.09,0,15.14,0,0,0
25.5,0,0,0,0,0,134.78,0,14.18,0,0,0
25.8,0,0,0,0,0,135.07,0,15.55,0,0,0
26.85,0,0,0,0,0,134.46,0,15.32,0,0,0
25.5,0,0,0,0,0,133.26,0,16.29,0,0,0
25.35,0,0,0,0,0,133.26,0,15.5,0,0,0
25.35,0,0,0,0,0,132.06,0,15.43,0,0,0
24.3,0,0,0,0,0,132.25,0,15.8,0,0,0
25.05,0,0,0,0,0,134.8,0,17.25,0,0,0
24,0,0,0,0,0,135.01,0,15.9,0,0,0
22.95,0,0,0,0,0,133.4,0,15.05,0,0,0
22.65,0,0,0,0,0,132.24,0,16.12,0,0,0
23.4,0,0,0,0,0,135.26,0,15.33,0,0,0
23.55,0,0,0,0,0,138.15,0,15.08,0,0,0
23.4,0,0,0,0,0,138.28,0,15.71,0,0,0
23.4,0,0,0,0,0,137.44,0,15.11,0,0,0
23.1,0,0,0,0,0,137.64,0,15.72,0,0,0
24,0,0,0,0,0,142.11,0,15.84,0,0,0
25.05,0,0,0,0,0,141.37,0,16.48,0,0,0
24.9,0,0,0,0,0,143.21,0,16.77,0,0,0
24.14,0,0,0,0,0,145.04,0,17.05,0,0,0
24,0,0,0,0,0,143.87,0,17.1,0,0,0
25.05,0,0,0,0,0,140.7,0,16.55,0,0,0
25.35,0,0,0,0,0,142.75,0,15.8,0,0,0
24.3,0,0,0,0,0,141.81,0,15.52,0,0,0
24.15,0,0,0,25.65,0,140.52,0,14.6,0,0,0
24,0,0,0,25.54,0,144.65,0,14.32,0,0,0
22.95,0,0,0,25.32,0,141.82,0,13.79,0,0,0
23.25,0,0,0,25.22,0,143.01,0,15.19,0,0,0
23.25,0,0,0,25.69,0,140.18,0,16.03,0,0,0
22.95,0,0,0,25.21,0,139.96,0,16.22,0,0,0
22.95,0,0,0,24.79,0,138.3,0,15.18,0,0,0
22.65,0,0,0,24.93,0,137.67,0,14.68,0,0,0
22.95,0,0,0,25.04,0,139.28,0,15.33,0,0,0
22.5,0,0,0,25.12,0,142.94,0,15.79,0,0,0
23.1,0,0,0,24.85,0,139.93,0,15.32,0,0,0
23.25,0,0,0,24.28,0,138.6,0,15.34,0,0,0
24.6,0,0,0,24.07,0,141.4,0,15.66,0,0,0
25.95,0,0,0,24.21,0,142.63,0,15.3,0,0,0
24.75,0,0,0,24.56,0,143.68,0,15.6,0,0,0
24.75,0,0,0,24.51,0,143.02,0,15.42,0,0,0
25.23,0,0,0,24.57,0,142.7,0,15.1,0,0,0
25.5,0,0,0,24.76,0,143.25,0,15.37,0,0,0
25.5,0,0,0,24.71,0,144.2,0,16.12,0,0,0
25.35,0,0,0,24.1,0,144.17,0,15.8,0,0,0
24.3,0,0,0,24.09,0,142.43,0,16.87,0,0,0
23.71,0,0,0,23.95,0,140.29,0,16.86,0,0,0
24,0,0,0,23.82,0,140.73,0,16.7,0,0,0
24.6,0,0,0,23.92,0,143.67,0,17.55,0,0,0
23.85,0,0,0,23.6,0,143.14,0,16.92,0,0,0
23.55,0,0,0,23.07,0,149.54,0,15.11,0,0,0
22.95,0,0,0,23.07,0,147,0,14.96,0,0,0
22.8,0,0,0,23.12,0,147.07,0,13.55,0,0,0
21.3,0,0,0,23.32,0,147.03,0,13.52,0,0,0
19.35,0,0,0,23.08,0,144.12,0,11.32,0,0,0
19.35,0,0,0,23.12,0,143.36,0,11.13,0,0,0
19.8,0,0,0,22.62,0,142.77,0,11.95,0,0,0
18.82,0,0,0,22.57,0,144,0,11.47,0,0,0
18.45,0,0,0,22.66,0,145.68,0,10.96,0,0,0
19.95,0,0,0,22.27,0,145.15,0,11.45,0,0,0
19.95,0,0,0,21.87,0,143.45,0,11.02,0,0,0
20.4,0,0,0,22.43,0,148.77,0,11.66,0,0,0
18.6,0,0,0,22.16,0,148.26,0,11.03,0,0,0
22.95,0,0,0,22.39,0,148.5,0,10.83,0,0,0
22.2,0,0,0,22.21,0,146.12,0,10.17,0,0,0
22.65,0,0,0,22.41,0,151.83,0,9.45,0,0,0
22.35,0,0,0,23.26,0,152.41,0,9,0,0,0
22.35,0,0,0,23.24,0,154.38,0,8.58,0,0,0
21.45,0,0,0,22.79,0,152.55,0,8.6,0,0,0
22.2,0,0,0,23.61,0,150.35,0,8.83,0,0,0
22.05,0,0,0,23.87,0,146.81,0,8.7,0,0,0
21.75,0,0,0,23.52,0,137.95,0,7.9,0,0,0
21.75,0,0,0,23.13,0,134.99,0,6.96,0,0,0
21.45,0,0,0,22.84,0,136.1,0,7.18,0,0,0
21.75,0,0,0,23.12,0,138.83,0,7.15,0,0,0
21,0,0,0,22.66,0,135.65,0,7.21,0,0,0
21,0,0,0,22.96,0,138.01,0,7.47,0,0,0
21.49,0,0,0,22.92,0,138.77,0,7.33,0,0,0
22.05,0,0,0,22.99,0,139.35,0,7.48,0,0,0
22.35,0,0,0,23.6,0,142,0,8.07,0,0,0
22.65,0,0,0,23.37,0,140.33,0,7.31,0,0,0
24.3,0,0,0,23.51,0,139.55,0,7.6,0,0,0
23.25,0,0,0,24.11,0,140.59,0,7.42,0,0,0
22.8,0,0,0,23.86,0,139.49,0,7.01,0,0,0
22.05,0,0,0,23.86,0,139.1,0,7.17,0,0,0
22.5,0,0,0,24.15,0,143.64,0,6.93,0,0,0
22.95,0,0,0,23.97,0,142.04,0,4.76,0,0,0
23.25,0,0,0,24.18,0,141.42,0,4.92,0,0,0
21.9,0,0,0,24.78,0,144.51,0,5.1,0,0,0
22.65,0,0,0,25.02,0,143.76,0,5.83,0,0,0
19.8,0,0,0,25.65,0,144.45,0,5.64,0,0,0
18.6,0,0,0,26.39,0,143.89,0,5.4,0,0,0
18.45,0,0,0,26.3,0,138.77,0,5.53,0,0,0
18.6,0,0,0,26.18,0,139.97,0,5.14,0,0,0
20.25,0,0,0,26.67,0,140.28,0,5.3,0,0,0
17.4,0,0,0,27.01,0,140.5,0,5.23,0,0,0
17.25,0,0,0,27.4,0,142.06,0,4.79,0,0,0
17.85,0,0,0,26.89,0,141.9,0,5.03,0,0,0
17.25,0,0,0,26.13,0,144.12,0,4.67,0,0,0
17.1,0,0,0,26.58,0,144.58,0,4.74,0,0,0
17.25,0,0,0,27.73,0,146.9,0,4.97,0,0,0
17.7,0,0,0,28.06,0,147.06,0,5.17,0,0,0
17.1,0,0,0,28.09,0,147.19,0,6.28,0,0,0
17.4,0,0,0,28.19,0,149.42,0,6.52,0,0,0
17.25,0,0,0,27.36,0,150.14,0,5.75,0,0,0
18.75,0,0,0,27.26,0,149.95,0,5.84,0,0,0
19.33,0,0,0,27.5,0,149.67,0,5.77,0,0,0
18.75,0,0,0,27.81,0,149.39,0,5.74,0,0,0
18,0,0,0,28.09,0,149.74,0,6.09,0,0,0
17.85,0,0,0,28.13,0,151.63,0,6.01,0,0,0
16.95,0,0,0,28.07,0,151.13,0,6.23,0,0,0
16.65,0,0,0,28.36,0,152.72,0,6.6,0,0,0
15.15,0,0,0,27.87,0,151.47,0,6.85,0,0,0
14.55,0,0,0,27.35,0,151.51,0,6.7,0,0,0
15.9,0,0,0,27.45,0,160.34,0,6.91,0,0,0
15.75,0,0,0,27.16,0,157.4,0,6.81,0,0,0
16.05,0,0,0,28.07,0,158.98,0,6.68,0,0,0
19.8,0,0,0,28.58,0,157.46,0,6.61,0,0,0
17.55,0,0,0,28.85,0,156.98,0,7.07,0,0,0
16.65,0,0,0,29.22,0,156.13,0,7.44,0,0,0
16.35,0,0,0,29.18,0,156.83,0,7.52,0,0,0
15.9,0,0,0,28.99,0,156.71,0,7.41,0,0,0
16.2,0,0,0,28.8,0,158.01,0,8.12,0,0,0
16.2,0,0,0,29.4,0,157.31,0,8.22,0,0,0
15.9,0,0,0,29.14,0,156.06,0,7.67,0,0,0
16.05,0,0,0,28.68,0,155.26,0,7.12,0,0,0
15.9,0,0,0,28.66,0,154.85,0,6.63,0,0,0
16.2,0,0,0,28.68,0,156.82,0,6.87,0,0,0
16.05,0,0,0,29.13,0,156.28,0,6.35,0,0,0
15.9,0,0,0,29.48,0,156.68,0,6.05,0,0,0
15.3,0,0,0,29.64,0,155.58,0,6.52,0,0,0
15.3,0,0,0,30,0,156.1,0,6.11,0,0,0
14.38,0,0,0,29.87,0,157.83,0,6.12,0,0,0
14.47,0,0,0,29,0,158.47,0,6.14,0,0,0
13.2,0,0,0,29,0,158.86,0,5.81,0,0,0
12.23,0,0,0,29.02,0,159.19,0,5.56,0,0,0
12.33,0,0,0,29.09,0,159.64,0,5.56,0,0,0
12.75,0,0,0,28.71,0,161.14,0,5.48,0,0,0
12.45,0,0,0,29.39,0,163.5,0,5.78,0,0,0
10.45,0,0,0,29.51,0,162.93,0,5.64,0,0,0
9.52,0,0,0,29.79,0,161.9,0,5.21,0,0,0
9.56,0,0,0,29.36,0,161.42,0,5.22,0,0,0
8.85,0,0,0,29.33,0,162.51,0,5.48,0,0,0
8.7,0,0,0,29.06,0,158.14,0,5.51,0,0,0
8.07,0,0,0,28.4,0,154.61,0,5.66,0,0,0
8.18,0,0,0,28.12,0,156.09,0,5.5,0,0,0
8.28,0,0,0,28.43,0,154.06,0,5.8,0,0,0
8.25,0,0,0,27.9,0,154.31,0,6.15,0,0,0
7.85,0,0,0,27.6,0,157.63,0,6.19,0,0,0
7.8,0,0,0,27.43,0,156.82,0,6.25,0,0,0
8.4,0,0,0,27.63,0,157.9,0,6.26,0,0,0
8.84,0,0,0,27.43,0,157.85,0,6.38,0,0,0
8.91,0,0,0,27.29,0,155.34,0,6.57,0,0,0
8.7,0,0,0,27.34,0,153.2,0,6.48,0,0,0
8.4,0,0,0,27.46,0,153.71,0,6.14,0,0,0
8.27,0,0,0,27.57,0,154.11,0,6.45,0,0,0
8.17,0,0,0,27.99,0,153.4,0,6.23,0,0,0
9.68,0,0,0,28.22,0,155.09,0,6.32,0,0,0
8.85,0,0,0,28.45,0,151.14,0,6.09,0,0,0
8.58,0,0,0,29.16,0,154.09,0,6.12,0,0,0
8.07,0,0,0,28.92,0,154.12,0,5.81,0,0,0
7.95,0,0,0,28.4,0,153.45,0,5.44,0,0,0
8.55,0,0,0,27.94,0,152.89,0,5.37,0,0,0
7.76,0,0,0,27.79,0,157.11,0,5.27,0,0,0
7.7,0,0,0,27.93,0,156.28,0,5.34,0,0,0
7.58,0,0,0,27.94,0,156.76,0,5.27,0,0,0
7.75,0,0,0,28.24,0,154.06,0,5.02,0,0,0
7.47,0,0,0,28.68,0,154.4,0,5.14,0,0,0
6.76,0,0,0,28.65,0,154.84,0,4.97,0,0,0
6.28,0,0,0,28.8,0,153.67,0,4.89,0,0,0
6,0,0,0,29.4,0,155.99,0,5.07,0,0,0
6.15,0,0,0,28.05,0,152.62,0,4.84,0,0,0
5.25,0,0,0,27.67,0,153.11,0,4.47,0,0,0
5.62,0,0,0,28.52,0,157.7,0,4.79,0,0,0
6.15,0,0,0,29.3,0,159.39,0,4.93,0,0,0
6.95,0,0,0,29.71,0,165.43,0,4.81,0,0,0
7.08,0,0,0,29.58,0,163.58,0,5.11,0,0,0
6.71,0,0,0,29.25,0,164.11,0,5.07,0,0,0
6.25,0,0,0,28.96,0,165.96,0,4.94,0,0,0
6.05,0,0,0,28.75,0,165.37,0,5.09,0,0,0
6.14,0,0,0,28.58,0,166.02,0,5.09,0,0,0
6.22,0,0,0,29.36,0,165.97,0,5.18,0,0,0
6.3,0,0,0,29.45,0,164.19,0,5.11,0,0,0
6.13,0,0,0,29.59,0,163.71,0,5.17,0,0,0
6.08,0,0,0,29.65,0,163.52,0,5.05,0,0,0
6.02,0,0,0,30.06,0,162.87,0,4.96,0,0,0
6.2,0,0,0,30.1,0,163.08,0,4.94,0,0,0
6,0,0,0,30.72,0,163.13,0,5,0,0,0
6.02,0,0,0,30.72,0,164.04,0,4.83,0,0,0
5.92,0,0,0,30.97,0,166.34,0,5.02,0,0,0
5.9,0,0,0,31.02,0,165.37,0,5,0,0,0
5.85,0,0,0,31.33,0,167.66,0,6.09,0,0,0
5.38,0,0,0,30.92,0,166.31,0,6.08,0,0,0
5.59,0,0,0,30.94,0,165.39,0,5.86,0,0,0
5.47,0,0,0,30.84,0,163.04,0,6.22,0,0,0
5.46,0,0,0,30.63,0,163.57,0,6,0,0,0
5.25,0,0,0,31.13,0,164.66,0,5.94,0,0,0
5.1,0,0,0,30.94,0,164.01,0,6.04,0,0,0
4.95,0,0,0,30.85,0,162.63,0,5.78,0,0,0
5.29,0,0,0,31.12,0,162.66,0,6.08,0,0,0
5.78,0,0,0,31.56,0,163.65,0,5.95,0,0,0
5.74,0,0,0,31.95,0,163.06,0,5.99,0,0,0
6,0,0,0,31.88,0,162.64,0,5.87,0,0,0
5.86,0,0,0,32.25,0,164.65,0,6.04,0,0,0
6.08,0,0,0,32.1,0,166.14,0,5.92,0,0,0
5.85,0,0,0,32.21,0,165.17,0,6.01,0,0,0
5.85,0,0,0,31.8,0,165.48,0,6.18,0,0,0
5.73,0,0,0,31.91,0,164.96,0,6.56,0,0,0
6.66,0,0,0,31.72,0,164.48,0,6.29,0,0,0
6.38,0,0,0,31.43,0,165.28,0,6.03,0,0,0
6.52,0,0,0,31.45,0,165.3,0,6.13,0,0,0
6.41,0,0,0,31.56,0,165.5,0,5.91,0,0,0
6.6,0,0,0,31.48,0,165.8,0,6.06,0,0,0
6.86,0,0,0,30.98,0,166.38,0,5.99,0,0,0
6.56,0,0,0,31.2,0,166.64,0,5.57,0,0,0
6.57,0,0,0,31.17,0,166.67,0,5.5,0,0,0
6.42,0,0,0,30.77,0,165.68,0,5.52,0,0,0
6.18,0,0,0,31.05,0,166.82,0,5.53,0,0,0
6.28,0,0,0,30.99,0,166.18,0,5.5,0,0,0
6.07,0,0,0,30.91,0,164.17,0,5.42,0,0,0
6.21,0,0,0,30.94,0,164.85,0,5.38,0,0,0
6.22,0,0,0,31.31,0,167.02,0,5.32,0,0,0
6.19,0,0,0,31.63,0,167.7,0,5.4,0,0,0
6.12,0,0,0,31.71,0,166.96,0,5.67,0,0,0
6.07,0,0,0,31.6,0,166.09,0,6.02,0,0,0
6.3,0,0,0,31.36,0,165.54,0,5.99,0,0,0
6.4,0,0,0,30.39,0,162.39,0,5.63,0,0,0
6.6,0,0,0,30.47,0,164.82,0,6.02,0,0,0
6.46,0,0,0,29.71,0,161.35,0,5.98,0,0,0
6.45,0,0,0,29.56,0,162.67,0,6.09,0,0,0
6.6,0,0,0,29.77,0,166.45,0,6.23,0,0,0
6.97,0,0,0,29.67,0,164.65,0,6.51,0,0,0
7.12,0,0,0,29.66,0,162.71,0,6.87,0,0,0
7.66,0,0,0,29.7,0,162.86,0,7.27,0,0,0
8.25,0,0,0,30.23,0,165.76,0,7.51,0,0,0
7.88,0,0,0,30.41,0,166.08,0,7.51,0,0,0
7.26,0,0,0,30.09,0,166.65,0,7.33,0,0,0
7.4,0,0,0,29.89,0,165.67,0,7.77,0,0,0
7.41,0,0,0,30.4,0,165.96,0,8.62,0,0,0
7.95,0,0,0,30.66,0,165.29,0,8.57,0,0,0
7.57,0,0,0,30.25,0,163.71,0,8.18,0,0,0
8.7,0,0,0,30.42,0,166.49,0,8.35,0,0,0
9,0,0,0,30.85,0,165.5,0,8.61,0,0,0
8.74,0,0,0,30.6,0,165.7,0,8.66,0,0,0
8.86,0,0,0,30.86,0,168.6,0,9.68,0,0,0
8.94,0,0,0,30.78,0,171.03,0,8.92,0,0,0
8.77,0,0,0,30.69,0,168.81,0,8.68,0,0,0
9.66,0,0,0,31.08,0,171.28,0,8.72,0,0,0
9.6,0,0,0,31.1,0,169.74,0,8.17,0,0,0
11.55,0,0,0,31.03,0,170.01,0,7.56,0,0,0
12.22,0,0,0,31.07,0,169.01,0,8.08,0,0,0
11.78,0,0,0,31.06,0,169.51,0,7.75,0,0,0
13.39,0,0,0,31.15,0,167.13,0,7.68,0,0,0
16.2,0,0,0,31.74,0,167.19,0,7.76,0,0,0
15.75,0,0,0,32.03,0,167.31,0,7.61,0,0,0
16.05,0,0,0,32.15,0,166.95,0,7.91,0,0,0
16.5,0,0,0,32.19,0,167.45,0,7.92,0,0,0
16.65,0,0,0,32.5,0,169.54,0,7.73,0,0,0
15.9,0,0,0,32.35,0,168.19,0,7.51,0,0,0
16.35,0,0,0,32.04,0,166.52,0,7.06,0,0,0
15.75,0,0,0,31.88,0,165.67,0,7,0,0,0
15.6,0,0,0,31.51,0,166.05,0,6.82,0,0,0
15.45,0,0,0,31.53,0,167.09,0,7,0,0,0
15.9,0,0,0,30.8,0,163.45,0,7.15,0,0,0
15.45,0,0,0,30.3,0,163.68,0,6.52,0,0,0
11.64,0,0,0,30.42,0,160.05,0,5.89,0,0,0
12.15,0,0,0,30.56,0,159.61,0,7.27,0,0,0
11.55,0,0,0,31.6,0,165.96,0,8.39,0,0,0
12.21,0,0,0,31.84,0,166.68,0,8.64,0,0,0
11.8,0,0,0,30.34,0,153.83,0,9.36,0,0,0
11.46,0,0,0,28.24,0,152.88,0,9.63,0,0,0
11.89,0,0,0,27.66,0,152.45,0,9.44,0,0,0
12.02,0,0,0,27.35,0,147.97,0,9.32,0,0,0
12,0.01,0,0,28.21,0,152.46,0,10.17,0,0,0
12.11,0.01,0,0,27.78,0,153.35,0,12.21,0,0,0
11.95,0.02,0,0,27.52,0,154.79,0,11.7,0,0,0
11.72,0.02,0,0,27.33,0,155.11,0,11.97,0,0,0
11.8,0.03,0,0,27.76,0,157.41,0,11.29,0,0,0
11.93,0.04,0,0,27.54,0,156.53,0,9.8,0,0,0
11.88,0.05,0,0,27.42,0,154.56,0,10.23,0,0,0
11.45,0.06,0,0,27.59,0,155.07,0,10.39,0,0,0
12.17,0.07,0,0,27.71,0,156.31,0,9.82,0,0,0
14.24,0.08,0,0,27.53,0,156.35,0,9.22,0,0,0
13.43,0.1,0,0,27.49,0,155.84,0,9.46,0,0,0
13.23,0.11,0,0,27.65,0,150.98,0,9,0,0,0
12.37,0.13,0,0,26.91,0,145.28,19.25,8.96,0,0,0
12.6,0.14,0,0,26.94,0,146.07,18.65,9.5,0,0,0
12.09,0.16,0,0,27.29,0,148.88,15.5,9.73,0,0,0
12.19,0.18,0,0,27.54,0,148.02,16.66,9.78,0,0,0
12.11,0.2,0,0,27.9,0,149.84,16.88,9.51,0,0,0
11.61,0.22,0,0,27.92,0,151.08,17.07,9.84,0,0,0
12,0.24,0,0,27.97,0,152.85,17,9.87,0,0,0
11.63,0.27,0,0,28.08,0,153.44,16.92,9.62,0,0,0
11.53,0.29,0,0,28.15,0,155.24,16.8,9.02,0,0,0
11.55,0.32,0,0,27.48,0,155.63,16.43,8.64,0,0,0
11.17,0.34,0,0,27.52,0,156.27,16.87,8.92,0,0,0
10.38,0.37,0,0,27.47,0,157.73,16.57,9.37,0,0,0
10.93,0.4,0,0,27.32,0,156.78,16.76,9.55,0,0,0
10.65,0.43,0,0,27.26,0,150.5,17.7,9.2,0,0,0
10.34,0.46,0,0,27.18,0,151.7,18.12,9.19,0,0,0
10.23,0.49,0,0,27.27,0,148.75,18.15,9.21,0,0,0
10.66,0.52,0,0,27.5,0,150.76,18.6,9.97,0,0,0
10.92,0.55,0,0,28.26,0,151.46,18.69,10.18,0,0,0
10.8,0.59,0,0,27.5,0,151.13,18.68,9.99,0,0,0
10.58,0.62,0,0,24.62,0,152.4,18.72,9.83,0,0,0
11.07,0.66,0,0,24.55,0,153.76,18,9.39,0,0,0
11.04,0.7,0,0,24.42,0,153.4,18.25,9.3,0,0,0
11,0.73,0,0,24.57,0,152.27,18.72,9.38,0,0,0
11.16,0.77,0,0,24.86,0,154.68,18.9,9.76,0,0,0
11.48,0.81,0,0,24.89,0,158.04,19,10.38,0,0,0
11.88,0.85,0,0,25.05,0,146.76,19.8,10.26,0,0,0
12.11,0.89,0,0,24.95,0,149.46,19.25,10.28,0,0,0
12.29,0.94,0,0,24.76,0,150.3,19.15,11.11,0,0,0
12.04,0.98,0,0,24.68,0,149.26,18.96,11.14,0,0,0
11.93,1.03,0,0,24.8,0,148.99,18.51,10.89,0,0,0
11.1,1.07,0,0,24.99,0,147.52,18.25,11.13,0,0,0
10.75,1.12,0,0,25.21,0,149.31,18.64,11.42,0,0,0
10.47,1.16,0,0,25.34,0,152.82,18.99,11.18,0,0,0
10.25,1.21,0,0,25.24,0,153.76,18.95,11.2,0,0,0
10.08,1.26,0,0,24.9,0,150.48,18.72,11.89,0,0,0
9.6,1.31,0,0,24.83,0,149.61,19.12,11.6,0,0,0
9.9,1.36,0,0,25.24,0,150.09,19,11.44,0,0,0
9.51,1.41,0,0,25.78,0,151.62,19.08,11.95,0,0,0
9.3,1.47,0,0,25.68,0,153.06,18.81,12.23,0,0,0
9.18,1.52,0,0,26.09,0,154.1,18.99,12.93,0,0,0
9.36,1.58,0,0,25.83,0,149.99,18.77,13.74,0,0,0
9.3,1.63,0,0,25.96,0,148.93,18.8,13.88,0,0,0
8.95,1.69,0,0,25.97,0,148.34,18.83,14.17,0,0,0
7.92,1.74,0,0,26.02,0,149.78,18.74,15.32,0,0,0
7.95,1.8,0,0,26.2,0,149.87,18.23,16.49,0,0,0
6.75,1.86,0,0,26.59,0,149.29,17.99,15.84,0,0,0
7.38,1.92,0,0,26.96,0,149.1,18.14,16.65,0,0,0
7.6,1.98,0,0,26.82,0,149.79,18.03,16.4,0,0,0
7.65,2.04,0,0,26.84,0,152.03,18,16.3,0,0,0
7.78,2.1,0,0,27,0,154.59,18.03,16.47,0,0,0
7.62,2.17,0,0,27.1,0,155.71,17.98,16.33,0,0,0
7.95,2.23,0,0,27.47,0,155.49,18.15,14.85,0,0,0
8.47,2.3,0,0,27.6,0,155.5,18,13.51,0,0,0
8.41,2.36,0,0,27.54,0,155.89,17.89,15.54,0,0,0
7.87,2.43,0,0,27.77,0,156.21,17.95,15.09,0,0,0
8.19,2.5,0,0,27.58,0,158.5,17.9,14.53,0,0,0
8.39,2.56,0,0,27.61,0,161.32,17.8,14.76,0,0,0
8.53,2.63,0,0,27.83,0,160.69,17.76,14.84,0,0,0
8.34,2.7,0,0,28.04,0,160.08,17.81,14.7,0,0,0
7.8,2.77,0,0,28.13,0,160.18,18,14.55,0,0,0
7.96,2.84,0,0,28.02,0,153.6,18.05,14.55,0,0,0
7.88,2.92,0,0,27.71,0,158.88,17.19,15.04,0,0,0
8.03,2.99,0,0,27.8,0,157.76,16.9,16.21,0,0,0
7.65,3.06,0,0,27.53,0,158.81,16.52,16.03,0,0,0
7.55,3.14,0,0,28.09,0,159.63,16.35,16.59,0,0,0
8.01,3.21,0,0,27.53,0,158.42,16.57,16.77,0,0,0
7.08,3.29,0,0,28.08,0,158.76,16.39,18.05,0,0,0
6.94,3.36,0,0,28.02,0,157.8,16.27,17.92,0,0,0
6.65,3.44,0,0,28.1,0,157.19,15.9,16.99,0,0,0
6.5,3.52,0,0,27.62,0,156.44,15.6,17.41,0,0,0
7.6,3.6,0,0,27.36,0,155.83,15.55,17.49,0,0,0
7.5,3.68,0,0,27.94,0,157.57,15.5,15.81,0,0,0
7.5,3.76,0,0,27.9,0,158.37,15.69,15.32,0,0,0
7,3.84,0,0,27.66,0,159.11,15.92,14.71,0,0,0
7.01,3.92,0,0,28.27,0,162.09,16.93,15.57,0,0,0
7.48,4.01,0,0,28.39,0,162.04,16.98,15.65,0,0,0
7.5,4.09,0,0,28.46,0,161.7,16.93,15.38,0,0,0
7.47,4.17,0,0,28.69,0,162.55,17.5,16.17,0,0,0
7.41,4.26,0,0,28.28,0,164.61,17,15.58,0,0,0
7.38,4.34,0,0,28.26,0,164.2,17.34,16.09,0,0,0
7.34,4.43,0,0,28.26,0,162.72,16.67,16.69,0,0,0
7.32,4.52,0,0,28.47,0,164.11,16.75,16.76,0,0,0
7.33,4.61,0,0,28.36,0,163.75,16.69,18.15,0,0,0
7.48,4.69,0,0,28.37,0,162.46,16.79,19.09,0,0,0
8.08,4.78,0,0,28.62,0,163.7,17.25,20.25,0,0,0
7.95,4.87,0,0,28.81,0,162.45,17.2,18.76,0,0,0
7.84,4.96,0,0,28.82,0,162.1,17.18,18.32,0,0,0
7.8,5.06,0,0,29.25,0,161.67,17.38,17.93,0,0,0
7.38,5.15,0,0,29.23,0,161.51,17.7,17.43,0,0,0
6.6,5.24,0,0,29.37,0,161.4,17.85,17.6,0,0,0
7.13,5.33,0,0,29.26,0,171.75,18.18,18.65,0,0,0
7.52,5.43,0,0,29.41,0,170.39,18.11,18.21,0,0,0
7.29,5.52,0,0,29.47,0,171.29,18.1,18.58,0,0,0
7.24,5.62,0,0,29.47,0,170.36,18.2,18.89,0,0,0
8.76,5.71,0,0,29.25,0,169.96,18.25,18.17,0,0,0
10.2,5.81,0,0,29.25,0,168.98,18.25,17.55,0,0,0
10.96,5.91,0,0,29.56,0,168.76,18.4,17.23,0,0,0
10.52,6.01,0,0,29.83,0,170.12,18.4,17.01,0,0,0
9,6.1,0,0,29.68,0,172.19,18.13,16.91,0,0,0
8.34,6.2,0,0,29.31,0,171.94,18.25,17.26,0,0,0
7.55,6.3,0,0,29.39,0,172.95,18.24,17.09,0,0,0
8.01,6.4,0,0,29.34,0,172.1,18.44,16.53,0,0,0
7.66,6.51,0,0,29.7,0,173.04,17.57,16.61,0,0,0
7.76,6.61,0,0,29.73,0,172.58,17.91,16.39,0,0,0
8.36,6.71,0,0,29.28,0,170.47,17.81,15.96,0,0,0
8.25,6.81,0,0,29.32,0,171.09,17.95,15.96,0,0,0
8.12,6.92,0,0,29.57,0,172.58,18,15.89,0,0,0
7.87,7.02,0,0,29.71,0,172.13,17.7,15.68,0,0,0
7.99,7.13,0,0,30.11,0,174.61,17.4,14.92,0,0,0
8.1,7.23,0,0,30.11,0,173.77,16.91,15.93,0,0,0
7.87,7.34,0,0,29.67,0,177.24,17.15,14.94,0,0,0
8.07,7.44,0,0,30.03,0,178.53,16.99,14.69,0,0,0
5.04,7.55,0,0,29.93,0,179.52,17.52,14.51,0,0,0
4.88,7.66,0,0,30.06,0,177.78,17.9,15.2,0,0,0
5.07,7.77,0,0,30.49,0,177.57,17.77,15.37,0,0,0
4.94,7.88,0,0,30.61,0,178.31,17.9,16.01,0,0,0
4.85,7.99,0,0,30.76,0,178.56,18.02,17.19,0,0,0
4.8,8.1,0,0,31.02,0,180.27,17.63,16.62,0,0,0
4.35,8.21,0,0,31.17,0,182.21,17.94,16.81,0,0,0
3.9,8.32,0,0,30.69,0,180.72,17.62,15.59,0,0,0
4.44,8.43,0,0,28.45,0,180.84,17.67,16.85,0,0,0
4.3,8.54,0,0,29.52,0,182.9,17.86,16.83,0,0,0
4.34,8.66,0,0,29.17,0,184.09,17.51,17.6,0,0,0
4.16,8.77,0,0,29.08,0,180.9,17.47,17.15,0,0,0
4.09,8.88,0,0,29.82,0,178.82,17.8,17.05,0,0,0
4.07,9,0,0,29.52,0,180.04,17.46,16.71,0,0,0
4.06,9.11,0,0,29.79,0,180.93,17.24,16.71,0,0,0
3.97,9.23,0,0,29.78,0,180.42,17.49,16.7,0,0,0
3.9,9.34,0,0,29.47,0,180.53,17.8,16.55,0,0,0
3.89,9.46,0,0,29.3,0,182.76,17.77,16.56,0,0,0
3.83,9.58,0,0,29.41,0,184.65,17.65,17.36,0,0,0
3.8,9.7,0,0,29.41,0,184.55,17.65,17.56,0,0,0
3.6,9.81,0,0,29.56,0,184.46,17.56,18.22,0,0,0
3.64,9.93,0,0,29.73,0,185.79,17.45,17.3,0,0,0
3.35,10.05,0,0,29.85,0,184.5,17.5,17.45,0,0,0
3.24,10.17,0,0,29.74,0,183.45,17.9,17.99,0,0,0
3.25,10.29,0,0,30.26,0,181.03,17.69,17.18,0,0,0
3.17,10.41,0,0,29.62,0,179.14,17.39,17.56,0,0,0
3.12,10.53,0,0,29.7,0,179.56,17.15,17.44,0,0,0
3.12,10.65,0,0,29.99,0,179.95,17.25,17.44,0,0,0
3.28,10.78,0,0,29.8,0,180.32,17.11,17.13,0,0,0
3.06,10.9,0,0,30,0,180.85,17.3,17.13,0,0,0
2.99,11.02,0,0,30.02,0,183.35,17.3,17.46,0,0,0
2.92,11.14,0,0,29.43,0,184.61,17.18,17.69,0,0,0
2.73,11.27,0,0,29.3,0,184.57,17.37,19.5,0,0,0
3.29,11.39,0,0,29.25,0,184.13,17.47,19.88,0,0,0
3.42,11.52,0,0,29.28,0,184.58,17.8,22.59,0,0,0
3.28,11.64,0,0,29.77,0,182.5,17.58,25.43,0,0,0
3.21,11.77,0,0,29.51,0,182.35,17.23,26.43,0,0,0
3.28,11.89,0,0,29.65,0,183.93,17.05,26.94,0,0,0
3.17,12.02,0,0,29.45,0,193.97,16.67,25.53,0,0,0
3.18,12.15,0,0,29.58,0,193.75,16.8,15.39,0,0,0
3.27,12.28,0,0,29.7,0,191.86,16.9,16.43,0,0,0
3.29,12.4,0,0,29.68,0,192.6,17.02,16.74,0,0,0
3.24,12.53,0,0,29.52,0,193.9,16.93,15.29,0,0,0
3.2,12.66,0,0,29.3,0,193.8,16.56,15.06,0,0,0
3.32,12.79,0,0,29.38,0,193.56,16.66,13.6,0,0,0
3.38,12.92,0,0,29.5,0,193.85,16.63,12.22,0,0,0
3.43,13.05,0,0,29.77,0,193.98,16.4,12.56,0,0,0
3.38,13.18,0,0,30.68,0,197.11,16.15,13.45,0,0,0
3.36,13.31,0,0,30.77,0,196.32,16.42,13.95,0,0,0
3.39,13.44,0,0,31.12,0,198.32,16.4,15.38,0,0,0
3.65,13.57,0,0,31.22,0,196.6,16.38,15.43,0,0,0
3.76,13.7,0,0,31.29,0,197.18,16.51,15.15,0,0,0
3.92,13.84,0,0,31.24,0,198.3,16.42,15.64,0,0,0
4.13,13.97,0,0,31.41,0,198.17,16.53,15.46,0,0,0
4.09,14.1,0,0,31.32,0,198.49,16.66,15.35,0,0,0
3.94,14.23,0,0,31.33,0,196.33,16.17,15.14,0,0,0
3.97,14.37,0,0,31.12,0,193.96,16.46,14.97,0,0,0
3.97,14.5,0,0,31.32,0,193.49,17.14,14.58,0,0,0
4.04,14.64,0,0,31.2,0,194.41,17.41,13.98,0,0,0
4.14,14.77,0,0,31.2,0,194.83,17.75,14.04,0,0,0
4.05,14.91,0,0,31.2,0,193.64,18.25,14.08,0,0,0
3.98,15.04,0,0,31.25,0,194.78,18.1,13.11,0,0,0
3.93,15.18,0,0,31.17,0,193.57,17.81,13.33,0,0,0
3.85,15.31,0,0,31.17,0,193.06,17.37,13.38,0,0,0
3.57,15.45,0,0,31.1,0,193.82,17.72,16.34,0,0,0
3.06,15.59,0,0,31.33,0,194.97,17.93,14.93,0,0,0
2.78,15.72,0,0,31.33,0,194.69,18.01,14.36,0,0,0
2.52,15.86,0,0,31.2,0,195.48,17.69,14.36,0,0,0
2.69,16,0,0,30.8,0,194.69,17.75,13.86,0,0,0
2.43,16.13,0,0,31.03,0,195.66,17.37,13.97,0,0,0
2.49,16.27,0,0,31.14,0,197.06,17.9,14.26,0,0,0
2.4,16.41,0,0,31.21,0,198.66,17.39,14.06,0,0,0
2.21,16.55,0,0,31.21,0,198.57,17.17,13.95,0,0,0
2.02,16.69,0,0,30.8,0,197.08,17.17,13.52,0,0,0
2.41,16.83,0,0,31.15,0,197.92,16.75,13.15,0,0,0
2.45,16.97,0,0,31.24,0,198.1,16.75,12.84,0,0,0
2.45,17.11,0,0,31.29,0,196.76,16.85,13.15,0,0,0
2.42,17.25,0,0,31.36,0,196.8,17.63,12.99,0,0,0
2.38,17.39,0,0,31.34,0,196.9,17.49,13.11,0,0,0
2.46,17.53,0,0,31.42,0,198.34,17.68,12.77,0,0,0
2.41,17.67,0,0,31.29,0,197.73,17.71,12.83,0,0,0
2.41,17.81,0,0,31.28,0,198.4,17.2,12.61,0,0,0
2.43,17.95,0,0,31.43,0,199.47,17.18,12.86,0,0,0
2.49,18.09,0,0,31.69,0,200.13,17.08,14.33,0,0,0
2.5,18.24,0,0,31.55,0,200.03,17.15,13.88,0,0,0
2.47,18.38,0,0,31.49,0,200.12,17.19,13.83,0,0,0
2.52,18.52,0,0,31.73,0,201.06,17.05,14,0,0,0
2.69,18.66,0,0,32.21,0,202.51,16.71,13.8,0,0,0
2.73,18.81,0,0,32.39,0,202.22,16.61,14.37,0,0,0
2.77,18.95,0,0,32.29,0,202.47,17.35,14.06,0,0,0
2.92,19.09,0,0,32.47,0,203.7,17.68,13.78,0,0,0
3.19,19.24,0,0,32.28,0,204.62,17.75,13.64,0,0,0
3.73,19.38,0,0,32,0,204.48,17.72,13.24,0,0,0
3.73,19.52,0,0,32.25,0,204.41,17.73,13.3,0,0,0
3.64,19.67,0,0,32.65,0,203.47,17.75,13.68,0,0,0
3.38,19.81,0,0,32.57,0,203.95,17.89,13.5,0,0,0
3.4,19.96,0,0,32.53,0,202.28,17.85,13.4,0,0,0
3.7,20.1,0,0,32.53,0,201.76,17.58,13.21,0,0,0
3.56,20.25,0,0,32.37,0,201.05,17.79,13.19,0,0,0
3.5,20.39,0,0,32.49,0,201.69,18.1,13.07,0,0,0
3.24,20.54,0,0,32.01,0,200.55,18.14,13.43,0,0,0
3.24,20.68,0,0,31.82,0,200.45,18.26,13.16,0,0,0
3.18,20.83,0,0,31.43,0,199.84,18.47,13.19,0,0,0
3.25,20.97,0,0,31.47,0,199.29,18.4,13.31,0,0,0
3.19,21.12,0,0,31.69,0,199.46,18.74,13.72,0,0,0
3.28,21.26,0,0,31.82,0,199.45,18.72,14.08,0,0,0
3.37,21.41,0,0,32.07,0,199.13,18.73,13.92,0,0,0
3.32,21.56,0,0,32.2,0,201.28,19,13.81,0,0,0
3.28,21.7,0,0,32.03,0,209.3,19,13.98,0,0,0
3.38,21.85,0,0,31.79,0,210.11,18.85,13.66,0,0,0
3.35,22,0,0,31.3,0,208.19,19.1,13.47,0,0,0
3.33,22.14,0,0,31.4,0,207.98,19.1,13.43,0,0,0
3.32,22.29,0,0,31.6,0,207.75,19.2,13.48,0,0,0
3.34,22.44,0,0,31.43,0,207.5,19.1,13.06,0,0,0
3.3,22.59,0,0,31.61,0,208.56,19.28,12.47,0,0,0
3.28,22.73,0,0,31.39,0,210.46,18.9,12.88,0,0,0
3.23,22.88,0,0,31.55,0,213.63,18.19,12.49,0,0,0
3.01,23.03,0,0,31.43,0,211.83,18.73,12.43,0,0,0
3,23.18,0,0,31.35,0,211.99,18.37,12.38,0,0,0
2.99,23.32,0,0,31.15,0,211.25,18.35,12.44,0,0,0
2.89,23.47,0,0,30.49,0,211.72,18.95,12.46,0,0,0
3.07,23.62,0,0,30.7,0,212.69,19.17,12.69,0,0,0
3.05,23.77,0,0,30.68,0,212.5,19.4,12.27,0,0,0
3.06,23.92,0,0,30.14,0,211.77,19.4,11.89,0,0,0
3.1,24.06,0,0,30.56,0,211.9,19.39,12.71,0,0,0
3.17,24.21,0,0,30.21,0,213.02,19.78,12.95,0,0,0
3.17,24.36,0,0,30.3,0,219.07,19.7,12.55,0,0,0
3.19,24.51,0,0,30.31,0,216,19.54,12.21,0,0,0
3.34,24.66,0,0,30.36,0,214.35,19.63,12.22,0,0,0
3.23,24.81,0,0,30.12,0,215.94,19.63,12.33,0,0,0
3.17,24.95,0,0,30.49,0,215.76,19.46,11.95,0,0,0
3.34,25.1,0,0,30.19,0,215.38,19.67,12.46,0,0,0
3.39,25.25,0,0,30.22,0,217.7,19.6,12.6,0,0,0
3.28,25.4,0,0,30.1,0,218.12,19.63,12.9,0,0,0
3.31,25.55,0,0,29.77,0,218.65,19.69,13.26,0,0,0
3.17,25.7,0,0,29.5,0,220.73,19.7,12.94,0,0,0
3.17,25.85,0,0,29.17,0,218.15,19.7,12.12,0,0,0
3.03,26,0,0,29.14,0,217.21,19.54,12.3,0,0,0
3.08,26.14,0,0,29.65,0,217.37,19.65,12.21,0,0,0
3.54,26.29,0,0,29.91,0,216.39,19.5,12.19,0,0,0
3.68,26.44,0,0,29.88,0,217.54,18.94,12.12,0,0,0
3.69,26.59,0,0,29.54,0,219.84,19.14,12.05,0,0,0
3.63,26.74,0,0,29.64,0,220.45,19.15,12.19,0,0,0
3.62,26.89,0,0,29.71,0,221.68,19.13,12.39,0,0,0
3.68,27.04,0,0,29.69,0,221.82,19.12,12.35,0,0,0
3.76,27.19,0,0,29.77,0,220.14,19.05,12.05,0,0,0
3.71,27.34,0,0,29.95,0,220.02,18.89,12.14,0,0,0
3.59,27.48,0,0,29.76,0,214.41,18.42,12.16,0,0,0
3.63,27.63,0,0,29.4,0,217.47,18.16,12.45,0,0,0
3.58,27.78,0,0,29.6,0,218.52,18.92,12.78,0,0,0
3.49,27.93,0,0,29.64,0,216.34,19.15,12.61,0,0,0
3.42,28.08,0,0,29.55,0,216.79,19.33,12.49,0,0,0
3.33,28.23,0,0,29.49,0,216.93,19.37,12.74,0,0,0
3.29,28.38,0,0,29.2,0,216.88,20,13.07,0,0,0
3.3,28.53,0,0,29.12,0,217.96,19.88,13.54,0,0,0
3.61,28.67,0,0,29.12,0,219.37,20.87,12.55,0,0,0
3.63,28.82,0,0,29.34,0,220.04,19.82,12.73,0,0,0
3.57,28.97,0,0,29.15,0,218.59,20.38,13.14,0,0,0
3.51,29.12,0,0,29.06,0,222.75,22.77,12.64,0,0,0
3.42,29.27,0,0,29.27,0,224.42,24.88,12.4,0,0,0
3.54,29.42,0,0,29.75,0,222.5,24.87,12.64,0,0,0
3.52,29.56,0,0,29.39,0,223.18,23.5,12.41,0,0,0
3.45,29.71,0,0,29.22,0,223.49,24.9,12.53,0,0,0
3.59,29.86,0,0,29.19,0,224.6,24.28,12.58,0,0,0
3.55,30.01,0,0,29.31,0,223.8,24.66,12.24,0,0,0
3.6,30.16,0,0,29.86,0,224.42,25,12.26,0,0,0
3.7,30.3,0,0,30.25,0,225.53,26.04,12.52,0,0,0
3.72,30.45,0,0,30.46,0,225.92,28.08,12.72,0,0,0
3.75,30.6,0,0,32.11,0,227.96,28.6,12.76,0,0,0
3.75,30.75,0,0,32.73,0,228.6,32.31,12.26,0,0,0
3.85,30.89,0,0,33.48,0,227.45,35.97,12.22,0,0,0
4.04,31.04,0,0,35.57,0,226.75,36.51,12.84,0,0,0
4.2,31.19,0,0,37.81,0,227.62,32,13.51,0,0,0
4.16,31.33,0,0,35.47,0,225.77,26.01,12.78,0,0,0
4.27,31.48,0,0,36.47,0,219.6,29.43,12.56,0,0,0
4.22,31.63,0,0,38.41,0,216.79,29.41,12.44,0,0,0
4.78,31.77,0,0,37.9,0,222.02,30.58,12.77,0,0,0
5.07,31.92,0,0,37.61,0,219.29,31.64,12.73,0,0,0
4.77,32.07,0,0,35.75,0,219.06,32.5,12.64,0,0,0
4.64,32.21,0,0,33.64,0,217.46,30.25,12.68,0,0,0
4.64,32.36,0,0,33.9,0,216.71,31.87,12.45,0,0,0
4.73,32.51,0,0,35.24,0,217.81,33.78,12.33,0,0,0
4.89,32.65,0,0,35.88,0,219.19,31.17,12.56,0,0,0
4.91,32.8,0,0,36.08,0,217.34,28.34,12.44,0,0,0
4.99,32.94,0,0,36.48,0,218.33,28.18,13,0,0,0
5.02,33.09,0,0,37.99,0,219.36,28.2,13.35,0,0,0
5.03,33.23,0,0,38.83,0,220.77,29.98,13.72,0,0,0
4.95,33.38,0,0,38.59,0,222.07,30.86,16.09,0,0,0
5.19,33.52,0,0,37.3,0,221.27,30.12,15.36,0,0,0
5.2,33.67,0,0,37.66,0,223.62,29.25,15.12,0,0,0
5.19,33.81,0,0,36.66,0,220.75,28.44,15.5,0,0,0
5,33.95,0,0,34.8,0,220.03,27.63,15.06,0,0,0
4.9,34.1,0,0,35.09,0,219.5,28.56,14.67,0,0,0
4.93,34.24,0,0,32.91,0,220.69,26.81,14.08,0,0,0
4.9,34.38,0,0,30.58,0,215.8,26.55,13.4,0,0,0
5.01,34.53,0,0,30.41,0,211.49,26.35,12.26,0,0,0
4.97,34.67,0,0,33.29,0,216.32,25.99,12.86,0,0,0
4.97,34.81,0,0,32.28,0,214.11,26.69,12.72,0,0,0
4.85,34.96,0,0,31.61,0,208.77,26.07,12.22,0,0,0
4.95,35.1,0,0,32.03,0,210.32,26.49,12.31,0,0,0
5.09,35.24,0,0,32.47,0,213.09,25.81,13.7,0,0,0
5.21,35.38,0,0,32.4,0,213.48,26.58,14.01,0,0,0
5.23,35.52,0,0,33.2,0,214.05,25.94,14.48,0,0,0
5.28,35.67,0,0,33.3,0,216.85,26.02,14.84,0,0,0
5.19,35.81,0,0,32.36,0,219.51,25.89,14.48,0,0,0
5.17,35.95,0,0,32.44,0,219.62,25.88,14.05,0,0,0
5.3,36.09,0,0,32.84,0,217.32,25.74,13.83,0,0,0
5.59,36.23,0,0,32.53,0,213.88,25.36,13.81,0,0,0
5.89,36.37,0,0,32.17,0,213.16,25.8,13.87,0,0,0
5.9,36.51,0,0,31.96,0,217.47,25.89,14.33,0,0,0
5.78,36.65,0,0,32,0,218.04,25.38,14.2,0,0,0
5.24,36.79,0,0,30.91,0,218.12,24.42,14.09,0,0,0
5.29,36.93,0,0,31.8,0,215.54,24.96,13.99,0,0,0
5.27,37.06,0,0,32.48,0,215.9,24.62,13.7,0,0,0
5.32,37.2,0,0,32.43,0,219.84,24.95,14.38,0,0,0
5.2,37.34,0,0,33.31,0,219.52,26.08,14.32,0,0,0
5.52,37.48,0,0,33.74,0,222.56,27.04,14.18,0,0,0
5.4,37.62,0,0,33.3,0,223.9,26.45,14.36,0,0,0
5.6,37.75,0,0,33.29,0,227.74,26.91,14.32,0,0,0
5.7,37.89,0,0,33.14,0,230.33,26.63,14.39,0,0,0
5.82,38.03,0,0,33.09,0,230.16,27.33,14.46,0,0,0
5.79,38.16,0,0,32.71,0,227.94,27.16,14.29,0,0,0
5.73,38.3,0,0,32.39,0,227.47,27.84,13.85,0,0,0
5.58,38.43,0,0,32.04,0,226.88,27.05,13.31,0,0,0
6.41,38.57,0,0,31.7,0,228.5,27.96,12.56,0,0,0
6.76,38.7,0,0,32.11,0,226.39,26.59,12.05,0,0,0
6.77,38.84,0,0,31.83,0,227.63,26.62,11.78,0,0,0
6.74,38.97,0,0,31.75,0,226.12,25.96,12.33,0,0,0
6.75,39.11,0,0,30.52,0,224.25,26.31,12.45,0,0,0
6.81,39.24,0,0,30.75,0,220.92,25.96,12.11,0,0,0
6.81,39.37,0,0,30.8,0,220.4,26.22,12.85,0,0,0
6.76,39.51,0,0,29.6,0,218.52,26.03,12.28,0,0,0
6.54,39.64,0,0,28.65,0,220.49,26.33,12.15,0,0,0
6.7,39.77,0,0,29.55,0,229.09,27.5,12.37,0,0,0
6.68,39.9,0,0,29.32,0,231.45,28.82,12.22,0,0,0
6.63,40.03,0,0,28.19,0,228.3,29.3,11.86,0,0,0
6.8,40.16,0,0,27.39,0,225.11,28.97,11.76,0,0,0
6.97,40.29,0,0,27.5,0,226.51,30.19,12.27,0,0,0
7.06,40.42,0,0,28.18,0,229.95,30.6,12.07,0,0,0
6.8,40.55,0,0,27.43,0,227.21,30.3,11.9,0,0,0
6.81,40.68,0,0,26.69,0,226.25,30.62,11.89,0,0,0
6.91,40.81,0,0,27.48,0,226.1,30.99,12.24,0,0,0
6.94,40.94,0,0,27.86,0,225.47,31.21,12.37,0,0,0
6.81,41.07,0,0,28.25,0,224.3,32.06,12.4,0,0,0
6.7,41.2,0,0,29.59,0,223.89,34.94,12.45,0,0,0
6.46,41.32,0,0,29.98,0,227,33.23,12.29,0,0,0
6.63,41.45,0,0,29.79,0,231.42,33.5,12.65,0,0,0
6.42,41.58,0,0,29.45,0,232.15,33.04,12.63,0,0,0
6.3,41.7,0,0,29.29,0,229.65,32.41,12.35,0,0,0
6.34,41.83,0,0,29.35,0,227.6,31.56,12.35,0,0,0
6.54,41.95,0,0,28.68,0,228.25,32.69,12.37,0,0,0
6.6,42.08,0,0,28.51,0,226.19,32.76,12.22,0,0,-0.01
6.69,42.2,0,0,28.4,0,226.87,32.89,12.5,0,0,-0.01
6.65,42.33,0,0,28.18,0,228.74,33.81,12.52,0,0,-0.01
6.61,42.45,0,0,28.07,0,234.22,33.51,12.76,0,0,-0.02
6.61,42.57,0,0,28.74,0,233.12,34.14,12.39,0,0,-0.02
6.75,42.69,0,0,28.5,0,229.67,34.22,12.95,0,0,-0.02
6.75,42.82,0,0,28.55,0,226.78,34.33,12.57,0,0,-0.03
6.8,42.94,0,0,28.49,0,224.08,33.66,12.44,0,0,-0.03
6.74,43.06,0,0,28.95,0,221.31,34.26,12.49,0,0,-0.04
6.43,43.18,0,0,29.4,0,223.77,34.84,12.85,0,0,-0.04
5.98,43.3,0,0,28.77,0,221.39,34.35,12.47,0,0,-0.05
5.71,43.42,0,0,29.32,0,221.95,33.83,12.93,0,0,-0.05
5.84,43.54,0,0,29.6,0,220.39,32.39,12.05,0,0,-0.06
5.85,43.65,0,0,30.06,0,220.23,33.25,12.14,0,0,-0.07
6.2,43.77,0,0,30.66,0,221.81,32.75,12.66,0,0,-0.07
6.04,43.89,0,0,30.46,0,221.76,32.78,12.39,0,0,-0.08
5.51,44.01,0,0,30.08,0,221.49,32.65,12.4,0,0,-0.09
5.11,44.12,0,0,29.82,0,222.15,33.35,12.39,0,0,-0.1
5.36,44.24,0,0,30.44,0,220.16,33.68,12.28,0,0,-0.1
5.45,44.36,0,0,31.13,0,219.33,34.16,11.72,0,0,-0.11
5.32,44.47,0,0,30.76,0,216.2,34.36,11.6,0,0,-0.12
5.2,44.58,0,0,30.77,0,216.58,34.95,16.57,0,0,-0.13
5.18,44.7,0,0,30.38,0,216.92,35.85,15.56,0,0,-0.14
5.03,44.81,0,0,29.91,0,216.76,36.65,17.02,0,0,-0.15
5.01,44.92,0,0,29.66,0,216.87,36.68,16.97,0,0,-0.16
5.08,45.04,0,0,29.7,0,219.81,36.5,15.85,0,0,-0.17
5.12,45.15,0,0,29.94,0,224.96,36.83,15.76,0,0,-0.18
5.17,45.26,0,0,29.9,0,223.05,37.52,15.64,0,0,-0.19
5.11,45.37,0,0,29.59,0,222.78,37.86,15.31,0,0,-0.2
5.23,45.48,0,0,30.15,0,225.79,37.42,15.56,0,0,-0.21
5.27,45.59,0,0,31.19,0,225.23,37.24,15.92,0,0,-0.23
5.46,45.7,0,0,32.25,0,224.34,36.67,16.07,0,0,-0.24
5.54,45.81,0,0,31.77,0,223.53,37.89,15.92,0,0,-0.25
5.42,45.91,0,0,31.49,0,227.33,37.99,16.26,0,0,-0.26
5.31,46.02,0,0,31.01,0,226.18,38.84,16.36,0,0,-0.28
5.39,46.13,0,0,30.43,0,229.73,38.21,16.79,0,0,-0.29
5.34,46.23,0,0,30.28,0,229.26,36.95,16.86,0,0,-0.3
5.43,46.34,0,0,30.21,0,232.19,36.64,16.76,0,0,-0.32
5.43,46.44,0,0,30.05,0,232.97,35.77,16.8,0,0,-0.33
5.38,46.55,0,0,30.06,0,232.24,34.99,16.93,0,0,-0.34
5.51,46.65,0,0,30.29,0,231.89,35.12,16.64,0,0,-0.36
5.6,46.75,0,0,30.84,0,231.66,34.55,16.65,0,0,-0.37
5.5,46.85,0,0,31.72,0,231.35,34.67,16.87,0,0,-0.39
5.6,46.96,0,0,31.24,0,231.47,35,16.59,0,0,-0.4
5.69,47.06,0,0,30.37,0,228.14,36.5,15.86,0,0,-0.42
6.2,47.16,0,0,29.86,0,229.67,36.74,16.47,0,0,-0.44
6.39,47.26,0,0,28.18,0,229.44,37.05,18.08,0,0,-0.45
6.46,47.36,0,0,29.38,0,232.33,35.32,19.27,0,0,-0.47
6.39,47.45,0,0,29.4,0,219.74,36.62,19.15,0,0,-0.48
6.48,47.55,0,0,29.5,0,215.81,36.19,19.81,0,0,-0.5
6.23,47.65,0,0,30.01,0,215.01,35.98,20.1,0,0,-0.52
6.09,47.75,0,0,29.84,0,215.6,35.69,19.78,0,0,-0.54
6.12,47.84,0,0,29.59,0,215.72,35.41,19.52,0,0,-0.55
6.29,47.94,0,0,29.85,0,214.97,35.44,20,0,0,-0.57
6.63,48.03,0,0,29.69,0,218.32,35.38,20.9,0,0,-0.59
6.63,48.13,0,0,29.5,0,218,35.67,20.72,0,0,-0.61
6.67,48.22,0,0,29.35,0,217.37,35.33,21.52,0,0,-0.63
6.8,48.31,0,0,29.24,0,217.58,34.93,21.83,0,0,-0.64
6.71,48.4,0,0,28.89,0,215.62,34.51,21.72,0,0,-0.66
6.71,48.49,0,0,27.86,0,213.41,32.72,21.16,0,0,-0.68
6.77,48.58,0,0,27.42,0,213.88,33.4,21.6,0,0,-0.7
6.68,48.67,0,0,27.86,0,214.36,33.36,19.82,0,0,-0.72
6.63,48.76,0,0,27.44,0,215.82,33.24,19.26,22.28,0,-0.74
6.6,48.85,0,0,27.33,0,215.95,32.96,19.06,29.77,0,-0.76
6.72,48.94,0,0,27.69,0,214.99,33.82,19.31,29.52,0,-0.78
6.7,49.03,0,0,27.12,0,214.59,33.37,18.67,25.42,0,-0.8
6.87,49.11,0,0,27.09,0,215.16,33.16,18.81,26.49,0,-0.82
6.91,49.2,0,0,26.5,0,214.64,33.62,17.96,26.4,0,-0.84
6.79,49.28,0,0,26.54,0,213.96,32.29,17.58,24.3,0,-0.86
6.64,49.37,0,0,26.62,0,209.66,32.06,17.89,22.86,0,-0.88
6.88,49.45,0,0,26.95,0,210.21,32.33,17.93,22.11,0,-0.91
6.96,49.53,0,0,27,0,208.63,32.84,17.87,22.97,0,-0.93
6.94,49.61,0,0,26.87,0,207.96,33.47,17.94,23.87,0,-0.95
6.88,49.69,0,0,26.85,0,214.02,33.15,17.88,24.16,0,-0.97
6.79,49.78,0,0,26.83,0,212.51,33.17,17.84,24.84,0,-0.99
7.25,49.85,0,0,26.53,0,217.13,33.06,17.97,24.75,0,-1.01
7.63,49.93,0,0,26.61,0,214.41,33.03,18.93,24.75,0,-1.04
7.84,50.01,0,0,26.97,0,214.79,33.59,19.3,25.6,0,-1.06
7.73,50.09,0,0,26.55,0,213.32,35.19,19.56,25.82,0,-1.08
7.67,50.17,0,0,25.8,0,213.79,37.3,18.67,26.72,0,-1.11
7.83,50.24,0,0,25.2,0,221.82,36.07,18.42,24.35,0,-1.13
7.43,50.32,0,0,27.17,0,208.28,35.14,18.51,29.1,0,-1.15
7.5,50.39,0,0,26.84,0,202.48,34.43,18.85,29.25,0,-1.17
6.56,50.46,0,0,27.26,0,203.95,34.74,18.93,30.69,0,-1.2
6.79,50.54,0,0,28.9,0,202.91,36.26,18.92,35.9,0,-1.22
7.11,50.61,0,0,29.82,0,200.5,37.42,18.72,39.94,0,-1.25
7.48,50.68,0,0,30.22,0,203.36,38.11,18.7,39,0,-1.27
7.6,50.75,0,0,30.48,0,204.91,38.4,18.52,38.25,0,-1.29
7.6,50.82,0,0,32.29,0,207.63,40.74,18.41,43.86,0,-1.32
7.6,50.89,0,0,33.83,0,210.29,41.26,18.65,53.45,0,-1.34
7.6,50.95,0,0,32.54,0,207.19,42.71,19.64,51.49,0,-1.37
7.57,51.02,0,0,34.4,0,209.27,43.17,19.93,62.13,0,-1.39
8.4,51.09,0,0,32.98,0,208.77,43.3,20.01,59.07,0,-1.42
8.98,51.15,0,0,33.48,0,208.02,45.4,20.17,65.2,0,-1.44
9.04,51.22,0,0,34.39,0,209.65,45.21,20.06,69.27,0,-1.47
8.78,51.28,0,0,34.96,0,211.09,43.11,20.02,77.01,0,-1.49
8.45,51.34,0,0,35.11,0,209.76,41.58,20.22,89.86,0,-1.52
8.29,51.41,0,0,34.34,0,208.6,42.69,19.86,80.04,0,-1.54
8.23,51.47,0,0,34.8,0,211.73,42.93,19.93,77.89,0,-1.57
8.4,51.53,0,0,35.98,0,212.1,43.79,20.19,84.5,0,-1.59
8.31,51.59,0,0,37.25,0,215.27,44.08,20.74,95.79,0,-1.62
7.95,51.64,0,0,37.7,0,216.02,41.85,20.85,104.95,0,-1.65
8.06,51.7,0,0,35.47,0,214.89,42.46,21.45,119.8,0,-1.67
7.56,51.76,0,0,35.76,0,212.05,41.7,21.8,109,0,-1.7
7.44,51.81,0,0,37.15,0,212.36,43.03,21.21,120.2,0,-1.72
7.37,51.87,0,0,39.66,0,213.54,43.31,22.38,155,0,-1.75
7.39,51.92,0,0,41.19,0,215.2,44.08,22.2,184.94,0,-1.78
7.98,51.98,0,0,42.94,0,218.57,44.51,23.92,176.73,0,-1.8
7.96,52.03,0,0,39.5,0,216.97,47.39,23.19,123.11,0,-1.83
8.01,52.08,0,0,39.44,0,216.33,46.34,23.71,99.72,0,-1.86
8.32,52.13,0,0,39.39,0,214.53,46.94,23.46,108.3,0,-1.88
7.83,52.18,0,0,38.98,0,213.78,46.73,23.17,114.5,0,-1.91
8.03,52.23,0,0,38.72,0,215,46.47,23.93,131.3,0,-1.94
7.94,52.28,0,0,40.04,0,215.81,48.32,23.94,143.67,0,-1.97
7.49,52.32,0,0,40.85,0,213.37,46.89,23.49,164.91,0,-1.99
7.37,52.37,0,0,38.66,0,212.67,46.57,22.72,138.52,0,-2.02
7.85,52.42,0,0,40.16,0,210.94,43.43,22.61,156.84,0,-2.05
7.74,52.46,0,0,39.17,0,222.13,42.04,20.53,145.78,0,-2.08
8.42,52.5,0,0,38.96,0,223.17,42.63,20.72,146.92,0,-2.1
8.64,52.55,0,0,39.39,0,228.65,42.54,20.21,140,0,-2.13
9.2,52.59,0,0,39.23,0,226.31,44.84,19.83,128.96,0,-2.16
8.87,52.63,0,0,38.42,0,221.71,44.37,18.78,136.8,0,-2.19
8.05,52.67,0,0,37.53,0,217.79,44.15,18.99,132.15,0,-2.21
7.71,52.71,0,0,39.23,0,225.56,42.75,19.34,148.3,0,-2.24
7.47,52.74,0,0,42.49,0,223.73,42.93,19.4,165.64,0,-2.27
7.56,52.78,0,0,40.98,0,226.99,43.43,20.66,158.45,0,-2.3
7.37,52.82,0,0,39.71,0,227.17,43,20.37,148.2,0,-2.33
7.81,52.85,0,0,39.54,0,225.24,41.82,19.97,152.38,0,-2.35
7.55,52.88,0,0,37.49,0,222.93,40.3,19.68,145.3,0,-2.38
7.47,52.92,0,0,33.99,0,219.16,40.78,19.28,122.67,0,-2.41
7.21,52.95,0,0,33.02,0,214.88,40.42,18.69,120.8,0,-2.44
7.1,52.98,0,0,31.43,0,212.17,40.47,17.81,109.2,0,-2.47
7.3,53.01,0,0,32.26,0,213.16,41.5,18.91,106.75,0,-2.49
7.01,53.04,0,0,32.07,0,210.01,41.43,18.69,108.08,0,-2.52
7.1,53.07,0,0,29.22,0,202.76,40.91,18.01,90.68,0,-2.55
7.42,53.09,0,0,29.74,0,198.45,41.3,18.24,90.1,0,-2.58
7.45,53.12,0,0,30.99,0,199.24,40.94,18.74,94.99,0,-2.61
7.54,53.14,0,0,31.81,0,200.88,41.09,19.81,98.99,0,-2.64
7.17,53.17,0,0,32.34,0,201.3,40.93,19.69,99.4,0,-2.67
7.26,53.19,0,0,33.42,0,200.27,40.11,19.59,100.98,0,-2.69
7.38,53.21,0,0,34.26,0,204.03,41.58,19.72,106.86,0,-2.72
7.42,53.23,0,0,36.7,0,206.73,42.4,19.73,139.6,0,-2.75
7.32,53.25,0,0,34.45,0,204.8,45.34,20.45,118.74,0,-2.78
6.34,53.27,0,0,32.6,0,203.12,44.36,19.68,109.5,0,-2.81
5.86,53.29,0,0,31.94,0,201.98,44.38,18.94,113.44,0,-2.84
5.91,53.3,0,0,30.88,0,199.72,45.11,18.91,111.55,0,-2.86
4.15,53.32,0,0,29.49,0,197.33,46.71,18.13,102.01,0,-2.89
3.87,53.33,0,0,31.21,0,197.47,47.73,18.76,107.27,0,-2.92
3.98,53.35,0,0,30.8,0,196.65,50.34,19.04,111,0,-2.95
3.68,53.36,0,0,29.5,0,193.5,50.92,18,107.2,0,-2.98
3.56,53.37,0,0,28.98,0,190.72,49.87,17.76,104,0,-3.01
3.94,53.38,0,0,29.68,0,194.2,52.05,18.37,109.47,0,-3.04
3.93,53.39,0,0,30.31,0,194.1,56.09,18.54,114.73,0,-3.06
3.95,53.4,0,0,30.14,0,192.76,54.59,18.58,116.03,0,-3.09
4.37,53.41,0,0,29.09,0,194.21,46.75,18.79,114.15,0,-3.12
4.42,53.41,0,0,28.72,0,195.87,50.16,18.36,113.96,0,-3.15
4.76,53.42,0,0,29.75,0,201.47,49.64,18.72,110.88,0,-3.18
4.81,53.42,0,0,29.41,0,196.25,49.84,18.44,107.3,0,-3.21
4.96,53.42,0,0,29.36,0,195.76,49.29,18.19,102.48,0,-3.24
4.83,53.42,0,0,29.15,0,198.21,50.75,18.71,103.1,0,-3.26
4.21,53.43,0,0,28.09,0,191.21,49.5,17.79,100.36,0,-3.29
4.01,53.42,0,0,27.34,0,189.54,49.41,17.43,98.34,0,-3.32
4.17,53.42,0,0,27.75,0,190.8,50.03,17.11,99,0,-3.35
4.34,53.42,0,0,28.99,0,188.7,49.94,16.08,100.44,0,-3.38
4.42,53.42,0,0,28.65,0,187.34,50.49,15.83,97.14,0,-3.41
4.35,53.41,0,0,29.08,0,188.76,50.46,15.71,94.25,0,-3.43
4.35,53.4,0,0,28.46,0,186.8,50.69,15.54,84.68,0,-3.46
4.21,53.4,0,0,27.45,0,182.67,51.75,14.08,75.53,0,-3.49
4.09,53.39,0,0,27.25,0,181.27,52.09,14.05,75.14,0,-3.52
3.99,53.38,0,0,26.39,0,176.07,50.11,13.99,65.9,0,-3.55
3.75,53.37,0,0,26.54,0,172.6,50.96,13.83,76.9,0,-3.57
3.59,53.36,0,0,25.85,0,172.08,50.14,13.37,71.5,0,-3.6
3.4,53.34,0,0,25.38,0,166.88,48.88,12.98,78.3,0,-3.63
3.02,53.33,0,0,24.27,0,162.19,45.01,12.65,74.85,0,-3.66
3.16,53.31,0,0,23.65,0,157.2,43.35,12.45,71.79,0,-3.68
3.09,53.3,0,0,23.89,0,159.32,45.22,12.82,71.61,0,-3.71
3.08,53.28,0,0,24.18,0,163.49,46.42,13.19,71.5,0,-3.74
3.47,53.26,0,0,24.22,0,163.53,44.71,12.97,71.45,0,-3.77
3.54,53.24,0,0,25.13,0,162.86,45.91,12.7,75.15,0,-3.79
3.35,53.22,0,0,24.99,0,160.82,45.37,13,70.64,0,-3.82
3.5,53.2,0,0,25.63,0,162.82,45.61,13.94,69.33,0,-3.85
3.78,53.17,0,0,26.44,0,164.04,45.89,14.57,70.46,0,-3.88
3.86,53.15,0,0,26.5,0,161.76,45.08,14.42,69.99,0,-3.9
3.94,53.12,0,0,27.08,0,166.62,46.26,15.19,69.95,0,-3.93
4.06,53.09,0,0,27.82,0,170.18,49.64,16,71.9,0,-3.96
4.02,53.07,0,0,27.79,0,172.55,51.51,15.45,83.27,0,-3.98
4.05,53.04,0,0,28.97,0,150.94,51.51,15.67,80,0,-4.01
3.94,53.01,0,0,29.59,0,159.83,51.05,15.77,80.97,0,-4.04
3.83,52.97,0,0,30.76,0,159.08,51.76,15.83,95.98,0,-4.06
3.74,52.94,0,0,31.29,0,160.89,54.16,15.15,100.12,0,-4.09
3.81,52.91,0,0,30.28,0,160.53,53.07,15.2,82.95,0,-4.12
3.69,52.87,0,0,30.68,0,159.86,52.8,15.25,85.61,0,-4.14
3.67,52.83,0,0,30.59,0,160.35,55,15.39,83.48,0,-4.17
3.6,52.8,0,0,31.02,0,164.15,54.39,15.36,77.15,0,-4.19
3.52,52.76,0,0,31.24,0,165.07,54.74,15.4,74.12,0,-4.22
3.45,52.71,0,0,30.98,0,164.78,56.03,15.34,72.86,0,-4.25
3.39,52.67,0,0,30.64,0,165.62,56.92,15.02,71.88,0,-4.27
3.34,52.63,0,0,31.19,0,164.79,57.9,14.97,74.18,0,-4.3
3.2,52.59,0,0,32,0,166.81,59.94,15.45,75.35,0,-4.32
2.94,52.54,0,0,33.8,0,167.91,61.49,14.82,81.93,0,-4.35
2.8,52.49,0,0,33.25,0,168.17,58.85,14.68,79.06,0,-4.37
3.12,52.44,0,0,33.81,0,170.61,61.3,15.16,77.48,0,-4.4
3.4,52.39,0,0,35.2,0,173.64,61.87,15.25,80.38,0,-4.42
3.21,52.34,0,0,35.91,0,173.69,63.32,15.11,81.91,0,-4.45
3.16,52.29,0,0,37.31,0,172.8,65.56,15.37,83.45,0,-4.47
5.47,52.24,0,0,36.59,0,174.69,64.87,15.51,83.28,0,-4.5
5.48,52.18,0,0,34.65,0,172.3,62.96,15.58,78.1,0,-4.52
5.45,52.13,0,0,35.21,0,174.05,62.37,15.24,79.96,0,-4.54
5.7,52.07,0,0,34.35,0,175.19,64.34,16.81,79.25,0,-4.57
5.02,52.01,0,0,33.51,0,172.76,66.59,16.37,75.53,0,-4.59
4.9,51.95,0,0,34.41,0,171.94,65.96,16.56,76,0,-4.62
4.64,51.89,0,0,34.93,0,174.73,65.4,16.73,77.29,0,-4.64
4.59,51.83,0,0,34.9,0,173.96,60.5,16.55,76.62,0,-4.66
4.96,51.76,0,0,35.68,0,174.91,65.01,17.06,76.49,0,-4.69
4.86,51.7,0,0,35.68,0,176.91,66.93,17.22,75.66,0,-4.71
4.54,51.63,0,0,35.62,0,174.73,65.37,16.92,77.03,0,-4.73
4.48,51.56,0,0,36.23,0,166.98,64.89,16.56,81.08,0,-4.75
4.64,51.5,0,0,36.09,0,165.74,68.6,16.65,79.2,0,-4.78
4.94,51.42,0,0,36.51,0,169.06,73.06,16.95,79.07,0,-4.8
4.9,51.35,0,0,36.12,0,167.15,78.18,17.14,77.53,0,9.06
4.61,51.28,0,0,36.82,0,169.39,78.01,16.91,78.7,0,9.24
4.66,51.21,0,0,37.08,0,169.23,79.55,17.39,79.3,0,9.25
4.75,51.13,0,0,37.07,0,169.16,79,17.05,81.3,0,9.14
4.65,51.05,0,0,37.11,0,171.95,78.06,17.22,79.51,0,9.42
4.81,50.97,0,0,36.64,0,170.65,76.89,17.14,77.27,0,9
4.72,50.89,0,0,37.25,0,167.49,75.31,16.64,76.9,0,8.98
4.56,50.81,0,0,36.67,0,166.04,71.38,16.11,75.87,0,8.97
4.37,50.73,0,0,35.63,0,167.69,69.37,16.35,69.73,0,8.32
4.27,50.64,0,0,35.8,0,166.2,69.33,16.61,69.98,0,8.33
4.41,50.56,0,0,36.33,0,168.34,73.43,17.15,69.98,0,8.82
4.67,50.47,0,0,36.53,0,168.8,75.56,17.43,72.12,0,8.74
4.41,50.38,0,0,36.91,0,170.62,77.87,19.49,71.79,0,8.91
4.16,50.29,0,0,36.8,0,170.62,77.6,18.96,72.29,0,8.76
3.94,50.2,0,0,37.35,0,170.44,80.22,18.39,72.63,0,8.9
3.82,50.11,0,0,38.35,0,171.08,86.15,19.08,72.3,0,9.49
3.89,50.02,0,0,38.74,0,167.34,89.89,19.53,69.76,0,9.81
3.1,49.92,0,0,38.35,0,164.63,88.36,19.37,70.75,0,9.74
2.78,49.82,0,0,38.44,0,169.37,90.14,19.65,70.23,0,9.99
2.25,49.73,0,0,36.83,0,169.5,87.6,18.31,67.33,0,9.63
2.09,49.63,0,0,37.03,0,168,85.49,18.25,67.78,0,9.47
1.88,49.53,0,0,37.34,0,171.79,89.02,18.99,66.95,0,9.8
2.35,49.42,0,0,36.16,0,170.12,86.99,18.8,64.85,0,10.04
2.11,49.32,0,0,36.05,0,172.51,84.79,19.11,65.94,0,8.11
2.1,49.21,0,0,36.38,0,175.38,81.67,19.65,65.52,0,7.75
2.08,49.11,0,0,36.63,0,177.58,80.01,19.6,63.06,0,8
2.13,49,0,0,36.37,0,176.76,76.89,19.6,63.8,0,7.72
2.51,48.89,0,0,35.96,0,179.64,76.98,19.79,63.38,0,7.47
2.9,48.78,0,0,35.9,0,191.44,80.27,19.6,61.1,0,7.36
2.77,48.66,0,0,36.31,0,193.15,82.58,19.67,59.62,0,7.62
2.99,48.55,0,0,35.87,0,192.29,83.43,20.17,56.75,0,7.73
3.55,48.44,0,0,35.32,0,190.98,81.96,20.48,56.42,0,7.4
3.75,48.32,0,0,35.92,0,190.1,84.99,20.35,57.04,0,7.46
2.89,48.2,0,0,34.96,0,191.13,84.01,19.5,53.52,0,7.03
2.88,48.08,0,0,35.1,0,190.53,84.71,18.74,52.91,0,7.17
3.45,47.96,0,0,33.96,0,190.92,83.34,19.44,49.24,0,6.87
3.95,47.83,0,0,34.12,0,190.08,81.72,19.29,50.16,0,6.83
4.18,47.71,0,0,34.19,0,191.62,80.38,18.08,50.62,0,7.27
5.04,47.58,24.95,0,33.92,0,198.84,80.67,18.15,48.99,0,7.1
5.16,47.46,31.36,0,34.38,0,203.43,79.95,17.72,50.45,0,-5.52
4.94,47.33,25.5,0,34.91,0,205.46,80.62,17.7,51.82,0,7.22
5.09,47.2,25.57,0,34.85,0,207.51,83.93,18.91,50.32,0,7.25
5.1,47.06,25.83,0,34.93,0,210.09,84.23,19.05,51.31,0,7.55
4.87,46.93,25.65,0,34.62,0,212.2,86.64,19.4,51.27,0,7.51
4.77,46.8,25.7,0,35.29,0,212.17,86.85,19.36,53.15,0,7.28
4.67,46.66,26.24,0,35.86,0,212.54,86.91,19.48,52.73,0,7.18
4.47,46.52,26.02,0,35.66,0,211.84,85.13,19.09,51.39,0,6.8
4.05,46.38,25.59,0,35.44,0,212.08,85.72,18.95,51.95,0,6.44
4.43,46.24,24.71,0,34.82,0,209.14,84.61,19.61,50.23,0,5.62
5.05,46.1,25.13,0,35.43,0,211.4,86.23,19.75,50.25,0,6.06
4.87,45.95,25.3,0,35.65,0,210.36,84.17,20.16,49.8,0,5.98
4.9,45.81,24.65,0,34.72,0,207.98,79.53,19.02,47.22,0,5.78
4.8,45.66,24.69,0,34.77,0,207.36,80.62,19.12,46.05,0,5.84
4.56,45.51,24.22,0,34.03,0,201.94,79.66,19.28,46.47,0,5.6
4.56,45.36,25.06,0,34.33,0,203.28,81.23,18.82,49.55,0,5.89
4.25,45.21,23.99,0,32.51,0,201.17,79.97,17.69,46.47,0,5.72
4.27,45.05,24.64,0,33.36,0,205.49,82.1,18.23,48.67,0,6.08
4.4,44.9,25.07,0,33.9,0,204.99,86.56,18.72,48.8,0,6.21
4.33,44.74,25.19,0,33.99,0,206.86,89.06,19.16,47.59,0,6.08
4.25,44.58,25,0,33.65,0,204.94,88.76,19.04,45.74,0,5.99
4.09,44.42,24.69,0,33.25,0,203.11,83.71,18.2,44.18,0,5.83
4.12,44.26,25.01,0,33.91,0,205,85.24,19,44.65,0,5.88
4.24,44.1,25.19,0,34.13,0,204.91,87.41,18.96,46.25,0,5.9
4.21,43.93,24.33,0,33.15,0,206.21,86.67,18.46,44.87,0,5.62
4.04,43.77,24.78,0,33.48,0,198.69,87.42,18.05,43.96,0,5.72
3.85,43.6,25.09,0,33.67,0,195.88,88.48,17.07,43.6,0,-5.77
3.75,43.43,24.86,0,33.23,0,194.19,86.43,17.99,42.75,0,5.88
3.74,43.26,24.43,0,32.46,0,188.9,81.79,21.57,40.85,0,5.61
3.56,43.08,24.17,0,31.91,0,187.36,84.06,21.4,39.11,0,5.48
3.39,42.91,23.27,0,30.93,0,176.48,83.97,20.58,38.01,0,5.27
3.59,42.73,22.5,0,30.12,0,177.32,84.07,20.25,34.7,0,5.18
3.72,42.56,23.53,0,31.6,0,184.47,84.7,20.47,36.5,0,5.3
3.69,42.38,23.35,0,31.68,0,187.08,92.01,20.44,35.59,0,5.24
3.63,42.19,23.13,0,31.54,0,184.38,92.66,20.09,35.7,0,5.2
3.67,42.01,23.92,0,32.15,0,188.44,95.2,20.04,38.87,0,5.25
4.11,41.83,24.19,0,32.94,0,191.99,98.43,20.31,43.14,0,5.36
4.09,41.64,23.78,0,32.57,0,195,94.58,19.82,40.49,0,5.31
3.95,41.45,23.7,0,32.48,0,189.36,98.54,19.63,41.82,0,5.24
4.1,41.26,23.22,0,31.97,0,189.42,100.87,19.95,40.74,0,5.01
3.93,41.07,22.71,0,31.18,0,187.72,108.61,19.36,39,0,5
3.96,40.88,22.91,0,31.53,0,187.29,116.03,19.84,40.41,0,5
4.14,40.69,23.11,0,31.67,0,182.03,119.55,19.83,41.05,0,4.96
4.12,40.49,23.26,0,32,0,184.31,125.17,19.73,45.48,0,5.36
4,40.29,23.65,0,32.63,0,185.84,134.71,20.29,49.79,0,5.21
3.66,40.09,23.02,0,31.97,0,183.89,117.52,20.64,50.45,0,5.09
3.55,39.89,22.6,0,31.71,0,181.35,124.19,19.58,48.06,0,5.17
3.23,39.69,22.29,0,31.36,0,183.9,130.36,19.76,46.81,0,5.02
3.34,39.48,22.45,0,31.3,0,185.02,124.96,20.1,47.2,0,4.97
3.43,39.28,23,0,31.68,0,188.3,119.65,21.15,46.43,0,4.99
3.58,39.07,23.08,0,31.76,0,197.07,123.35,21.5,46.61,0,5.02
3.65,38.86,23.34,0,32.09,0,196.12,125.19,22.37,49.34,0,5.12
3.51,38.65,23,0,31.67,0,198.79,120.53,22.26,47.45,0,4.98
3.49,38.43,23.15,0,31.97,0,199.84,128.5,22.09,47.75,0,5.07
3.49,38.22,23.31,0,32.17,0,197.87,133.47,22.04,48,0,-5.78
3.43,38,23.14,0,31.85,0,197.52,130.16,21.83,47.04,0,4.94
3.33,37.78,22.7,0,31.27,0,200.1,124.81,21.53,45.45,0,3.83
3.35,37.56,22.54,0,31.27,0,198.01,132.39,22,45.19,0,3.6
3.22,37.34,22.3,0,30.97,0,200.83,132.2,22.45,45.93,0,3.17
3.09,37.12,22,0,30.69,0,197.71,137.77,22.74,45.19,0,3.11
3.15,36.89,21.04,0,29.45,0,199.68,126.11,24.29,43.44,0,2.57
3.13,36.67,21.69,0,30.05,0,198.77,127.22,25.43,44.22,0,3.06
3.08,36.44,21.65,0,30.23,0,197.88,128.46,26.1,44.42,0,2.75
2.95,36.21,21.94,0,30.38,0,199.35,125.64,26.92,44.37,0,2.86
2.92,35.97,21.77,0,30.18,0,202.58,123.63,25.34,43.41,0,2.94
3.01,35.74,21.55,0,29.83,0,201.57,123.38,25.91,43.58,0,2.78
3.1,35.5,21.06,0,29.48,0,201.24,113.07,25.85,42.24,0,2.73
3.02,35.26,20.46,24.37,29.17,0,202.29,102.97,25.51,42.97,0,2.62
3.08,35.03,20.25,24.16,28.97,0,204.17,104.9,26.27,43.04,0,2.04
2.98,34.78,19.8,23.99,28.41,0,203.08,105.39,22.76,41.91,0,1.96
2.82,34.54,20.18,24.12,28.6,0,204,107.72,23.04,42.09,0,2.28
2.83,34.3,20.08,23.81,28.16,0,199,107.02,22.87,40.67,0,2.18
2.97,34.05,20.21,23.89,28.2,0,201,109.07,23.75,40.85,0,2.16
3.1,33.8,20.28,23.84,28.08,0,196.88,105.61,23.97,40.82,0,2.35
2.94,33.55,19.8,23.42,27.04,0,193.66,101.84,22.89,40.36,8.49,2.18
2.84,33.3,20.65,24.61,28.35,0,192.75,102.83,22.64,43.25,10.45,2.28
2.83,33.04,20.26,24.13,27.59,0,186.75,99.16,22.36,42.29,11.7,2.18
2.84,32.79,20.56,24.61,28.24,0,187.25,103.46,22.22,42.58,12.99,2.2
2.88,32.53,20.45,24.62,28.6,0,188.18,105.88,22.63,41.96,12.85,2.18
3.65,32.27,20.69,24.86,28.8,0,193.35,104,24.05,43.89,12.58,2.25
3.59,32.01,20.53,24.43,28.6,0,194.07,102.66,23.38,42.7,11.4,3.23
3.92,31.75,20.24,24.25,28.27,0,192.64,99.52,23.04,42.49,10.52,2.3
3.87,31.48,21.1,25,28.92,0,196.53,107.4,23.4,46.05,10.57,2.24
3.6,31.21,20.03,23.82,27.15,0,193.32,103.3,23.03,39.2,11.08,2.13
3.45,30.95,18.86,22.45,25.69,0,194.42,102.56,22.62,35.12,11.1,2
3.67,30.68,19.35,23,26.24,0,198.95,106.16,23.39,31.32,10.55,2.1
4.4,30.4,19.26,22.81,25.95,0,201.93,110.13,23.8,29.98,10.45,2.02
4.22,30.13,19.23,22.81,25.88,0,202.52,112.82,23.73,29.3,10.06,1.97
4.33,29.85,19.24,22.67,26.04,0,202.86,112.88,24.24,32.35,10.01,1.87
4.08,29.57,18.8,22.06,25.41,0,201.72,106.49,24.01,29.03,9.76,1.93
4.06,29.29,18.23,21.46,24.82,0,198.48,101.61,22.96,28.29,9.64,1.86
3.98,29.01,18.11,21.32,24.74,0,202.53,102.8,22.96,28.2,9.54,1.79
3.71,28.73,17.4,20.35,23.8,0,198.15,101.03,22.52,26.6,9.02,1.7
3.67,28.44,17.82,20.86,24.06,0,201.95,102.42,23.01,27.13,8.8,1.67
3.74,28.16,17.88,20.85,24.31,0,204.63,101.79,23.74,26.74,7.86,1.78
3.78,27.87,17.65,20.63,24.07,0,204.17,89.15,23.45,25.68,7.96,1.74
3.76,27.58,17.83,20.79,24.42,0,205.31,88.66,22.88,27.83,8.27,-5.17
3.8,27.28,18.07,20.97,24.65,0,208.4,90.79,22.62,30.1,8.2,1.66
3.99,26.99,18.1,21,24.34,0,210.23,85.09,22.99,30,7.85,1.65
4.1,26.69,18.62,21.75,25.32,0,204.99,88.36,23.63,32.13,8.07,1.76
4.16,26.39,18.85,22.2,25.78,0,204.7,83.46,23.55,32.05,7.82,1.78
4.28,26.09,18.5,21.69,25.09,0,206.86,86.19,22.83,30.2,7.73,1.67
4.58,25.79,18.74,22.06,25.49,0,208.18,86.08,23.56,31.25,8.02,1.68
4.81,25.48,18.95,22.14,25.78,0,206.65,90.87,23.9,30.71,8.67,1.67
4.72,25.18,18.38,21.64,25.13,0,203.97,88.37,23,30.65,8.67,1.62
4.8,24.87,18.54,21.79,25.25,0,204.02,91.38,23.31,31.7,8.75,1.61
4.8,24.56,18.17,21.41,24.72,0,203.81,91.13,23.71,30.79,8.8,1.5
4.57,24.24,18.12,21.18,24.13,0,205.75,94.87,23.75,30.55,8.8,1.28
4.4,23.93,17.85,20.95,24.07,0,207.43,95.36,23.25,30.54,8.53,1.28
4.38,23.61,17.58,20.46,23.57,0,207.32,97.37,22.93,30.01,7.51,1.37
4.36,23.3,17.35,20.3,23.15,23.91,205.23,95.4,22.16,29.03,7.3,1.32
4.56,22.98,17.11,20.11,23.05,23.77,205.74,95.52,22.01,28.19,6.72,1.28
4.56,22.65,16.2,19.35,21.95,22.63,205.12,89.89,20.07,26.82,6.19,1.19
4.8,22.33,15.63,19.14,22.07,22.71,204,91.4,20.03,26.59,5.62,1.15
4.76,22,15.57,19.09,22.07,22.71,206.21,95.21,18.86,26.71,4.45,1.21
4.78,21.67,15.3,18.6,21.53,22.04,206.06,95.88,18.63,25.95,4.15,1.21
4.76,21.34,14.64,18,20.79,21.03,207.41,92.36,18.28,24.8,4.81,1.13
4.7,21.01,14.04,17.3,20.3,20.22,209.4,88.58,17.9,24.21,4.87,1.13
4.58,20.68,14.47,17.37,20.25,20.14,206.92,90.91,18.68,24.07,4.68,1.07
4.36,20.34,14.92,18.01,20.99,20.96,194.26,89.96,19.09,24.91,5.02,1.11
4.41,20,14.87,17.98,20.92,20.94,193.83,91.35,19.32,24.06,4.62,1.1
4.31,19.66,14.57,17.57,20.48,20.49,188.74,89.34,19.05,24.26,4.51,1.08
4.01,19.32,14.22,17.23,20.13,20.03,189.52,86.47,18.33,23.94,4.43,1.04
3.6,18.98,14.05,17.2,19.9,19.84,191.47,86.21,18.02,23.87,5.18,1.04
3.46,18.63,13.12,15.99,18.66,18.17,192.74,76.96,18.64,20.64,4.6,0.9
3.66,18.28,13.3,16.03,18.71,17.89,192.97,78.82,18.85,20.96,4.52,0.92
3.53,17.93,13.1,15.93,18.43,17.75,193.03,77.86,18.88,20.68,4.44,1.04
3.47,17.58,13.8,16.62,19.61,18.79,196.83,78.24,19.39,22.13,4.46,1.38
3.47,17.23,13.67,16.43,19.35,18.32,198.51,77.1,19.34,21.73,4.14,1.33
3.77,16.87,14.14,16.97,20.12,19.17,197.34,76.54,19.71,22.49,4.24,1.36
3.62,16.51,13.84,16.6,19.61,18.62,197.03,72.53,19.13,21.37,4.19,1.33
3.81,16.15,13.93,16.67,19.91,18.82,194.63,73.61,19.45,22.43,3.93,1.37
3.72,15.79,13.76,16.57,19.82,18.55,196.85,72.13,19.33,22.2,3.8,1.34
3.73,15.43,13.98,16.88,20.22,18.99,197.69,71.6,19.56,22.63,4.08,1.32
3.72,15.06,13.98,16.98,20.45,19.17,196.6,72.6,19.89,24.37,3.9,1.34
3.7,14.69,14.07,17.08,20.55,19.4,195.83,71.9,20.05,23.68,3.96,1.23
3.69,14.32,14.03,16.84,20.21,19.06,192.87,67.72,20.26,23.09,3.82,1.16
3.71,13.95,13.5,16.19,19.59,18.4,192.98,69.1,20.37,22.22,3.58,1.08
3.43,13.57,13.41,16.07,19.45,18.13,191.58,72.65,20.35,22.22,3.4,1.09
3.32,13.19,13.28,15.91,19.38,17.98,190.39,76.08,20.77,22.31,3.26,1.13
3.64,12.82,13.35,16.11,19.64,18.18,191,75.55,21.17,21.62,3.21,1.2
4.03,12.44,13.26,15.9,19.59,18,193.94,75.89,20.41,22.17,3,1.25
4.18,12.05,13.29,16.04,19.69,18.12,191.76,77.14,20.77,22.52,2.93,1.18
3.97,11.67,13.11,15.81,19.32,17.91,193.21,72.61,19.41,22.96,3.23,1.14
4.01,11.28,13.1,15.61,18.83,17.5,190.31,79.7,20.7,22.27,3.56,1.07
4.52,10.89,13.63,16.32,19.62,18.27,187.65,85.22,21.2,23.47,3.78,1.05
4.45,10.5,13.35,15.85,19.15,17.92,184.49,81.59,21.29,21.97,3.87,1.04
4.19,10.1,12.89,15.35,18.56,17.17,183.83,80.11,21.71,21.57,3.79,0.98
3.73,9.71,12.5,14.88,18.04,16.45,184.11,82.04,21.45,20.98,3.62,0.97
3.89,9.31,12.12,14.19,17.25,15.42,182.85,82.58,21.45,19.81,3.33,0.9
3.86,8.91,12.07,13.96,16.78,14.96,179.69,85.49,21.18,19.97,3.14,0.87
3.76,8.51,11.75,13.27,16.04,14.1,174.88,82.84,21.19,19.93,2.81,0.8
3.71,8.1,12.05,13.74,16.62,14.69,180.95,82.75,22.41,19.98,2.87,0.85
3.78,7.7,12.61,14.23,17.15,15.5,185.85,80.02,22.57,20.9,2.78,0.9
3.73,7.29,13.28,15.28,18.56,17.17,186.57,79.85,23.35,22.49,3.21,0.97
3.76,6.88,12.68,14.59,17.55,16.04,181.22,77.93,24.09,21.35,3,0.91
3.91,6.47,12.48,14.38,17.32,15.54,183.57,77.97,24.47,20.79,2.74,0.91
3.95,6.05,12.3,14.24,16.95,15.04,184.06,78.04,24.56,20.05,2.65,0.84
4.01,5.63,12.47,14.39,17.32,15.41,185.75,77.04,25.94,20.22,2.57,0.83
4.06,5.22,12.66,14.57,17.48,15.66,186.19,76.98,25.73,20.37,2.5,-2.53
4.02,4.79,12.57,14.44,17.25,15.45,186.01,77.46,25.99,19.84,2.43,0.8
3.91,4.37,12.2,13.99,16.95,15.08,186.12,77.72,25.9,19.01,2.37,0.77
3.95,4.05,12.1,13.89,17.04,15.29,184.48,78.09,16.94,19.55,2.3,0.78
3.66,4.07,11.98,13.7,16.9,15.13,184.29,76.24,17.04,18.78,2.18,0.78
3.41,3.95,11.81,13.55,16.81,14.95,182.46,72.52,16.14,18.39,2.08,0.79
3.25,4.01,11.87,13.44,16.82,14.85,183.67,73.07,16.76,18.2,2,0.85
3.16,4.03,12.07,13.71,17.39,15.47,181.28,72.81,16.27,19.22,2.29,0.91
3.34,4.39,11.91,13.36,17.06,15.18,180.93,74.07,16.89,18.54,2.1,0.84
3.25,4.59,11.8,13.23,16.97,15.02,181.58,73.42,16.36,18.2,2.25,0.82
3.5,4.49,12.08,13.63,17.46,15.59,179.85,73.7,16.42,18.91,2.43,0.83
3.26,4.39,12.1,13.68,17.53,15.67,182.06,74.02,16.59,18.6,2.53,0.84
3.36,4.32,12.09,13.64,17.51,15.69,182.92,74,17.05,18.2,2.56,0.86
3.45,4.31,11.71,13.34,17.23,15.27,183.12,73.46,17.01,17.97,2.59,0.86
3.38,4.35,11.43,12.99,16.85,14.79,183.75,73.86,16.38,17.2,2.31,0.84
3.25,4.35,11.57,13.16,17.07,15.01,185.88,73.78,16.46,17.34,2.4,0.84
3.36,4.26,11.6,13.12,17.08,14.98,188.9,70.95,16.76,17.34,2.4,0.84
3.25,4.29,11.54,13,16.95,14.71,188.05,75.26,17,17.08,2.38,0.82
3.2,4.26,11.75,13.23,17.14,14.91,186.87,76.28,17.01,17.21,2.42,0.82
3.22,4.27,11.86,13.16,16.95,14.78,188.1,77.8,16.72,16.94,2.45,-1.24
3.26,4.29,11.73,12.99,16.74,14.65,189.66,78.35,16.53,16.55,2.4,0.82
3.28,4.24,11.38,12.93,16.71,14.65,189.23,75.35,16.64,16.27,2.31,0.8
3.17,4.16,11.29,12.66,16.22,13.98,188.38,73.41,16.42,15.71,2.5,0.87
3.09,4.13,11.98,13.3,17.11,15.02,189.74,75.81,16.12,17.13,3.01,0.93
3.06,4.16,12.12,13.47,17.29,15.33,189.36,75.24,15.85,17.23,3.18,-0.86
3.08,4.21,11.91,13.25,16.9,14.97,188.37,73.67,15.47,16.42,3.03,0.96
3.15,4.25,11.84,13.1,16.72,14.76,189.51,75.1,15.07,16.02,2.88,1.09
3.22,4.19,11.63,12.81,16.47,14.43,190.43,77.53,15.19,15.53,2.99,1.19
3.13,4.06,11.29,12.54,16.27,14.06,183.79,76.33,15.03,15.33,2.85,1.05
3.06,4.3,11.33,12.54,16.37,14.06,190.41,77.07,15.02,15.8,2.71,1.04
2.95,4.41,11.54,12.78,16.74,14.45,193.63,78.49,15.38,15.83,3,1.05
2.96,4.38,11.47,12.64,16.42,14.12,188.28,80.29,15.73,15.55,2.75,1.05
2.86,4.5,11.84,13.25,17.33,15.05,188.44,83.65,15.88,17.37,2.89,1.06
2.91,4.62,12.04,13.41,17.82,15.43,190.9,84.42,16.2,21.23,2.87,1.11
2.97,4.91,12.83,14.35,18.75,16.66,190.85,82.67,16.8,21.33,3.38,1.16
3.09,4.62,12.89,14.4,18.67,16.81,190.76,83.11,16.89,20.46,3.26,1.16
2.98,4.62,12.94,14.45,18.73,16.95,189.95,82.54,17.31,20.95,3.47,1.18
3.02,4.55,12.79,14.35,18.57,16.76,189.66,81.61,17.36,21.37,3.53,0.21
3.03,4.54,12.6,14.16,18.3,16.5,190.27,81.53,16.89,21.21,3.35,1.17
2.85,4.7,12.6,14.1,18.26,16.57,191.95,81.77,16.29,20.85,3.07,1.14
2.92,4.39,12.48,14,18.26,16.51,193.99,79.45,16.36,21.21,2.83,1.11
2.85,4.28,12.01,13.42,17.46,15.57,191.56,80.75,16.08,19.79,2.64,1.03
2.63,4.56,11.74,12.98,16.83,14.92,190.89,84.91,16.11,18.56,2.52,1.08
2.69,4.65,12.01,13.44,17.3,15.42,192.77,92.41,16.19,19.54,2.64,1.13
2.59,4.92,11.98,13.28,17.11,15.22,192.58,94.11,16.17,18.93,2.58,1.12
2.66,5.03,11.86,13,16.94,14.85,190.86,93.48,16.03,19.22,1.54,1.08
2.57,4.81,11.61,12.65,16.58,14.32,188.29,89.5,16.11,17.55,1.2,1.07
2.86,4.95,11.56,12.66,16.65,14.39,189.19,92.3,16.3,17.28,1.35,1.04
2.92,4.89,11.71,12.92,16.95,14.79,192.93,94.98,16.7,18.15,1.44,1.04
3.32,4.97,11.7,12.76,16.73,14.57,197.14,95.06,16.98,17.61,1.32,1.02
3.15,5.28,11.8,12.6,16.48,14.2,199.81,95.17,17.31,17.81,1.3,0.99
3.33,5.98,11.33,12.36,16.09,13.85,200.19,92.53,17.15,16.93,1.22,0.94
3.36,5.73,11.09,12.16,15.85,13.46,200.07,92.06,17.44,16.03,1.15,0.9
3.61,5.88,11.2,12.37,16.07,13.72,199.95,92.58,17.27,16.85,1.18,0.89
3.85,5.85,10.98,12.15,15.8,13.32,198.75,92.85,17.49,16.33,1.18,0.81
3.81,5.8,11,12.13,15.83,13.3,201.19,94.38,17.26,16.15,1.18,0.81
3.75,6.34,11.45,12.65,16.42,13.97,203.83,98.99,17.77,17.39,1.33,0.83
3.57,6.37,11.56,12.71,16.5,14.07,203.71,100.91,17.62,17.24,1.38,2.12
3.4,6.28,11.46,12.53,16.36,13.87,203.82,102.3,17.19,17.1,1.36,0.85
3.33,6.54,11.47,12.59,16.5,13.93,206.64,105.81,17.19,18.51,1.36,0.81
3.11,6.43,11.52,12.72,16.64,14.07,208.34,106.97,17.21,19.24,1.39,0.84
3.3,6.22,11.31,12.46,16.46,13.84,207.41,105.54,17.23,19.36,1.54,0.82
3.28,5.54,10.82,11.84,15.58,13.08,201.55,102.26,16.37,17.29,1.6,0.79
3.18,5.21,10.4,11.41,15.08,12.54,195.29,96.48,15.99,16.59,1.49,0.76
3.13,5.39,10.2,11.23,14.92,12.28,190.99,96.11,15.87,15.89,1.46,0.75
2.94,4.98,9.61,10.72,14.17,11.68,175.66,94.98,15.36,14.59,1.43,0.67
3.19,5.53,9.8,10.79,13.96,11.47,172.38,91.94,15.03,14.4,1.46,0.63
3.47,5.43,9.8,10.79,14.21,11.5,177.22,97.8,15.56,15.3,1.49,0.67
3.29,5.43,9.56,10.46,13.73,11.17,177.4,95.45,14.84,13.01,1.5,0.65
3.66,5.35,9.94,10.79,14.32,11.65,185.97,98.13,15.95,12.51,1.66,0.66
3.56,4.95,9.54,10.35,13.73,11.08,182.68,96.15,16,11.2,1.51,0.64
3.6,4.72,9.12,9.92,13.1,10.47,179.17,93.73,15.28,10.03,1.44,0.6
3.06,3.91,8.16,8.81,11.76,9.5,164.24,83.11,13.81,7.68,1.25,0.47
3.08,4.43,8.39,9.18,12.12,9.64,165.39,85.92,13.96,7.85,1.06,0.52
2.96,3.91,7.74,8.57,11.33,9.06,155.18,76.84,13.43,7.08,0.92,0.51
2.66,3.61,6.69,7.45,9.93,7.69,131.56,65.69,11.04,5.96,0.82,0.47
1.82,3.68,7.13,7.85,10.32,7.8,133.01,71.53,11.56,4.03,0.75,0.48
1.57,2.95,6.31,7.18,9.55,7.42,124.75,56.9,9.87,3.05,0.72,0.49
2.15,3.25,6.6,7.42,9.94,7.49,124.45,59,11.24,2.9,0.68,0.45
2.01,2.88,6,6.86,9.17,6.96,121.25,46.53,9.11,2.47,0.59,0.4
2.38,3,6.29,7.22,9.65,7.41,123.07,51.62,10.48,3.73,0.69,0.42
2.19,3.07,6.54,7.47,9.75,7.87,119.7,59.79,10.52,3.85,0.81,0.47
1.94,3.29,6.69,7.51,9.67,7.85,105.69,60.56,11.07,3.85,0.75,0.49
2.14,3.59,7.35,8.06,10.39,8.33,123.82,65.56,12.26,4.02,0.79,0.54
2.01,3.82,7.62,8.57,11,8.94,126.43,73.87,12.52,5.05,0.8,0.67
2.17,4.39,8.23,9.25,12.07,9.85,140.68,84,13.34,7.87,1.03,0.74
2.26,4.35,8.12,9.19,12.12,9.95,145.19,79.05,12.61,9.1,1.06,0.7
2.45,4,7.87,8.88,11.6,9.3,146.66,80.08,13.26,6.61,0.98,0.64
2.56,3.81,7.8,8.78,11.47,9.24,143.26,75.32,13.2,6.88,0.64,1
2.17,3.37,7.25,8.22,10.59,8.55,136.92,69.03,12.43,5.86,0.57,5.85
2.29,3.35,7.3,8.34,10.83,8.66,129.99,68.73,12.7,6.07,0.49,5.98
2.26,3.24,7.17,8.11,10.48,8.34,132.03,66.85,12.82,5.51,0.47,6.11
2.56,3.38,7.43,8.53,10.92,8.7,142.09,70.44,13.41,5.97,0.53,6.24
2.51,3.34,7.49,8.57,10.98,8.73,149.6,70.12,13.4,6.38,0.52,6.37
2.45,3.71,7.66,8.9,11.31,8.95,157.76,69.01,14.1,6.98,0.56,6.51
2.48,3.79,7.79,8.95,11.51,8.99,166.13,75.58,13.77,6.77,0.62,6.64
2.41,3.93,7.87,8.97,11.42,8.98,160.63,74.8,13.7,6.46,0.62,6.78
2.34,4.17,7.96,9.12,11.42,9.08,157.64,73.01,14.17,6.56,0.59,6.91
2.39,4.31,8.03,9.32,11.65,9.25,167.84,76.3,14.58,7.03,0.59,7.05
2.4,4.24,7.87,9.18,11.4,9.12,162.23,71.35,13.94,6.8,0.58,7.19
2.25,4.25,7.71,9.03,11.1,8.9,162.16,73.11,14.1,6.34,0.54,7.33
2.28,4.21,7.95,9.36,11.52,9.11,162.7,73.35,14.66,6.5,0.54,7.47
2.35,4.24,8.04,9.4,11.56,9.15,156.62,71.85,14.86,6.75,0.58,7.61
2.38,4.18,8,9.27,11.33,9.08,152.79,71.03,15.42,6.81,0.54,7.75
2.67,4.18,8.06,9.27,11.39,9.02,155.23,71.54,15.71,6.8,0.52,7.9
2.48,4.15,8.23,9.48,11.53,9.14,153.07,72.89,15.68,6.82,0.53,8.04
2.68,4.35,8.43,9.67,11.9,9.41,158.8,74.18,15.84,8.08,0.51,8.19
2.84,4.57,8.82,10.09,12.38,10,163.16,76.51,16.16,8.44,0.49,8.33
2.9,4.62,8.72,9.9,12.29,9.8,167.42,77,15.58,8.05,0.5,8.48
2.84,4.8,8.89,10.07,12.44,9.99,169.46,80,15.89,8.12,0.5,8.63
2.7,4.7,8.69,9.79,12.03,9.62,164.69,78.01,14.85,8.07,0.57,8.78
2.49,4.58,8.42,9.43,11.55,9.21,161.57,74.92,14.26,7.24,0.64,8.93
2.4,4.82,8.53,9.64,11.94,9.49,163.85,76.5,14.53,7.66,0.57,9.08
2.42,4.88,8.64,9.69,11.82,9.49,163.02,76.85,14.62,7.39,0.55,9.21
2.34,4.6,8.63,9.68,11.75,9.5,165.51,78.1,14.99,7.47,0.56,9.28
2.51,4.59,8.65,9.71,11.78,9.58,164.94,75.53,14.77,7.64,0.52,9.19
2.68,4.82,8.79,9.73,11.86,9.45,166.06,74.86,14.23,7.79,0.52,9.15
3.48,5.05,8.74,9.73,11.73,9.36,163.31,73.39,15.84,8.09,0.51,9.4
3.26,4.66,8.75,9.66,11.54,9.21,160.58,74.14,15.13,7.48,0.49,9.25
3.23,4.69,8.41,9.15,10.95,8.55,155.32,70.87,14.16,7.2,0.41,8.94
3.14,5.46,8.59,9.41,11.1,8.78,157.96,71.69,15.11,7.19,0.39,8.98
3.42,5.37,9.08,9.89,11.99,9.8,158.51,74.07,15.05,7.77,0.55,9.04
3.51,5.55,9.77,10.34,12.92,11.14,168.51,76.09,15.07,7.98,0.61,8.69
3.54,5.96,9.76,10.5,12.66,10.85,168.82,77.74,15.24,8.16,0.58,8.25
3.6,6,9.88,10.65,12.72,10.59,172.58,79.03,15.99,8.06,0.55,8.3
3.66,5.99,10.23,11.09,13.47,11.56,171,80.5,15.94,9.68,0.6,8.69
3.51,6.66,10.85,11.75,14,12.29,172.31,82.92,16.46,10.29,0.86,8.82
3.53,6.57,11.21,12.09,14.27,12.73,174.14,84.85,16.61,10.62,0.95,8.75
3.56,6.42,11.2,12.05,14.3,12.75,176.65,85,16.32,10.8,0.91,8.9
3.37,6.86,11.02,11.9,14.24,12.44,179.26,84.27,16.08,10.65,0.87,8.83
3.18,6.5,11.08,12.02,14.35,12.49,175.44,85.79,16.25,10.39,0.88,8.75
3.72,6.61,10.78,11.45,13.75,11.69,172.7,81.69,15.87,9.85,0.86,8.94
5.37,6.8,10.88,11.64,13.85,11.92,173.32,87.33,15.72,10.05,0.87,9.38
4.86,7.24,10.95,11.74,13.9,11.87,173.01,87.99,15.88,10.03,0.83,9.74
5.01,6.67,11.2,11.88,14.05,12.08,174.82,90.31,16.09,10.1,0.83,9.79
4.87,6.84,11.21,11.84,14.05,12.1,175.73,90.23,15.62,10.1,0.81,9.74
4.68,6.77,11.23,11.81,14.02,12.09,181.42,93.47,15.38,9.5,0.83,9.96
4.39,7.13,11.85,12.58,15.28,13.5,185.93,95.86,16.4,10.44,1.09,9.86
4.32,7.78,11.82,12.45,14.96,13.07,183.45,92.86,16.08,10.15,1.1,9.55
4.05,7.58,11.73,12.37,14.79,12.93,180.55,92.42,16.48,9.69,1.1,9.47
3.74,6.58,10.59,11.23,13.44,11.58,168.67,87.34,14.98,8.38,0.91,9.64
3.9,6.57,10.78,11.37,13.73,11.8,170.29,90.04,15.06,8.41,0.98,10.11
3.88,6.62,10.88,11.52,13.6,11.84,173.7,95.75,15.52,8.44,1,9.78
3.99,6.75,11,11.71,13.85,11.91,177.59,98.71,15.78,8.25,1.01,8.24
3.84,6.54,10.92,11.51,13.59,11.63,178.72,98.26,15.85,8.1,0.93,7.68
3.9,7.41,11.14,11.74,13.65,11.64,184.25,98.98,16.2,8.57,0.9,7.88
3.9,7.35,10.93,11.62,13.51,11.57,181.29,95.66,16.62,8.31,0.88,7.99
4.41,7.07,10.96,11.6,13.47,11.55,179.73,95.89,17.33,8.41,0.85,7.77
4.25,6.99,11.02,11.66,13.55,11.6,180.46,96.09,17.31,8.57,0.91,7.55
4.09,7.02,10.59,11.4,13.2,11.29,171.71,91.89,16.79,8.18,0.85,7.4
4.06,7.07,10.52,11.4,13.23,11.09,173.39,92.63,17.3,8.57,0.85,7.37
4.23,6.53,10.34,11.06,12.83,10.81,169.12,89.25,17.03,7.93,0.81,7.56
4.18,6.03,10.37,11.21,13,10.55,174.17,90.42,16.8,7.71,0.83,7.75
4.28,6.86,10.2,11.02,12.86,10.24,174.42,88.04,17.1,7.11,0.8,7.64
4.53,6.88,10.39,11.22,12.96,10.34,185.88,93.77,17.71,7.03,0.8,7.4
4.78,6.79,10.26,11.15,12.91,10.3,185.81,92.71,17.52,6.96,0.78,7.48
4.87,6.91,10.3,11.33,12.98,10.43,186.44,95.14,17.5,7.41,0.8,7.24
4.77,6.98,10.42,11.47,13.08,10.49,186.5,96.47,17.58,7.84,0.81,7.03
4.59,6.85,10.39,11.26,13.07,10.3,182.5,91.69,17.51,7.7,0.77,7.17
4.62,6.87,10.4,11.3,13.05,10.35,183.51,91.97,17.76,7.58,0.78,6.98
4.37,6.71,10.25,11.16,12.79,10.1,182.48,89.75,17.65,7.45,0.8,6.77
4.43,6.62,10.62,11.39,13.1,10.46,184.93,90.76,17.64,8.01,0.81,6.91
4.21,6.82,10.72,11.41,13.05,10.52,179.81,89.59,17.56,7.47,0.84,7.25
4.57,7.18,10.89,11.6,13.25,10.52,179.26,91.5,17.58,7.6,0.84,7.19
4.29,7.24,11.09,11.93,13.63,10.85,182.63,93.45,17.93,7.84,0.88,7.06
4.32,7.28,11,11.91,13.51,10.84,181.28,92.76,17.68,7.65,0.91,7.12
4.15,7.2,11.02,11.91,13.49,10.72,180.62,93.95,17.78,7.37,0.85,7.21
4.09,7.38,11.1,11.93,13.35,10.71,177.64,94.66,17.86,7.16,0.84,7.22
4.26,7.85,11.25,11.97,13.4,10.65,180.7,94.91,17.64,7.4,0.81,7.35
4.19,7.7,11.16,11.86,13.22,10.5,179.49,96.11,17.69,7.25,0.73,7.56
4.2,7.56,11.07,11.67,13.09,10.33,179,97.6,17.63,7.33,0.7,7.55
4.27,7.25,11,11.53,12.95,10.28,179.86,93.06,17.15,7.14,0.69,7.37
4.55,7.35,11.35,11.86,13.29,10.55,178.9,95.63,17.37,7.39,0.6,7.26
4.44,7.54,11.75,12.25,13.73,11.02,179.56,98.96,17.04,8.12,0.62,7.17
4.35,8.52,11.64,12.09,13.29,10.49,181.62,104.14,16.89,7.53,0.6,6.88
4.38,8.69,11.69,12.13,13.28,10.33,180.92,105.32,16.98,7.56,0.57,6.68
4.29,8.45,11.56,11.97,12.97,10.25,178.22,104.23,16.46,7.4,0.6,6.22
4.58,8.9,11.78,12.25,13.34,10.47,173.29,103.96,17.15,7.45,0.59,5.62
4.9,9.12,11.99,12.44,13.59,10.79,171.7,105.98,17.24,8.7,0.6,5.9
4.94,9.11,12.01,12.44,13.5,10.66,173.47,107.05,17.22,8.12,0.58,6.11
4.04,8.7,11.95,11.95,12.99,10.19,171.17,111.17,16.99,7.78,0.57,5.92
3.86,9.04,11.64,11.63,12.6,9.88,172.34,114.63,16.97,7.47,0.55,5.78
3.86,9.27,12.11,12.01,12.94,10.25,171.57,116.96,17.28,7.99,0.54,5.85
3.62,8.63,11.85,11.64,12.69,9.95,172.91,113.94,17.49,6.93,0.54,5.73
3.52,8.77,11.89,11.63,12.77,9.88,175.51,117.49,17.06,6.9,0.56,5.62
3.55,12.5,12.24,12.14,12.86,10.09,176.65,118.88,16.87,7.07,0.7,5.87
3.35,13.24,12.36,12.09,12.7,10.09,176.11,119.91,16.29,7.26,0.46,5.78
3.43,16.16,12.44,12.42,12.72,9.9,173.8,121.25,16.89,7.06,0.46,5.8
3.53,17.67,12.38,12.5,12.69,9.9,178.12,119.14,16.54,6.99,0.43,6.11
3.63,22.03,12.6,12.76,12.73,9.84,180,119.59,16.26,7.05,0.41,6.22
3.46,18.23,12.29,12.52,12.57,9.6,178.4,121.76,16.34,6.9,0.38,6.14
3.4,17.35,12,12.3,12.37,9.47,179.3,120.86,15.84,6.65,0.38,6.05
3.45,14.37,11.98,12.14,12.4,9.45,181.5,121.14,15.42,6.74,0.34,5.99
3.3,14.92,12.25,12.25,12.49,9.38,180.19,123.22,15.61,6.64,0.33,5.86
3.23,14.05,12,12.16,12.34,9.42,181.4,123.43,15.32,6.48,0.32,5.83
3.2,15.06,12.07,12.2,12.37,9.35,182.66,124.61,15.13,6.44,0.31,5.91
3.38,16.35,12.55,12.5,12.67,9.54,185.49,125.21,15.37,6.59,0.34,5.9
3.27,15.96,12.57,12.38,12.63,9.67,184.48,123.13,15.52,6.7,0.34,5.68
3.41,16.05,12.39,12.28,12.37,9.42,185.96,125.06,15.08,6.45,0.31,5.62
3.61,15.71,12.26,12.25,12.41,9.45,188.05,125.91,15.77,6.41,0.31,5.76
3.26,14.54,11.95,12.03,12.24,9.25,190.63,123.18,15.81,6.06,0.31,5.9
3.06,14.25,11.78,11.82,12.1,9.19,191.52,117.72,15.23,5.93,0.31,5.92
3,13.9,11.54,11.66,11.71,8.73,189.14,115.67,15.15,5.79,0.31,5.78
3.01,13.93,11.42,11.68,11.43,8.32,187.77,118.41,15.47,5.66,0.31,5.58
3.13,14.64,11.57,11.87,11.55,8.45,189.93,123.44,15.62,5.65,0.3,5.5
3.13,14.17,11.48,11.74,11.44,8.44,188.73,123.27,15.11,5.64,0.3,5.36
2.33,13.7,11.39,11.69,11.25,8.2,188.87,121.63,14.94,5.33,0.29,5.21
2.43,14.96,11.56,11.94,11.47,8.3,195.31,120.29,15.5,5.3,0.28,5.19
2.63,15.53,11.61,12.05,11.35,8.31,196.59,125.85,15.27,5.29,0.27,5.29
2.73,16.38,11.76,12.15,11.41,8.36,193.21,128.07,15.13,5.65,0.27,5.28
2.89,15.72,11.59,11.98,11.29,8.29,192.26,126.34,14.78,5.46,0.26,5.22
2.83,15.95,11.49,11.92,11.17,8.17,187.84,124.8,14.5,5.34,0.26,5.2
2.82,16.65,11.17,11.68,10.83,7.9,185.07,123.25,14.16,5.02,0.23,5.23
2.77,16.42,11.25,11.78,11.06,8.09,188.55,124.48,14.16,5.37,0.23,5.32
2.54,15.18,10.76,11.24,10.41,7.5,186.64,118.13,13.74,4.71,0.21,5.36
2.65,14.79,10.52,11.1,10.37,7.33,181.95,119.35,13.36,4.76,0.19,5.31
2.7,15.07,10.75,11.19,10.42,7.35,181.82,123.43,12.96,4.8,0.18,5.28
2.77,14.68,10.74,11.21,10.39,7.33,185.54,128.3,12.4,4.83,0.19,5.13
2.92,16.01,10.86,11.31,10.41,7.41,187.53,124.81,12.35,4.82,0.19,4.99
2.92,15.97,10.75,11.29,10.4,7.33,189.58,124.11,12.73,4.86,0.24,5
3.11,15.37,10.69,11.21,10.38,7.35,184.61,125.09,12.76,4.92,0.26,5.02
3.05,15.18,10.69,11.13,10.36,7.3,185.61,125.31,13.19,4.81,0.24,4.95
3.18,16.18,10.99,11.62,10.81,7.59,183.67,126.88,13.77,5.39,0.23,5
3.12,16.05,10.9,11.46,10.53,7.43,180.73,124.44,13.6,4.92,0.22,5.33
3.22,17.37,11.26,11.96,10.95,7.73,181.48,130.11,13.92,5.2,0.22,5.32
3.09,17.89,11.88,12.59,11.53,8.37,185.15,130.05,14.11,6.14,0.22,5.13
3.13,18.05,12.07,12.77,11.57,8.55,186.66,131.23,13.99,6.04,0.22,5.09
3.02,17.67,12.36,13.12,11.84,8.74,187.05,134.21,14,6.31,0.22,5.17
3,18.42,12.34,12.92,11.58,8.56,187.53,135.77,13.73,5.94,0.21,5.1
2.95,17.43,12.16,12.67,11.46,8.4,183.12,131.4,13.41,5.99,0.2,4.99
3.03,17.34,11.86,12.31,11.2,8.11,181.61,131.48,13.08,5.58,0.19,4.97
2.83,17.4,11.83,12.31,11.15,8.14,181.48,129.68,14.02,5.56,0.19,4.99
2.94,18.38,11.99,12.66,11.46,8.49,180.64,129.14,13.96,6.46,0.19,4.99
2.85,17.99,11.99,12.52,11.3,8.5,180.34,128.66,14.86,6.27,0.18,5.05
2.74,19.09,12.08,12.59,11.42,8.38,179.64,126.64,14.13,6.45,0.17,5.12
2.86,20.52,12.3,12.82,11.63,8.41,178.45,127.33,14.3,6.81,0.17,5.02
3.05,20.62,12.25,12.63,11.55,8.26,179.5,124.21,14.28,6.73,0.18,4.98
2.87,17.97,11.76,12.14,11.07,7.9,174.97,121.75,13.94,5.85,0.17,5.12
2.82,17.87,11.78,12.17,11.03,7.97,172.32,121.71,13.77,5.59,0.17,5.3
2.69,16.5,11.36,11.82,10.76,7.72,165.15,121.5,13.22,5.65,0.16,5.18
2.65,17.18,11.54,12,10.94,7.88,165.85,119.93,13.18,5.96,0.16,4.48
2.5,16.71,11.45,11.96,10.75,7.7,165.23,116.64,13.28,5.72,0.14,3.75
2.61,18.54,12.08,12.53,11.42,8.32,176.38,122.53,12.74,6.65,0.16,3.63
2.7,18.31,12.26,12.76,11.64,8.4,184.84,122.92,13.18,6.61,0.19,3.32
2.63,18.95,12.31,12.77,11.29,8.05,180.9,133.29,13.98,5.99,0.17,3.16
2.13,23.04,13.47,14,12.46,9.17,183.48,155.86,13.89,7.8,0.22,3.07
1.9,22.98,13.94,14.67,13.58,10.37,185.84,152.38,13.98,9.63,0.25,2.6
2.15,21.57,13.94,14.63,13.82,10.56,200.75,145.05,14.5,10.07,0.46,2.83
2.12,19.43,13.74,14.18,13.1,9.8,200.64,153.5,15.03,8.32,0.44,3.04
2.04,20.92,13.79,14.44,13.07,9.78,194.52,155.37,15.66,8.04,0.39,2.74
2.21,24.3,13.74,14.33,12.78,9.54,194.91,155.5,15.21,7.43,0.28,2.8
2.34,25.55,13.89,14.66,13.05,9.8,202.1,152.48,15.43,7.62,0.28,2.94
2.32,26.57,14.14,15,13.19,9.7,206.33,153.5,15.7,7.32,0.26,2.91
2.26,27.73,14.51,15.54,13.53,9.79,205.17,149.78,16.19,7.23,0.24,2.78
2.25,28.89,14.4,15.39,13.36,9.64,203.75,150.07,15.68,7.15,0.26,2.73
2.27,29.49,14.51,15.5,13.39,9.6,204.21,153.47,15.92,6.73,0.26,2.73
2.3,29.16,14.25,15.4,13.35,9.65,200.59,151.96,15.33,7.36,0.25,2.53
2.43,31.51,14.73,16.04,13.53,9.65,201.58,153.9,14.99,6.68,0.24,2.07
2.62,32.91,15.28,16.78,14.4,10.6,207.83,154.83,15.21,7.82,0.3,1.91
2.88,33.54,15.68,17.03,14.34,10.58,204.85,156.52,15.06,7.49,0.28,2.1
2.93,34.61,16.05,17.32,14.48,10.68,203.48,157.79,15.01,7.62,0.22,2.29
2.91,35.59,16.55,17.95,15.19,11.38,204.81,156.72,14.95,8.5,0.37,2.2
2.93,35.2,16.93,18.45,15.83,12.09,205.9,153.73,14.69,9.04,0.72,2.13
2.76,33.37,16.36,17.45,15,11.29,205.77,154.37,14.68,8.07,0.65,2.24
2.75,35.42,16.66,18.01,15.53,11.85,205,153.21,14.9,8.63,0.8,2.35
2.64,35.3,16.8,18.22,15.83,12.14,210,147.66,15.05,9.07,0.77,2.2
2.99,35.02,17.11,18.41,15.77,12.12,213.79,153.03,15.08,8.61,0.66,2.23
3.19,34.23,16.82,18.15,15.5,11.84,212.12,154.74,15.03,8.22,0.53,2.27
3.27,34.17,16.73,18.01,15.65,11.81,213.01,156.03,14.89,8.3,0.51,2.18
3.1,31.39,16.19,17.13,15.08,11.3,209.39,158.12,14.86,7.93,0.49,2.18
3.2,33.2,16.5,17.54,15.29,11.32,207.29,161.18,15.23,8.08,0.47,2.22
3.5,32.78,16.36,17.53,15.11,11.12,205.25,161.14,14.91,7.78,0.5,2.13
3.26,32.79,16.26,17.21,14.78,10.81,206.98,168.86,14.92,7.38,0.51,2.24
3.42,34.7,16.48,17.76,15.19,11.15,212.37,176.9,15.16,7.87,0.5,3.09
4.11,38.71,16.99,18.24,15.42,11.32,214.83,182.41,14.9,9.34,0.48,2.91
4.08,37.51,16.91,17.97,15.22,10.96,217.93,188.86,14.55,8.96,0.44,2.19
4.36,38.65,17,17.96,15.16,10.93,218.66,188.09,15.13,8.89,0.43,2.23
4.83,40.67,16.9,18.13,14.8,10.63,214.57,192.98,14.95,8.39,0.5,2.2
5.22,42.14,17.11,18.29,14.89,10.6,212.95,197.63,15.5,8.46,0.48,2.05
5.6,41.24,17.46,18.74,15.21,10.88,215.49,188.76,15.71,8.89,0.5,2.01
5.44,41.29,17.61,18.68,15,10.59,215.91,188.95,15.72,8.59,0.47,2.09
5.83,40.79,17.73,18.57,14.87,10.44,217.51,189.55,15.82,8.46,0.47,2.06
5.99,39.31,17.52,18.09,14.66,10.34,218.64,186.17,15.71,8.38,0.48,2
5.58,38.5,17,17.3,14.31,10.11,217.54,181.45,15.3,8.22,0.46,1.96
6.57,41.35,17.19,17.77,14.61,10.18,218.29,183.68,15.38,8.62,0.48,1.88
6.18,40.19,17.04,17.48,14.38,9.99,219.05,183.16,15.14,8.27,0.47,1.9
6.26,39.08,17.25,17.6,14.51,10.12,218.38,179.49,15.07,8.47,0.51,1.92
7.04,39.09,17.65,18.1,14.86,10.48,216.74,177.63,15.12,9,0.55,1.86
8.01,40.29,18.05,18.74,15.28,10.92,216.98,180.06,15.16,9.51,0.54,1.81
8.91,44.4,19.2,20.16,16.53,11.81,224.42,179.19,15.63,10.77,0.6,1.75
8.73,46.65,19.76,20.84,16.95,12.24,228.76,174.3,16.1,11.34,0.69,1.68
8.33,45.33,19.74,20.69,16.82,12.16,230.23,178.38,16,11.32,0.68,1.67
9.01,51.56,20.62,21.8,17.49,12.75,226.88,189.41,16.42,12.33,0.71,1.76
9.35,50.31,20.7,21.8,17.7,13.07,228.09,185.44,17.12,13.33,0.67,1.78
9.31,47.99,21.51,22.31,18.36,13.89,224.57,187.12,17.47,15.02,0.66,1.73
10.46,50.48,22.42,23.91,19.91,15.41,223.9,190.08,18.06,18.56,0.69,1.69
11.29,51.1,21.86,23.64,19.8,15.45,220,189.3,18.56,19.69,0.71,1.67
11.56,52.05,21.81,23.8,19.94,15.55,219.48,187.63,19.29,20.21,0.71,1.65
11.36,52.29,22.12,24.22,20.17,15.69,223.01,189.31,20.1,20.09,0.69,1.66
10.7,50.22,22.06,24.06,19.78,15.41,227.58,195.43,20.26,18.8,0.68,1.75
10.06,48.86,21.99,24.06,19.45,15.15,228.69,197.24,18.98,17.92,0.66,1.79
10.39,49.84,22,23.98,19.39,14.88,226.92,194.31,19.15,18,0.64,1.74
9.49,48.34,21.53,23.01,18.69,14.09,222.23,193.94,19.65,17.19,0.6,1.67
10.03,48.36,21.79,23.85,19.52,14.85,219.9,201.09,19.21,19.03,0.56,1.67
9.02,44.59,21.2,23.45,19.39,14.85,213.42,188,18.51,18.68,0.6,1.68
9.31,45.85,21.47,23.76,19.59,14.9,216.74,191.69,18.48,18.71,0.82,1.65
9.41,43.19,21.1,23.4,19.05,14.53,210.93,187.12,18.71,18.16,0.82,1.62
9.58,46.18,21.58,24.04,19.28,14.73,215.19,194.58,18.7,19.07,1.22,1.61
9.73,51.05,23.15,25.97,21.21,16.59,217.92,204.65,18.82,23.49,1.04,1.58
11.79,55.77,25.27,28.74,23.35,18.35,216.24,208.8,19.84,26.29,1.21,1.44
12.06,57.41,25.87,29.18,23.48,18.63,223.51,208.86,19.33,26.77,1.16,1.28
12.13,58.19,26.03,29.18,23.31,18.35,227.93,211.48,19.1,25.72,1.14,1.26
13.34,62.97,27.32,31.24,25.45,20.37,228.63,215.21,19.46,30.07,1.28,1.33
15.37,64.64,29,34.78,28.87,23.88,233.84,212.4,20.28,42.34,1.65,1.37
16.32,63.19,30.53,39.87,33.21,28.7,240.41,210.13,21.62,63.91,2.94,1.32
13.81,55.09,26.8,32.42,25.04,20.47,236.39,209.78,19.9,32.2,2.38,1.3
14.83,56.92,27.07,34.74,24.58,19.51,241.42,214.41,19.88,29.06,2.08,1.25
14.79,59.73,28.21,36.46,26.5,20.92,238.99,218.99,20.53,33.87,2.22,1.18
14.21,60.59,28.49,35.8,26.91,21.1,231.87,219.78,21.08,34.58,2.19,1.15
14.44,59.4,27.71,35.06,25.46,19.74,228.46,214.89,21.07,31.55,1.72,1.18
13.55,55.99,26.62,33.38,24.25,18.48,226.3,209.56,19.91,27.12,1.45,1.22
16.2,57.71,27.61,34.25,24.95,19.1,223.28,214.82,20.03,29.2,1.53,1.2
16.73,52.69,26.8,33.1,24.07,18.14,222.56,211.56,20.16,26.3,1.42,1.14
14.66,50.73,26,31.75,23.32,17.35,222.49,209.1,19.74,24.8,1.25,1.13
15.26,50.62,26.74,32.49,24.28,18.16,224.05,220.64,19.83,27.98,1.45,1.11
13.82,45.93,25.11,30.75,22.89,17.19,217.93,188.64,19.28,24.47,1.38,1.07
13.79,45.63,25.09,30.24,22.52,16.62,214.14,195,18.39,24.35,1.34,1.1
15.66,51.82,25.95,31.55,23.5,17.42,217.75,197.02,18.91,25.56,1.35,1.11
19.96,49.29,25.91,31,23.16,17.36,218.15,191.22,18.93,25.91,1.37,1.1
17.44,43.47,25.14,29.66,22.38,16.78,216.1,188.05,18.93,25.29,1.29,1.08
16.56,40.05,23.65,28.17,21.3,15.6,211.15,182.64,18.1,22.65,1.16,1.05
16.14,40.45,22.98,27.49,21.23,15.4,217.01,173.1,18.13,21.63,1.14,1.05
16.83,37.77,22.59,27.59,21.27,15.42,220.63,166,18.12,22.43,1.18,1.02
18.86,44.62,24.16,29.29,22.54,16.53,227.15,173.22,18.65,24.4,1.39,0.91
17.38,45.42,23.82,28.85,22.34,16.17,227.11,172.27,18.7,24.1,1.32,0.9
18.02,48.72,25.39,31.06,23.88,17.43,228.47,180.73,19.45,28.2,1.42,0.94
20.67,48.95,25.74,31.19,24.05,17.7,229.45,188.48,19.3,27.57,1.42,1.09
22.33,53.35,26.84,32.75,24.98,18.72,229.86,195.42,18.94,30.47,1.62,1.36
21.83,51.78,25.6,31.44,23.93,17.71,230.78,192.66,19.85,26.97,1.51,1.37
21.39,54.24,25.94,31.86,24.21,17.93,233.26,194.57,19.59,27.47,1.54,1.33
19.68,50.75,25.06,30.5,23.42,17.28,231.16,178.75,19.11,25.32,1.46,1.36
20.8,54.78,25.12,30.93,23.84,17.48,234.72,177.85,19.65,25.34,1.49,1.33
22.62,55.2,24.67,30.72,23.49,16.91,230.77,175.78,19.79,23.9,1.3,1.35
21.15,52.17,23.79,29.75,22.87,16.2,229.12,172,19.9,23.25,1.21,1.37
18.76,46.05,23,28.62,22.15,15.83,229.8,172.92,19.45,22.2,1.13,1.34
19.88,45.74,23.32,29.2,22.6,16.1,231.22,178.06,19.57,22.83,1.22,1.32
19.46,44.18,23.07,28.61,22.45,15.88,235.31,176.67,20.13,22.08,1.14,1.34
18.72,41.76,22.48,27.79,22.05,15.5,236.13,174.48,19.99,21.63,1.13,1.32
20.03,44.41,22.33,27.9,22.34,15.55,234.01,176.75,20.64,22.04,1.14,1.23
19.12,49.71,23.64,29.05,22.87,16.05,228.11,181.21,21.71,22.73,1.14,1.18
19.37,50.54,23.87,29.54,22.87,16.05,229.7,186.6,21.78,22.33,1.11,1.12
18.62,50.4,23.9,29.67,22.96,16.06,229.36,187.66,21.91,22.2,1.1,1.07
17.88,50.64,23.9,29.6,22.99,16,230.33,189.44,23.84,22.06,1.08,1.09
18.22,50.25,23.5,29.09,22.55,15.58,236.43,193.75,27.14,21.15,1.03,1.11
16.86,49.02,22.72,28.06,21.91,15.07,235.13,189.51,26.5,19.76,1.01,1.16
16.05,55.28,22.97,28.48,22.29,15.23,224.3,193.85,27.46,19.77,1.02,1.21
16.6,54.07,23.1,28.95,22.3,15.49,224.27,188.99,29.19,19.78,1.01,1.25
15.56,52.35,22.04,27.5,21.31,14.45,226.48,191.18,28.37,17.16,0.93,1.21
15.36,51.66,22.2,27.8,21.43,14.54,226.72,190.25,27.48,18.32,0.98,1.16
16.06,47.56,21.69,27.17,21.11,14.08,229.11,182.99,28.56,17.4,0.91,1.13
15.71,46.9,21.35,26.71,20.96,13.99,234.8,183.99,28.36,16.98,0.85,1.08
15.06,47.1,21.5,26.85,21.1,14.05,238.86,185.07,28.55,17.19,0.84,1.05
14.45,45.46,21.13,26.47,20.97,14.21,237.67,180.86,27.39,17.43,0.94,1.05
14.41,43.35,20.33,25.59,20.06,13.44,238.4,177.03,27.5,15.9,0.84,1.04
14.99,45.81,21.17,26.41,20.85,13.95,241.11,179.95,28.03,16.8,0.85,0.99
15.22,44.04,20.86,26.21,20.53,13.95,238.43,178,27.14,16.5,0.84,0.98
15.2,45.21,21.23,26.84,21.14,14.2,240.56,181.9,26.35,17.11,0.84,0.96
15.67,47.09,21.52,27.2,21.5,14.46,238.63,182.09,26.51,17.86,0.87,0.9
15.18,45.05,21.48,26.66,21.24,14.44,238.43,183.39,26.14,17.75,0.9,0.88
15.36,45.83,22.03,27.51,21.93,14.96,237.94,185,25.82,19.34,0.94,0.84
14.78,44.61,21.77,27.18,21.52,15.06,241.72,182.99,14.05,18.68,0.9,0.8
14.58,43.61,21.82,26.8,21.42,14.95,240.41,183.13,12.95,18.35,0.87,0.84
14.36,43.78,21.7,26.56,21.06,14.5,243.03,178.92,13.08,17.04,0.83,0.88
14.56,42.2,21.2,26.19,20.83,14.24,240.05,174.89,12.5,16.12,0.79,0.93
13.61,42.23,21.11,26.14,20.85,14.35,239.73,173.53,12.5,15.91,0.78,0.96
11.42,40.74,20.72,25.38,20.42,13.66,241.62,180.94,12.44,14.15,0.71,0.91
12.22,43.07,21.45,26.1,21.34,14.49,240.99,184.51,12.57,16.17,0.77,0.91
11.45,41.78,20.41,24.81,20.72,13.88,239.33,175.54,12.38,15.05,0.74,0.89
11.57,40.05,20.17,24.67,20.45,13.68,234,170.1,13.03,15.66,0.75,0.84
10.82,36.57,19.45,23.77,19.57,12.98,229.71,166.68,13.14,14.54,0.71,0.83
11,35.44,18.95,22.82,19.2,12.35,230.95,166.99,12.88,13.69,0.7,0.83
11.68,39.99,19.77,23.7,19.69,12.63,234.55,175.62,13.22,13.94,0.7,0.82
12.55,39.16,19.84,24,19.96,12.8,235.94,172.94,13.39,15.15,0.75,0.8
12.65,38.71,19.86,24.14,20.29,13.3,234.19,170.02,13.35,15.58,0.79,0.78
12.89,38.51,19.34,23.76,19.96,12.94,232.38,169.45,13.38,15.02,0.73,0.78
13.58,39,19.57,23.89,20.09,13.09,236.2,174.77,13.47,14.93,0.77,0.78
13.51,37.32,19.64,23.9,20.16,13.23,237.43,173.01,13.27,15.24,0.76,0.78
13.39,36.88,19.81,24.15,20.13,13.16,236.58,177.69,13.39,15.03,0.72,0.79
13.41,38.98,19.94,24.41,20.51,13.54,237.94,178.99,13.3,15.46,0.76,0.81
14.39,42.61,20.47,24.94,21.05,14.1,237.19,183.03,13.6,16.67,0.86,0.87
15.08,42.32,20.79,25.49,21.22,14.46,237.11,181.54,13.67,17.17,0.85,0.91
14.23,44.41,20.95,26.05,21.57,15.3,239.84,180.26,13.59,16.72,0.97,0.86
14.04,43.76,20.69,25.65,21.14,15.1,238.72,181.39,13.41,16.3,1.01,0.82
14.57,42.37,20.73,25.47,20.92,14.85,237.35,183.93,13.28,16.99,1.01,0.82
14.95,43.05,21.41,26.34,21.66,15.59,239.32,184.91,13.26,19,1.12,0.83
14.52,42.21,21.15,26.12,21.4,15.68,238.75,180,13.06,19.73,1.3,0.84
14.99,42.08,21.05,25.93,21.06,15,239.34,181.54,13.01,18.8,1.1,0.85
15.96,43.81,21.6,26.68,21.89,15.53,239.07,188.84,13.48,19.74,1.16,0.86
16.12,44.09,21.49,26.71,21.94,15.66,238.46,188.88,13.53,20.22,1.17,0.87
15.94,43.64,21.55,26.66,22.06,15.8,236.82,188.98,13.84,21.43,1.14,0.85
15.63,41.63,21.35,26.26,21.5,15.25,237.33,191.26,13.88,20.06,1.05,0.84
15.84,42.4,21.4,26.58,21.59,15.19,237.97,191.89,13.96,19.9,1.06,0.84
15.67,42.71,21.15,26.32,21.27,14.95,236.48,191.75,14.37,19.16,1.07,0.84
15.24,40.02,20.6,25.67,20.69,14.59,236.24,189.25,14.19,17.99,1.01,0.82
15.8,40.81,20.46,25.74,20.63,14.51,234.09,189.78,14.55,18.14,0.99,0.81
16.1,40.85,20.38,25.66,20.42,14.27,229.69,189.78,14.65,17.5,0.96,0.82
15.83,40.3,19.87,25.03,19.94,13.82,220.97,184.37,14.56,16.93,0.93,0.83
16.08,41.11,20.27,25.17,20.33,13.88,226,188.74,14.35,17.36,0.92,0.83
15.92,42.2,20.18,24.9,20.17,13.75,224.7,189.49,13.89,17.43,0.89,0.81
16.68,43.97,20.62,25.38,20.42,14.19,224.28,190.17,14.01,17.61,1,0.8
16.76,44.68,21.3,26.08,20.97,14.5,226.13,193.27,14.53,18.26,1.01,0.85
16.5,43.42,21.22,25.83,20.78,14.4,228.72,195.13,14.67,18.2,0.98,0.9
16.73,48.43,21.33,26,20.97,14.25,229.51,195.47,14.53,18.64,0.98,0.93
16.42,49.09,21.22,25.96,20.68,13.8,231.65,194.12,14.44,17.87,0.95,0.93
16.37,48.15,21.16,25.79,20.61,13.81,234.07,191.26,14.27,18.07,0.94,0.94
17,49.65,21.23,25.81,20.62,13.71,232.15,193.6,14.45,17.84,0.92,1
16.63,49.03,21.18,25.67,20.28,13.6,231.49,199.28,14.38,17.24,0.9,1.11
16.33,50.92,21.04,25.41,20.16,13.37,231.08,202.34,14.43,16.98,0.87,1.19
16,51.47,20.83,25.23,19.98,13.16,229.49,202.44,14.33,16.73,0.89,1.12
15.38,47.23,20.55,25.1,19.46,13.04,227.05,200.13,13.86,16.25,0.96,1.03
15.45,45.61,20.38,24.72,19.27,12.78,227.18,197.27,13.81,16.26,0.89,1.04
15.68,45.92,20.72,24.99,19.49,12.9,227.75,204.08,13.92,16.17,0.89,1.05
15.05,46.25,20.74,24.8,19.47,12.84,226.61,208.08,13.95,16.24,0.87,1.05
14.15,45.76,20.74,24.94,19.46,13,225.61,208.19,13.45,16.33,0.88,1.05
13.71,40.69,19.84,23.86,18.59,12.29,225.94,202.28,13.11,15.03,0.84,1.06
13.55,39.84,19.55,23.47,18.22,12.02,225.08,203.94,12.96,14.41,0.82,1.09
13.07,38.12,19.21,22.71,17.74,11.6,224.01,209.4,12.99,13.93,0.82,1.14
14.39,38.56,18.55,22.3,17.45,11.45,222.14,202.64,13.02,13.61,0.81,1.16
14.78,39.86,19,22.7,17.8,11.65,225.29,208.45,12.78,14.16,0.84,1.16
15.55,41.76,19.54,23.35,18.27,11.98,225.95,213.93,12.96,14.6,0.87,1.17
15.84,40.73,19.16,22.94,17.8,11.7,223.96,210.77,12.61,13.89,0.83,1.19
15.56,39.91,18.9,22.65,17.7,11.53,224.63,212.35,11.94,13.6,0.8,1.19
14.88,40.21,18.86,22.71,17.83,11.6,224.99,212.89,12.07,13.7,0.82,1.17
14.54,39.7,18.28,22.01,17.46,11.22,226.36,210.74,11.88,12.74,0.79,1.15
15.07,41.94,19.25,23.17,18.51,12,226.49,214.28,12.1,16,0.85,1.13
15.11,41.65,19.15,23.06,18.31,11.77,224.56,214.38,12.19,15.42,0.83,1.1
14.58,40.67,18.95,22.77,17.98,11.5,224.35,214.99,11.96,14.61,0.82,1.04
14.46,40.34,18.98,22.8,17.89,11.64,222.81,214.06,12.16,14.6,0.82,1.05
14.41,40.97,18.86,22.48,17.93,11.47,221.4,213.81,11.67,14.25,0.81,1.1
14.15,41.14,18.58,22.13,17.44,11.14,219.39,213.9,11.57,13.97,0.78,1.13
14.46,42.53,19.15,22.92,18.04,11.46,219.54,217.17,12.51,14.47,0.82,1.13
14.55,42.34,19.26,22.87,17.99,11.37,218.8,228.46,12.79,14.41,0.8,1.1
15.04,43.59,19.49,23,18.01,11.4,217.27,227.94,12.55,14.71,0.83,1.08
14.69,43.04,19.47,23.21,18.06,11.61,218.19,228.7,13.02,14.79,0.81,1.07
13.64,43.14,19.25,22.69,17.87,11.37,213.4,229.56,13.13,14.31,0.81,1.05
13.37,35.68,18.79,22.12,17.31,11.2,211.94,232.28,13.35,14.11,0.83,1.04
12.96,31.49,18.17,21.67,17.04,10.96,213.65,233.25,13.87,13.3,0.76,1.04
13.81,30.61,17.86,20.9,16.46,10.64,214.06,229.83,12.54,13.12,0.73,1.02
12.98,29.31,17.59,20.65,16.32,10.39,213.45,228.53,12.72,13.12,0.71,1
12.51,29.07,17.75,20.92,16.35,10.35,214.43,231.9,13.06,13.27,0.72,0.97
12.13,29.04,17.09,20.29,15.9,9.8,213.88,229.28,12.41,12.68,0.69,0.93
13.99,29.49,17.14,20.34,15.94,9.91,213.83,233.89,13.71,12.83,0.7,0.9
14.45,31.06,17.5,20.87,16.51,10.27,216.08,237.15,14.75,13.38,0.72,0.9
14.48,32.45,17.97,21.26,16.84,10.6,216.88,239.88,14.88,13.81,0.77,0.86
15.38,31.72,17.92,21.2,16.61,10.53,214.95,238.05,14.27,13.54,0.77,0.8
15.25,31.26,17.72,20.83,16.37,10.24,214.35,237.05,13.66,13.26,0.74,0.8
16.06,31.21,17.9,21.12,16.62,10.35,212.4,240.51,14.6,13.42,0.76,0.82
15.16,30.61,17.74,20.9,16.34,10.25,211.88,244.15,14.84,13.14,0.75,0.83
15.04,31.99,17.97,21.22,16.71,10.47,211.2,246.29,15.79,13.69,0.78,0.85
14.87,31.97,17.78,21.09,16.52,10.35,215.02,247.32,16.06,13.58,0.77,0.85
15,31.59,17.91,21.4,16.85,10.55,212.47,249.3,15.73,13.85,0.8,0.83
13.82,31.84,17.98,21.45,16.71,10.4,211.86,252.38,15.25,13.6,0.78,0.82
13.22,32.05,17.93,21.36,16.64,10.38,213.62,251.88,15.36,13.5,0.76,0.84
13.29,31.39,17.71,21.05,16.47,10.26,215.85,249.91,15.62,13.31,0.75,0.83
13.49,30.1,17.31,20.5,15.99,9.86,217.05,248.77,15.54,12.81,0.73,0.81
13.68,30.47,16.98,20.26,15.89,9.89,216.01,244.09,15.57,12.86,0.73,0.79
13.3,29.55,16.59,19.86,15.63,9.69,214.03,235.4,15.27,12.42,0.72,0.76
13.52,28.45,16.4,19.73,15.49,9.5,214.99,228.29,14.9,12.24,0.74,0.76
13.13,25.83,16.04,19.2,14.96,9.29,215.6,228.79,14.65,11.75,0.71,0.72
13.3,26.93,16.76,19.71,15.26,9.3,218.58,238.93,14.8,12.03,0.73,0.66
13.59,26.99,16.88,19.87,15.2,9.37,215.49,235.84,14.95,12.01,0.72,0.63
13.74,27.03,16.8,19.8,15.15,9.33,214.92,233.3,15.26,12.16,0.72,0.66
12.9,26.16,16.08,18.96,14.55,8.86,210.09,233.63,15.33,11.24,0.68,0.67
13.48,25.99,16.3,19.19,14.5,8.99,209.07,233.58,15.62,11.22,0.69,0.65
13.23,26.6,16.81,19.7,14.81,9.14,211.21,240.07,15.63,11.64,0.69,0.66
13.51,27.61,17.18,20.05,15.09,9.31,213.99,245.77,15.87,12.02,0.7,0.65
14.05,25.79,17.12,20,14.69,9.19,212.62,245.21,15.93,11.68,0.67,0.64
14.61,27.04,17.29,20.34,15.02,9.45,211.54,241.8,16.08,12.22,0.73,0.59
13.66,25.8,16.84,19.76,14.76,9.23,209.9,233.9,15.4,11.65,0.69,0.49
13.56,25.07,16.44,19.33,14.45,8.95,211.76,231.29,15.38,11.12,0.68,0.48
13.72,24.68,16.47,19.4,14.4,9.03,210.72,231.17,15.45,11.3,0.68,0.53
13.92,24.73,16.53,19.35,14.42,8.88,213.58,234.18,15.27,11.16,0.67,0.51
12.76,23.2,16,18.76,14.13,8.68,213.13,228.6,14.45,10.75,0.63,0.48
12.62,23.44,16.2,18.81,14.31,8.84,213.11,228.93,14.2,11.09,0.64,0.47
12.03,23.46,16.15,18.66,14.27,8.69,211.52,231.09,13.78,10.8,0.64,0.49
12.17,24.26,16.32,19.04,14.46,8.89,216.58,236.86,14.15,11.02,0.64,0.49
11.99,23.54,16.01,18.71,14.3,8.84,219.71,233.04,14.18,10.49,0.68,0.47
12.05,23.18,15.94,18.58,14.08,8.75,219.7,231.5,13.97,10.16,0.67,0.42
12.25,23.76,15.81,18.55,14.26,8.73,218.78,234.27,13.74,10.28,0.66,0.4
12.61,20.93,15.81,18.54,14.22,8.77,219.16,239.88,13.35,10.29,0.66,0.42
13.45,22.01,15.88,18.6,14.4,8.94,220.39,242.84,13.36,10.39,0.66,0.45
13.23,21.94,15.47,18.24,14.16,8.7,218.96,239.05,13.16,10.24,0.66,0.48
13.4,22.1,15.29,17.84,13.92,8.65,215.58,240.82,12.72,10.07,0.65,0.49
13.41,22.95,16.08,18.74,14.62,9.2,216.29,246.37,12.82,11.66,0.69,0.53
13.45,22.91,16.26,18.87,14.64,9.2,218.27,252.82,12.93,11.59,0.68,0.61
14.17,22.91,16.22,18.86,14.66,9.28,218.47,256.69,13.01,11.58,0.7,0.7
14.05,22.03,15.88,18.26,14.23,8.96,219.4,260.17,12.7,11.09,0.66,0.74
14.25,22.59,15.76,18.18,14.28,8.9,217.74,265.52,13.22,11.01,0.66,0.72
14.24,21.79,15.51,17.86,14.04,8.77,218.3,265.02,14.2,10.71,0.66,0.65
13.96,21.07,15.07,17.4,13.63,8.6,214.94,254.83,16.43,10.3,0.65,0.67
14.85,21.3,15.22,17.55,13.77,8.66,216.77,261.71,16.99,10.51,0.66,1
