"U.MGM.PB.","U.LVS.PB.","X.WYNN.PB.","X.BJK.PB.","X.GDEN.PB.","U.BYD.PB.","U.BALY.PB.","X.RRR.PB."
21.78,48.46,67.28,33.25,9.21,19.99,0,0
22.8,48.81,69.9,33.42,9.26,19.98,0,0
23.19,49.5,69.95,33.64,9.31,19.98,0,0
23.77,50.61,72.19,33.94,9.33,20.39,0,0
24.12,50.9,74.26,34.59,9.23,20.63,0,0
24.02,49.68,72.86,34.06,9.36,20.66,0,0
23.9,49.53,72.95,34.02,9.78,20.9,0,0
23.83,49.78,73.99,33.84,9.62,21.13,0,0
23.31,46.59,68.08,33.22,9.63,20.58,0,0
23.42,46.91,67.22,32.66,9.64,20.83,0,0
23.3,46.49,65.78,32.6,9.9,20.68,0,0
22.79,46.04,64.7,32.63,10,20.34,0,0
22.5,45.69,62.2,32.08,9.89,19.88,0,0
22.62,46.02,63.48,32.27,9.9,19.57,0,0
22.26,45.34,61.56,32.25,9.97,19.96,0,0
22.73,45.99,61.29,32.24,10.19,20.56,0,0
22.52,46.07,61.75,32.4,10.25,20.36,0,0
22.46,45.06,59.56,32.3,10.23,20.15,0,0
22.67,45.16,60.22,32.01,10.18,19.94,0,0
22.95,44.89,62.95,32.15,10.2,20.15,0,0
22.93,44.81,62.25,32.32,10.25,20.22,0,0
22.86,44.67,61.11,32.07,10.26,20.46,0,0
22.77,44.32,61.04,31.89,10.31,20.33,0,0
22.75,44.06,62.77,32.26,10.48,19.58,0,0
23.27,44.8,66.81,32.67,10.59,19.69,0,0
23.44,45.19,68.49,32.42,10.57,20.07,0,0
22.37,43.53,65.04,32.46,10.64,19.53,0,0
22.62,43.66,64.59,32.44,10.65,19.69,0,0
22.32,43.12,64.6,32.26,10.52,19.22,0,0
21.91,42.55,61.79,31.64,10.59,18.91,0,0
22.06,43.7,69.91,31.89,10.55,18.9,0,0
22.06,42.79,66.45,31.65,10.5,18.65,0,0
21.05,41.25,63.11,30.79,10.23,17.99,0,0
20.8,40.44,62.76,30.8,10.17,16.82,0,0
21.15,41.49,66.03,31.04,10.01,17.21,0,0
22.07,43.4,68.99,31.91,9.71,18.94,0,0
21.44,41.81,64.25,31.48,9.62,19.11,0,0
21.16,41.5,63.39,31.55,9.74,18.69,0,0
21.62,42.04,65.76,30.5,9.55,19.38,0,0
21.75,42.94,67.65,30.77,9.67,19.06,0,0
22.51,44.51,68.93,31.31,9.82,19.3,0,0
22.51,44.35,69.16,31.29,9.82,19.71,0,0
22.42,44.02,68.19,31.06,9.94,19.65,0,0
22.64,44.11,68.33,31.04,10.1,19.56,0,0
22.94,44.35,70.13,31.42,10.17,19.82,0,0
22.53,43.97,68.62,31.7,10.15,19.91,0,0
22.72,43.82,69.19,31.46,10.1,19.86,0,0
22.44,43.41,68.79,31.03,10.05,19.43,0,0
22.25,43.38,68.77,30.92,10.06,18.99,0,0
22.76,44.04,70.06,31.13,10.11,19.06,0,0
22.38,42.67,66.41,30.23,10.03,19.11,0,0
20.6,38.77,60.18,29.02,9.99,17.78,0,0
20.48,39.01,57.7,28.56,10.01,18.59,0,0
20.82,38.98,56.78,28.8,10.02,18.54,0,0
21.12,38.9,55.62,28.74,10.09,18.13,0,0
20,36.95,52.45,27.99,9.92,17.37,0,0
20.27,37.43,51.49,28.31,10.03,17.84,0,0
19.86,38.71,58.37,27.7,10.01,17.89,0,0
19.72,39.12,61.12,27.85,9.99,17.72,0,0
19.63,38.43,59.12,28.09,10.01,17.27,0,0
19.11,37.22,56.32,27.49,10.01,16.51,0,0
19.01,37.62,56.67,27.61,9.88,16.45,0,0
19.33,39.04,59.16,28.57,9.85,16.86,0,0
18.87,39.1,60.99,28.16,9.88,16.4,0,0
19.11,40.87,63.41,28.93,9.88,16.69,0,0
19.47,41.6,62.21,28.99,9.97,16.95,0,0
19.27,42.77,63.13,29.61,10,17.23,0,0
20.07,45.09,67.33,30.61,9.97,17.81,0,0
20.04,44.61,67.1,30.76,9.99,17.84,0,0
19.08,42.19,62,29.87,9.98,17.03,0,0
18.54,42.54,63.14,30.03,10,16.63,0,0
18.76,42.67,63.76,29.86,10.1,16.82,0,0
17.88,41.97,61.9,29.29,10.01,15.86,0,0
16.87,40.51,58.74,28.54,9.87,15.04,0,0
16.55,39.57,58.41,28.06,9.85,15.03,0,0
17.17,40.12,58.13,28.26,9.81,15.35,0,0
16.92,40.23,59.6,27.97,9.82,14.94,0,0
18.11,44.08,69.1,29.04,10.06,15.98,0,0
18.63,45.77,73.91,29.66,10.11,16.58,0,0
19.15,45.82,74.64,29.91,10.02,16.81,0,0
20.04,46.33,76.17,30.37,9.97,17.23,0,0
18.4,46.02,78.43,30.39,9.97,17.06,0,0
18.06,45.85,77.16,30.34,9.75,16.3,0,0
18.75,47.51,79.51,31.26,9.97,16.67,0,0
18.22,47.22,79.65,30.7,9.92,16.21,0,0
18.24,46.92,79.65,30.73,9.86,16.27,0,0
18.34,47.43,80.62,31.02,9.99,16.36,0,0
18.86,47.91,82.16,31.01,10.19,17.64,0,0
18.93,48.27,82.49,31.29,10.36,17.31,0,0
19.93,50.66,84.5,31.77,10.42,17.99,0,0
20.26,51.05,84.98,32.04,10.59,18.05,0,0
20.32,52.6,88.34,32.15,10.39,18.05,0,0
19.83,51.79,85.43,32.18,10.24,17.88,0,0
19.81,50.81,83.97,31.93,10.26,17.43,0,0
19.33,48.95,80.23,31.07,10.21,17.28,0,0
20.05,50.07,81.53,31.65,10.27,17.84,0,0
20.33,50.57,84.04,31.81,10.25,17.79,0,0
20.8,51.59,86.05,32.58,10.3,18.67,0,0
20.94,52.34,85.19,32.23,10.31,18.81,0,0
20.67,51.93,83.23,31.92,10.36,18.34,0,0
21.2,53.36,86.3,32.54,10.39,19.08,0,0
20.94,54.09,88.81,32.8,10.36,19.02,0,0
21.4,53.59,94.02,33.49,10.45,18.99,0,0
20.96,53.25,92.72,33.32,10.48,18.76,0,0
21.23,53.26,94.97,33.36,10.46,19.84,0,0
20.76,52.37,91.76,32.56,10.47,19.47,0,0
20.51,52.47,93.46,32.62,10.47,19.78,0,0
20.26,52.14,93.5,32.53,10.55,19.66,0,0
20.44,51.95,92.81,32.65,10.56,19.75,0,0
21.22,52.53,94.13,33.51,10.5,20.69,0,0
21.28,52.22,93.99,33.84,10.77,20.74,0,0
21.43,51.68,93.41,33.24,10.84,20.66,0,0
21.9,51.72,94.7,33.59,10.77,20.86,0,0
21.61,50.52,93.35,33.16,10.59,20.83,0,0
21.27,49.94,90.91,32.65,10.5,20.73,0,0
21.36,49.78,89.51,33.11,10.61,20.86,0,0
21.67,50.2,99.98,32.75,10.62,20.91,0,0
22.38,49.48,98.78,33.18,10.64,21.19,0,0
22.06,49.29,98.3,33.1,10.52,20.74,0,0
22.65,49.53,97.18,33.6,10.53,21.22,0,0
23.09,50.96,97.68,34.1,10.65,21.34,0,0
22.8,50.7,97.63,34.05,10.59,21.05,0,0
22.78,50.94,97.64,34.07,10.75,21.09,0,0
22.86,51.16,96.45,34.38,10.97,20.97,0,0
23.02,52.5,99.99,34.72,11.46,21.05,0,0
22.78,52.16,99.39,34.49,11.75,21.12,0,0
22.28,47.38,95.75,33.36,11.81,20.92,0,0
22.17,46.87,96,32.95,11.82,20.03,0,0
21.77,45.79,90.85,32.97,11.99,20.19,0,0
21.82,46.09,89.59,33.16,12.03,20.63,0,0
21.94,45.67,89.16,33.11,11.92,19.59,0,18.7
21.35,45.86,89.21,32.72,11.87,19.19,0,18.73
21.29,45.14,88.27,32.42,12.08,18.64,0,18.65
21.67,46.74,94.27,32.36,11.94,19.21,0,18.88
21.42,45.76,94.44,32.51,12.28,18.62,0,18.96
21.46,45.19,91.2,32.19,12.49,18.67,0,18.74
21.87,44.43,89.57,32.17,12.64,18.76,0,18.78
21.99,45.5,91.2,32.13,12.3,18.73,0,18.83
21.85,44.95,89.61,32.05,12.65,19.04,0,18.89
22.58,46.12,94.04,32.12,12.78,19.48,0,18.99
22.02,45.44,92.96,32.19,12.67,19.19,0,19.23
21.93,45.63,93.41,32.37,12.47,19.09,0,19.5
21.61,44.89,89.93,32.02,12.38,18.95,0,19.16
22.08,45.56,90.85,32,12.59,18.8,0,19.52
21.97,45.41,91.23,32,12.28,18.52,0,19.38
21.69,44.82,88.44,31.64,11.99,18.69,0,19.43
21.51,44.3,88.43,31.59,12.06,18.4,0,19.32
21.75,44.98,88.93,31.94,12.04,18.22,0,19.29
22.13,45.05,91.47,32,12.08,18.36,0,19.36
22.68,45.54,93.19,32.39,12.2,18.39,0,19.55
22.8,46.29,96.65,32.86,12.12,18.54,0,19.72
22.51,45.41,94.61,32.62,12.19,18.44,0,19.84
22.92,46.19,95.95,33.01,12.42,18.81,0,20.11
22.91,46.45,96.65,33.24,12.35,18.85,0,20.35
22.85,46.22,96.18,33.22,12.26,18.9,0,20.34
23.41,46.37,96.71,33.24,12.52,19.42,0,20.16
24.1,46.75,99.4,33.39,12.88,19.71,0,20.49
24.05,46.75,98.47,33.55,13.08,19.47,0,20.44
24.39,46.6,98.67,33.65,13.09,19.32,0,20.49
24.65,47.38,101.1,33.92,13.08,19.35,0,20.83
24.97,47.59,101.3,33.92,13.1,19.4,0,21.18
25.09,47.27,100.76,33.61,13.05,19.2,0,21.65
24.55,46.25,100.43,33,13.29,18.84,0,21.71
24.11,46,100.15,32.46,12.87,18.48,0,22.01
24.05,46.89,101.53,32.25,12.76,18.59,0,22.08
24.51,46.96,101.59,32.43,12.7,18.59,0,22.51
24.15,46.48,101.2,32.27,12.45,18.35,0,22.41
24.61,46.94,103.19,32.55,12.27,18.69,0,22.09
24.27,44.28,100.29,32.86,13.1,18.84,0,22.39
24.52,45.19,101.78,33.02,13.21,19.17,0,22.81
24.32,44.92,100.71,32.99,13.19,18.75,0,22.68
24.47,46.16,101.69,33.64,13.27,19.05,0,22.49
22.9,43.3,92.25,31.45,13.21,18.25,0,21.38
21.53,41.79,87.65,30.24,13.28,17.45,0,20.94
22.08,42.48,88.26,30.65,11.41,17.94,0,21.04
22.74,43.63,91.29,31.13,11.32,18.25,0,21.15
22.63,43.49,90.63,31.46,11.69,18.39,0,21.96
22.77,43.69,91.77,31.47,11.62,18.3,0,22.02
22.6,43.1,90.54,31.12,11.54,18.14,0,21.75
22.53,42.77,89.09,30.88,11.51,18.12,0,21.75
22.94,43.58,89.9,30.98,11.49,18.25,0,22.13
22.97,43.55,88.95,30.92,11.49,18.3,0,22.14
22.95,44.12,89.72,31.43,11.6,18.71,0,22.25
22.99,45.92,94.09,31.81,12.08,18.71,0,22.26
23.27,46.51,96.5,32.41,12.15,18.93,0,22.5
23.11,45.8,94.88,32.44,12.15,19.08,0,22.4
23.29,46,92.01,32.64,12.43,19.17,0,22.34
23.34,46.18,92.2,32.47,12.41,19.19,0,22.38
23.37,46.95,96.66,32.87,12.86,19.24,0,22.5
23.14,46.33,95.15,32.61,12.94,18.87,0,22.49
23.5,46.94,94.14,32.91,13.28,19.16,0,22.45
23.17,46.7,93.88,32.91,13.06,18.87,0,22.05
23.18,47.31,95.77,33.05,13.29,18.92,0,22.08
23.31,47.81,97.39,33.24,13.25,18.72,0,22.11
24.01,50.62,103.47,34.06,13.5,19.1,0,22.68
23.82,50.19,102.23,33.83,13.86,19.17,0,23.14
24.22,50.76,104.67,34,13.86,19.69,0,22.9
23.97,50.65,97.94,34.23,13.6,19.6,0,22.99
23.95,50.24,97.93,34,13.41,19.43,0,22.65
23.79,49.78,96.92,33.84,13.35,19.05,0,22.97
23.79,49.97,97.66,33.85,13.4,18.99,0,23.18
24.07,50.18,98.24,34.17,13.17,18.4,0,22.62
24.44,49.86,97.5,34.41,13.21,18.74,0,22.72
24.64,50.95,100.05,34.76,13.14,18.83,0,22.93
24.91,51.83,100.18,35,13.48,19.37,0,22.74
24.63,51.69,99.59,35.15,13.21,19.39,0,22.2
24.89,52.08,102.64,35.51,13.34,20,0,22.31
24.5,51.79,99.73,35.46,13.26,19.82,0,22.01
24.83,52.57,103.74,35.57,13.27,19.73,0,21.89
24.49,52.35,101.41,35.41,12.93,19.57,0,23.05
24.42,52.49,101.28,35.46,12.85,19.57,0,22.89
24.36,52.13,99.68,35.47,12.81,19.68,0,22.9
24.17,52.22,97.38,35.02,12.39,19.79,0,22.81
24.22,52.57,97.09,35.09,12.01,19.75,0,22.83
24.31,52.21,96.37,35.34,12.38,20.25,0,22.67
23.54,50.35,90.78,34.76,12.51,20.03,0,22.21
23.66,50.74,90.5,34.66,12.5,19.93,0,22.22
23.75,50.31,89.84,34.51,12.48,19.92,0,22.23
23.76,50.88,90.73,34.39,12.41,19.7,0,22.14
23.81,50.95,90.15,34.18,12.5,19.51,0,22.3
23.89,50.21,89.31,33.9,12.5,19.51,0,22.53
24.63,53.79,93.16,34.84,12.72,19.72,0,22.84
24.58,53.95,92.37,35.01,12.65,19.65,0,22.37
24.49,54.1,91.81,35.13,12.6,19.59,0,22.22
24.71,54.73,92.78,35.32,12.7,19.63,0,22.3
25.17,55.05,94.35,35.54,12.89,19.76,0,22.21
25.29,55.68,95.77,35.99,12.95,19.79,0,21.97
24.75,55.64,98.39,35.39,12.76,19.02,0,21.43
25.07,56.88,104.01,35.72,12.93,19.11,0,21.54
24.86,56.52,103.71,34.88,12.66,18.54,0,20.8
25.21,58.3,107.24,35.25,12.6,18.68,0,21.04
25.54,58.45,108.68,36,12.65,18.72,0,21.29
25.44,58.31,108.55,35.85,12.71,18.47,0,21.48
24.93,57.34,103.94,35.59,12.82,18.6,0,21.88
24.96,56.27,103.48,35.6,12.85,18.51,0,21.81
25.08,56.76,102.99,36.11,12.72,18.72,0,21.98
25.77,57.17,102.27,36.28,12.93,19.22,0,22.71
25.65,57.37,102.13,36.01,12.88,19.08,0,23.07
25.35,56.45,100.79,35.61,12.67,19,0,23.14
25.56,56.87,100.74,35.82,12.76,19.25,0,22.91
26.35,57.48,101.65,36.36,12.67,19.75,0,23
25.84,56.94,100.58,35.97,12.42,19.33,0,22.85
26.03,57.52,97.41,36.16,12.45,19.77,0,23.58
26.18,58.88,99.28,36.24,12.44,19.62,0,23.03
26.22,58.81,96.37,36.17,12.18,19.59,0,22.92
26.63,58.86,97.94,36.46,12.41,19.78,0,23.4
26.79,58.79,97.73,36.41,12.17,19.78,0,23.3
26.41,58.37,97,35.91,12.1,19.44,0,23.06
26.79,59.06,98.67,36.23,12.34,19.69,0,23.28
26.55,58.94,97.7,35.77,12.13,19.33,0,22.95
26.32,58.75,96.43,35.74,12.14,19.3,0,22.75
26.05,58.07,94.92,35.47,11.95,19.08,0,22.5
25.75,57.72,93.36,35.57,11.99,18.99,0,22.41
25.97,57.57,93.1,35,11.85,18.99,0,22.22
25.85,57.43,92.97,35.21,11.76,19.03,0,22
26.08,58.16,95.53,35.67,11.87,19.04,0,22.01
26.12,57.9,96,35.44,11.88,18.98,0,22.39
26.1,57.15,95.25,35.19,11.86,18.65,0,22.51
26.27,57.95,96.81,35.26,11.84,18.83,0,22.66
26.08,57.99,95.56,35.23,11.75,18.7,0,22.49
26.13,58,95.77,35.21,11.65,18.5,0,22.42
25.98,57.02,94.16,34.75,11.62,17.96,0,22.12
26.06,57.72,94.16,34.83,11.46,17.99,0,22.34
26.17,57.87,94.51,34.92,11.46,17.86,0,21.89
26.39,58.62,98.23,35.09,11.41,17.59,0,22.2
25.94,57.59,96.5,34.81,11.38,17,0,21.87
25.76,56.72,87.51,34.66,10.87,17.1,0,21.31
26.4,59.07,88.03,34.83,10.5,17.29,0,21.66
27.17,58.86,87.83,35.68,10.25,17.59,0,22.31
27.99,59.47,86.65,35.92,10.26,17.74,0,22.19
28.32,59.71,87.84,35.75,10.35,18.34,0,22.54
27.87,58.59,85.29,35.03,10.22,18.21,0,22.04
27.49,57.97,84.97,34.7,11.94,18.67,0,22.23
27.37,57.03,84.49,34.73,11.8,18.75,0,21.69
27.82,58.96,86.87,35.06,11.63,18.6,0,22
27.7,58.14,86.55,34.8,11.94,18.66,0,22.23
28.02,59.8,90.44,35.47,11.91,18.82,0,22.24
28.43,60.59,92.35,35.79,12.26,18.55,0,22.77
28.96,61.71,97.38,36.32,12.26,18.64,0,22.72
28.7,62.67,98.1,36.52,12.75,18.66,0,23.14
28.47,62.43,101.32,36.27,12.85,18.94,0,23.16
28.53,62.57,101.93,36.43,12.97,19.2,0,23.44
28.66,62.85,101.51,36.71,12.92,19.28,0,23.56
28.73,62.55,102,36.72,12.57,19.23,0,23.2
28.86,62.15,99.77,36.86,12.67,19.26,0,23.38
28.71,62.69,101.99,36.9,12.42,18.84,0,22.92
28.52,62.17,99.2,36.36,12.22,18.7,0,22.52
29.01,60.99,98.62,36.3,12.24,18.9,0,22.93
28.97,61.12,98.36,36.37,12.63,19.25,0,23.37
29.62,62.47,102.17,36.76,12.67,19.63,0,23.18
29.94,62.67,101.93,37.35,12.75,20.27,0,23.17
28.66,54.66,90.69,36.28,12.75,21,0,23.1
29.26,55.33,91.84,35.74,12.69,21.46,0,23.51
29.19,56.13,91.48,35.51,12.52,20.81,0,23.08
29.79,57.85,93.49,35.87,12.51,21.04,0,23.19
29.71,57.71,92.16,35.37,12.46,20.75,0,22.96
28.96,56.18,90.86,35.01,12.61,20.71,0,22.72
28.85,56.99,91.9,35.01,12.75,20.84,0,22.75
28.58,54.67,90.12,33.9,12.49,20.79,0,23.08
28.62,54.23,88.3,33.7,12.51,20.69,0,23.09
29.28,54.5,89.26,33.76,12.48,20.73,0,23.75
29.33,54.21,88.24,33.72,12.47,20.63,0,23.77
29.34,54.25,88.34,33.7,12.46,20.49,0,23.63
29.24,54.35,88.69,33.82,12.47,20.42,0,23.5
29.01,54.18,88.22,33.8,12.43,20.32,0,23.35
28.71,53.86,87.07,33.54,12.32,20.18,0,23.19
28.5,54.06,87.14,33.72,12.27,20.26,0,23.13
28.82,53.4,86.52,33.71,12.11,20.17,0,23.19
29.23,52.77,86.15,33.69,12.16,20.15,0,23.35
29.47,53.32,87.43,33.91,12.28,20.37,0,23.83
29.44,54.97,90.28,34.43,12.17,20.81,0,24.4
29.37,55.07,91.4,34.74,11.78,20.89,0,23.88
29.52,55.45,92.45,34.51,11.7,20.24,0,23.92
29.16,55.68,92.75,34.66,11.45,19.63,0,23.34
29.6,56.61,94.83,34.85,11.56,19.6,0,23.5
29.02,55.68,92.92,34.76,11.59,19.44,0,23.56
28.62,55.45,91.91,34.72,11.52,19.64,0,23.01
28.62,55.27,90.52,34.59,11.75,19.61,0,23.02
28.67,55.56,91.13,34.6,11.7,19.55,0,23.2
28.65,55.99,92.31,34.7,11.38,19.59,0,23.16
28.59,56.03,91.94,34.7,11.07,19.61,0,22.8
28.68,55.84,90.92,34.48,10.97,19.38,0,22.62
28.74,55.74,90.81,34.63,10.89,19.47,0,22.87
28.49,55.47,92.64,34.81,10.64,19.33,0,22.92
29,55.95,94.03,34.78,10.97,19.59,0,23.59
29.6,56.64,96.42,35.22,11.55,20.48,0,23.72
29.48,52.4,95.46,34.72,11.13,20.39,0,23.69
29.78,53.31,103.08,34.79,11.02,20.64,0,23.69
29.09,52.79,102.52,34.65,10.93,20.33,0,23.6
28.8,52.58,101.42,34.74,11.01,20.32,0,23.47
28.56,51.74,97.85,34.75,11.02,20.82,0,23.52
28.78,51.69,97.36,34.75,11.25,21.05,0,23.6
28.86,51.8,96.88,34.84,11.26,21.04,0,23.73
29.03,51.95,97,34.67,11.27,20.82,0,23.73
28.54,51.94,97,34.55,11.3,20.8,0,23.46
28.63,52.14,97.17,34.47,11.28,20.66,0,23.21
28.6,52.93,98.86,34.76,11.45,20.85,0,23.57
28.52,52.73,98.91,34.96,12.62,20.85,0,23.66
29.15,53.14,98.92,34.99,12.72,20.89,0,23.84
28.7,53.05,97.67,35.37,12.13,20.65,0,23.76
29.57,53,99.78,35.47,12.18,21.33,0,24.02
26.86,52.5,96.71,35,11.64,20.25,0,23.49
26.6,52.03,95.88,34.81,11.51,20.34,0,23.35
27,51.93,96.21,34.9,11.37,20.38,0,23.44
26.94,52,95.96,34.93,11.27,20.15,0,23.36
26.45,51.96,94.74,34.84,11.49,20.02,0,22.97
26.16,51.76,93.81,35.16,11.93,19.86,0,22.66
26.39,52.17,93.98,35.03,12.19,19.74,0,22.31
26.46,52.9,95.51,35.2,12.31,19.69,0,22.09
26.3,52.95,96.15,35.28,11.84,19.67,0,21.96
26.82,54.97,102.71,35.91,12.09,20.08,0,22.11
26.3,53.64,100.14,35.5,12.03,19.69,0,22.09
26.46,53.82,101.03,35.61,11.75,19.55,0,22.34
26.55,54.31,100.35,35.55,11.84,19.93,0,22.35
25.75,54.29,99.45,35.32,11.75,19.76,0,22
25.68,53.97,99.22,35.34,11.65,19.89,0,21.27
25.42,53.73,98.99,35.17,11.67,20.04,0,21.16
25.49,54.2,99.55,35.5,11.79,20.34,0,21.73
25.95,55.18,104.3,35.85,13.07,20.3,0,21.67
26.34,55.55,104.7,35.99,13.22,20.32,0,21.66
26.81,56.1,104.75,36.35,13.44,20.34,0,21.93
26.79,56.52,106.16,36.6,13.91,20.2,0,21.84
27.57,57.15,110.19,36.92,13.99,20.42,0,22.18
26.62,57.36,111.64,36.98,13.5,20.32,0,22.19
26.12,55.9,111.75,36.6,13.23,20.03,0,21.63
26.03,55.85,113.35,36.73,13,19.83,0,21.44
25.92,55.59,112.25,37.01,13.12,20.59,0,21.41
25.69,55.62,111.92,37.03,13.02,20.6,0,21.41
26.6,56.62,114.65,37.25,13.17,21.35,0,21.99
27.17,56.92,115.17,37.63,13.32,21.51,0,22.28
27.28,57.24,115.48,37.82,13.37,21.4,0,22.57
27.32,57.03,114.27,37.85,13.35,21.7,0,22.48
27.4,57.05,114.6,37.7,13.22,22,0,22.18
27.75,57.18,116.34,37.66,13.28,21.93,0,21.97
27.81,56.66,116.73,37.61,13.25,21.83,0,21.99
27.6,56.17,116.65,37.67,12.99,21.32,0,21.99
28.43,56.68,117.85,37.9,13.09,21.82,0,22.32
28.11,56.18,116.81,37.95,13.26,21.84,0,22.26
27.77,55.54,116.17,38.07,13.35,21.91,0,22.37
27.7,56.16,116.21,37.97,13.77,22.23,0,22.56
27.57,56.51,115.36,38.13,13.42,21.68,0,22.48
27.19,55.89,113.46,38.05,13.28,21.38,0,22.34
26.92,55.87,113.24,38.24,13.32,21.58,0,22.38
27.11,56.45,114.62,38.42,13.48,22.01,0,22.42
27.74,56.87,115.88,38.2,13.69,22.35,0,22.33
28.02,56.68,114.93,38.09,13.69,22.43,0,22.49
28.46,57.77,116.14,38.43,13.85,22.42,0,22.98
28.41,57.35,115.98,38.43,13.81,22.17,0,22.95
28.99,57.65,115.56,38.65,14.02,22.53,0,22.89
29.35,58.47,118.14,39.12,14.28,22.72,0,22.96
29.79,59.25,125.19,39.64,14.96,22.84,0,23.07
31,59.19,124.45,39.38,14.63,23.04,0,23.63
30.71,58.98,123,39.24,14.01,22.68,0,23.36
30.97,59.38,125.91,39.75,14.52,22.83,0,23.07
30.95,59.19,125.29,39.55,14.64,22.46,0,22.99
31.1,59.29,125.84,39.29,14.56,24.32,0,23.12
30.71,58.49,124.3,38.79,14.75,24.28,0,22.81
30.85,58.74,122.09,38.83,15.04,24.38,0,22.81
30.42,57.19,120.18,38.56,15.07,24.45,0,22.5
30.95,58.04,123.46,39.08,15.1,24.58,0,22.91
31.23,58.33,123.24,39.09,16.25,24.83,0,23.33
30.96,57.45,122.22,38.86,16.14,24.63,0,23.37
31.16,58.63,125.27,38.92,17.91,24.79,0,24.03
31.67,58.29,125.66,39.04,17.1,24.94,0,24
32.2,58.07,127.9,39.25,16.91,25.37,0,24.32
31.14,56.82,122.6,38.45,16.44,24.77,0,23.6
30.95,56.84,122.42,38.39,16.37,24.76,0,23.58
31.24,56.77,121.66,38.89,16.09,25.01,0,23.71
31.57,57.71,125.16,39.35,16.5,25.23,0,23.71
31.3,57.52,124.15,39.36,16.34,25.04,0,23.69
31.18,57.52,123.99,39.22,16.12,25.16,0,23.64
31.59,57.96,124.42,39.56,16.04,25.06,0,23.54
31.81,58.01,125.74,39.47,16.3,25.19,0,23.74
31.93,58.42,126.21,39.46,16.48,25.24,0,23.68
31.87,58.7,126.55,39.58,16.51,25.23,0,23.54
31.72,59.12,128.71,39.76,16.6,25.4,0,23.65
32.26,62.05,133.6,40.28,17.16,25.76,0,23.79
32.52,62.55,134.68,40.54,17.41,25.32,0,23.55
32.17,62.41,133.27,40.48,16.89,25.18,0,23.68
32.48,63.66,132.58,40.33,17.23,25.38,0,23.88
32.76,63.85,132.3,40.36,17.08,25.82,0,24.19
32.76,64.67,134.7,40.85,17.12,25.92,0,24.15
31.98,63.69,129.58,40.32,16.93,24.88,0,23.76
31.58,63.95,130.19,40.25,20.03,24.82,0,23.79
32.09,64.87,134.15,41.14,20.04,25.2,0,24.39
32.33,65.24,133.47,41.31,20.28,25.04,0,24.05
32.58,64.78,134.04,40.96,20.57,25.13,0,23.77
32.6,65,134.44,40.94,20.6,25.19,0,23.91
33.17,66.17,138.42,41.51,20.44,25.66,0,24.29
33.17,64.61,137.07,41.28,20.46,25.22,0,23.74
32.96,64.56,137.45,41.33,20.34,24.74,0,23.29
33.26,64.35,137.05,41.18,20.38,24.51,0,23.31
34.15,64.93,138.31,41.24,21.01,25.12,0,24
33.85,64.45,137.14,41.35,20.7,25.26,0,23.87
33.72,64.12,135.62,41.05,20.36,24.83,0,23.56
33.7,64.95,135.92,41.14,20.57,25.25,0,23.76
32.88,63.51,132.74,40.71,20.6,24.93,0,23.5
31.29,63.88,134.11,40.59,20.65,24.81,0,23.53
30.55,62.62,130.96,36,21.29,24.53,0,23.4
30.87,62.66,131.19,36.74,21.94,24.67,0,23.23
30.97,62.8,132.41,39.66,21.62,24.75,0,23.1
30.29,61.54,130.9,39.5,20.33,24.41,0,23.09
30.84,61.76,132.45,39.6,20.64,24.81,0,23.46
31.17,62.17,134.95,39.64,20.8,25.19,0,23.78
31.42,61.87,134.28,39.45,20.88,25.27,0,24
31.73,62.25,135.26,39.77,21.11,25.77,0,24.17
31.92,62.16,134.92,39.81,20.94,25.35,0,23.97
31.9,61.05,130.4,40.03,20.4,25.51,0,23.96
31.85,61.12,129.83,39.55,20.53,25.26,0,23.56
32.54,62.48,133.55,40,20.71,25.72,0,23.78
32.78,61.9,133.15,40.32,20.85,25.99,0,23.86
33.73,62.14,131.99,40.22,20.99,25.96,0,24.06
34.03,62.37,134.12,40.32,20.48,25.85,0,23.94
34.09,62.86,138.56,40.78,20.8,26.22,0,24.51
33,62.65,138.95,40.85,21.22,26.2,0,24.71
31.3,61.75,132,40.44,21.44,26.15,0,24.73
30,62.25,128.01,40.54,21.31,25.73,0,24.38
33.13,61.24,128.57,40.39,20.71,25.19,0,24.01
30,61.71,129.34,40.56,20.58,25.05,0,23.9
32.02,61.18,127.99,40.66,20.65,25.36,0,23.88
31.96,60.52,125.92,40.49,20.05,25.61,0,23.64
31.56,60.78,126.34,40.48,20.13,25.56,0,23.53
31.77,60.96,127.49,40.45,20.85,26.01,0,24.04
31.84,61.04,130.27,40.35,20.42,26.67,0,23.89
31.54,60.95,130.1,40.27,20.46,26.29,0,23.69
31.49,60.77,129.85,40.17,20.52,26.14,0,22.83
30.51,60.12,126,39.42,20.44,26.46,0,22.25
30.58,59.64,125.61,39.1,20.45,26.19,0,22
30.98,60.81,128.17,39.51,20.72,26.27,0,22
31.59,61.86,136.44,39.8,21.15,26.43,0,22.03
31.29,61.54,136.42,40.11,21.41,26.18,0,21.9
30.52,60.09,134.61,39.68,21.9,25.81,0,21.67
30.7,60,134.88,39.84,21.97,25.55,0,21.65
31.1,60.22,135.63,39.84,21.96,26.05,0,21.78
31.59,60.57,136.13,40.16,22.31,26.4,0,22.06
31.31,59.87,134.63,39.97,22.1,26.08,0,21.88
31.55,60.24,134.09,39.98,22.36,26.07,0,22.08
31.83,60.12,134.62,39.84,22.44,26.45,0,22.19
31.69,60.29,133.85,39.7,23.19,26.26,0,22.16
32.03,60.71,135.18,39.86,23.12,25.98,0,22.13
32.12,60.55,136.08,39.88,22.79,25.96,0,22.19
32.96,62.2,138.82,40.46,22.72,26.43,0,22.6
33.2,62.88,143.38,41.1,22.46,26.5,0,22.71
33.05,62.7,143.81,41.01,22.5,26.43,0,22.64
33.14,62.67,142.44,40.84,22.72,26.45,0,22.61
33.76,63.27,143.4,41.26,23.07,26.62,0,22.69
33.97,63.39,145.74,41.62,23.79,26.76,0,22.63
33.25,63.11,144.42,41.5,23.34,26.63,0,22.68
33.09,64.29,145.85,41.79,23.59,26.79,0,22.69
32.75,64.48,145.91,41.73,23.19,26.69,0,22.58
32.57,64.44,145.46,41.64,23.6,26.36,0,22.64
32.05,64.11,144.1,41.6,23.68,26.2,0,22.56
31.93,63.24,143.22,41.95,23.43,26.08,0,22.64
31.66,63.63,143.83,42.15,23.38,26.12,0,22.77
32.55,64.59,147.01,42.09,23.34,25.99,0,23.21
33.07,63.59,145.67,42.1,23.19,25.97,0,23.28
33.05,63.6,145.4,42.08,23.15,25.91,0,23.73
32.36,63.55,144.91,42.45,23.17,25.04,0,23.5
31.93,62.31,141.13,41.59,23.31,24.77,0,23.12
32.16,63.17,144.62,41.61,24.69,25.18,0,23.1
32.44,64.15,145.28,41.87,25.75,25.17,0,23.06
32.33,63.63,144.38,41.99,25.06,25.27,0,23.19
32.58,64.16,148.93,42.61,24.35,26.06,0,23.16
30.77,64.96,147.04,42.5,24.38,26.03,0,23.1
30.84,64.9,147.11,42.55,24.32,25.72,0,23.45
30.74,65.06,146.96,42.45,24.3,25.57,0,23.58
30.88,65,146.96,42.62,24.68,27.17,0,23.94
30.79,64.22,143.88,42.11,24.29,27.61,0,23.62
30.8,63.63,143.35,41.88,24.26,27.4,0,23.91
30.42,63.34,142.52,42.13,24.71,27.5,0,23.7
30.89,63.29,143.26,42.09,24.59,27.79,0,23.88
30.06,61.65,140.76,41.87,24,27.8,0,23.87
29.73,62.02,142.33,42.05,23.91,27.7,0,23.87
29.68,62.8,146.81,42.16,24.02,27.88,0,23.99
30.48,62.26,146.4,42.04,24.31,27.96,0,23.78
30.43,61.89,145.32,42.01,24.73,28.6,0,23.89
30.49,62.34,145.51,41.71,24.76,28.4,0,23.72
31.02,62.67,144.43,42.18,25.02,28.7,0,23.73
30.89,63.13,144.76,41.94,25.06,28.46,0,23.78
31.22,63.12,144.9,41.85,25.91,28.38,0,23.74
30.96,62.91,143.5,41.66,26.47,27.7,0,23.7
30.83,62.58,145.22,41.69,26.7,27.29,0,23.43
31.24,61.73,143.14,41.76,27.29,29.11,0,24.13
30.56,61.44,141.2,41.81,26.51,28.62,0,23.88
31.34,63.39,147.48,42.55,26.61,29.22,0,24.62
30.81,64.37,151.53,43.13,26.55,29.09,0,24.74
30.69,64.9,150.05,42.87,28.28,28.94,0,24.5
31.25,65.88,150.07,43.03,28.23,29.19,0,24.72
31.71,66.55,151.39,43.32,29.29,29.34,0,24.89
31.45,67.34,152.18,43.46,27.87,29.08,0,24.74
33.06,67.89,152.76,44.01,28.7,29.52,0,26.48
32.75,67.4,153.56,43.67,30.83,29.26,0,26.49
32.88,67.39,154.02,43.94,30.64,28.89,0,26.47
33.07,67.24,155.24,43.68,30.86,29.11,0,26.6
32.84,67.27,153.59,43.6,31.15,29.4,0,26.85
32.89,66.23,151.6,43.67,30.59,29.01,0,27.05
32.99,66.68,153.19,43.88,30.77,29.69,0,27.66
32.99,66.5,152.24,43.8,30.83,29.98,0,28.12
33.17,67.07,156.95,44.4,31.44,30.42,0,28.31
33.34,67.79,158.56,44.87,32.91,30.39,0,28.31
33.45,67.68,158.67,44.76,31.9,30.23,0,28.67
33.7,67.62,159.24,44.78,32.56,30.21,0,28.83
33.88,67.62,159.41,44.85,33.36,30.37,0,28.85
33.67,67.75,158.49,44.76,32.8,30.69,0,29.29
33.25,68.36,157.47,44.79,34.17,30.99,0,30.58
33.64,67.56,156,44.81,32.79,31.26,0,30.52
34.12,69.25,158.04,44.59,34.28,31.88,0,30.84
34.01,69.83,158.98,44.87,33.87,32.05,0,31.11
34.21,69.77,158.04,44.69,33.49,32.04,0,31.74
33.93,69.44,159.42,44.5,33.51,32.06,0,31.55
33.1,68.74,157.85,44.12,33.15,31.65,0,31.36
33.33,69.6,158.92,44.77,32.69,32.02,0,31.36
33.17,70.36,159.54,45.27,33.17,32.03,0,31.87
33.33,71.06,164.26,45.84,33.22,32.09,0,32.43
32.71,70.07,162.31,45.55,32.74,31.46,0,32.7
33.16,70.81,164.85,46.57,32.63,32.38,0,32.97
32.83,70.54,165,46.28,31.82,31.82,0,31.97
32.86,70.48,166.01,46.74,32.16,32.32,0,32.58
32.95,71.12,165.13,45.9,33.06,34.77,0,33.51
32.83,71.96,166.12,45.87,33.37,35.08,0,33.56
33.16,70.73,168.95,46.16,33.68,34.47,0,33.41
33.72,70.29,168.51,46.5,33.93,35.81,0,34.38
33.33,69.72,167.75,46.1,33.6,35.25,0,34.3
33.13,69.56,167.55,45.94,33.4,35.2,0,34.36
33.35,70.12,168.6,46.14,33.39,35.55,0,34.51
33.7,70.84,170.19,46.4,33.38,35.41,0,34.41
33.62,69.97,168.47,46.48,33.12,35.34,0,34.51
33.39,69.48,168.59,46.5,32.62,35.05,0,33.74
33.46,69.43,167.09,46.26,32.59,34.57,0,33.67
33.5,69.11,164.29,46.1,32.18,34.48,0,33.57
33.31,68.31,162.44,46.23,31.18,34.9,0,32.68
33.66,68.14,163.36,46.14,32.16,35.09,0,32.9
33.88,67.91,164.48,46.32,32.86,36.79,0,34
33.1,67.99,162.24,46.04,32.51,35.99,0,34.32
33.62,69.51,163.39,46.39,32.15,36.12,0,33.87
33.93,70.03,161.99,46.26,32.06,35.98,0,34.14
35.11,70.63,162.49,46.41,32.15,36.8,0,34.44
35.02,71.02,165.53,46.71,32.13,36.47,0,34.46
35.27,71.71,166.76,46.96,32.53,35.89,0,34.26
36.03,72.67,168.75,47.45,31.63,36.14,0,34.11
36.55,73.51,173.59,48.21,28.78,37.21,0,34.1
36.07,73.73,175.5,48.27,28.2,37.15,0,33.77
36.35,74.51,179.64,48.5,28.54,37.73,0,33.87
37.12,77.06,195.2,49.37,29.36,37.49,0,34.09
37.02,77.66,194.96,49.62,29.68,38.48,0,34.13
37.63,77.44,200.55,49.81,30.22,38.81,0,34.33
36.8,75.36,200.58,49.5,30.75,39.59,0,34.57
37.04,75.49,180.01,49.43,29.82,39.32,0,34.39
38.02,79.03,163.44,49.1,29.99,39.17,0,34.21
37.11,78.38,171.41,48.75,30.77,38.85,0,33.94
36.45,77.52,165.58,49.02,31.32,39.46,0,34.72
36.83,78.19,170.5,49.4,31.69,39.91,0,35.5
35.57,75.12,166.51,48.06,31.35,38.58,0,34.38
34.47,72.36,165.38,46.55,29.85,37.05,0,32.64
34.88,74.11,163.2,46.68,30.01,38.01,0,33.4
34.67,73.43,177.31,46.83,30.69,37.78,0,33.24
33.5,70.98,169.27,45.2,30.5,36.24,0,31.29
33.43,70.99,166.12,45.16,28.91,35.49,0,31.71
33.19,71.54,162.88,45.38,28.43,35.55,0,31.67
33.12,73.12,164.67,45.86,28.47,35.9,0,31.31
34.43,74.46,164.14,46.89,28.88,36.35,0,32.26
34.99,74.84,163.99,47.41,28.81,37.32,0,32.44
34.47,75.05,164.25,47.34,28.71,37.32,0,34.22
34.51,74.9,164.08,47.44,29.21,37.88,0,34.96
34.7,75.02,164.89,47.56,29.44,37.52,0,34.79
34.41,75.06,166.35,47.36,28.72,35.05,0,34.59
34.51,72.94,164.17,47.06,28.25,34.05,0,33.76
35.38,74.31,167.13,47.55,28.41,35.27,0,33.41
35.32,73.95,169,47.77,28.9,35.28,0,34.54
34.25,73.03,168.75,47.06,28.92,34.95,0,33.5
34.22,72.81,167.5,46.69,27.86,35.38,0,33.5
33.27,70.85,163.41,45.99,28.21,34.92,0,32.08
33.72,71.53,163.02,46.14,28.25,35.3,0,32.5
33.84,71.58,165.03,46.12,27.58,35.28,0,32.5
34.76,72.65,166.75,46.61,28.25,35.64,0,32.44
34.85,73.04,168.41,46.45,27.79,35.8,0,32.5
35.91,76.61,179.12,47.6,28.28,35.71,0,32.74
36.78,76.45,188.86,48.48,28.31,35.4,0,32.9
36.77,75.63,191.75,48.72,28.36,34.39,0,33.29
35.79,73.85,185.39,47.79,28.88,33.36,0,32.02
35.69,73.89,185.24,47.78,28.67,33.86,0,31.97
35.68,74.76,186.21,47.68,29.22,33.11,0,31.37
35.98,75.05,184.72,47.56,28.22,33.21,0,31.27
36.27,75.05,181.6,47.41,26.45,33.6,0,31.01
36.73,75.15,184.18,47.34,25.52,33.52,0,31.24
36.12,73.31,178.89,47.15,25.31,33.58,0,31.07
34.53,71.33,175.54,45.99,24.23,32.19,0,30.21
33.26,69.32,175.87,45.06,23.56,31.04,0,29.4
34.92,70.47,177,46.01,24.07,31.98,0,29.8
34.86,71.64,177.71,45.93,23.84,31.8,0,29.58
34.09,70.77,176,45.4,23.35,31.33,0,28.94
35.02,71.89,182.36,45.92,23.2,31.85,0,29.27
34.59,71.4,183.45,45.6,22.86,31.31,0,29.05
33.87,70.57,180.99,45.12,22.78,30.75,0,28.46
34.44,70.94,180.27,45.35,23.38,31.39,0,28.23
34.93,70.02,179.55,45.25,24.09,32.02,0,28.72
35.56,71.11,181.22,45.57,25.07,33.12,0,29.54
34.12,69.22,178.48,44.82,24.58,32,0,28.96
34.37,69.87,180.37,45.3,24.16,31.83,0,28.63
34.67,71.41,183.25,45.61,24.16,32.37,0,28.88
33.67,70.84,179.82,45.82,23.42,32.49,0,28.68
34.92,72.38,186.63,46.58,23.71,33.18,0,29.23
34.4,71.82,183.83,46.57,23.11,32.73,0,28.82
34.77,72.95,188.64,47.12,24.14,33.94,0,29.55
36.11,73.51,190.66,47.51,25.14,34.4,0,29.62
36.4,74.41,192.88,48.27,25.32,35.03,0,30.12
35.55,73.88,191.73,47.79,25.24,35.01,0,30.3
35.42,73.92,192.49,47.52,26.09,34.97,0,30.2
36.16,74.44,193.22,47.63,25.75,35.01,0,30.73
35.52,73.78,189.88,47.08,25.8,34.23,0,30.31
35.31,72.39,182.85,46.69,25.56,33.75,0,30.19
32.28,73.1,184.25,46.65,26.04,33.45,0,30.4
31.27,72.32,185.1,46.66,26.32,33.08,0,30.04
31.42,73.34,186.18,46.82,26.75,33.21,0,30.19
31.4,74.85,191.83,47.15,26.78,34.02,0,30.16
31.21,75.25,191.02,47.49,27.65,33.95,0,32.36
31.27,75.36,191.57,47.53,27.15,33.44,0,32.2
31.86,76.37,192.42,47.72,26.8,33.69,0,32.73
31.6,76.88,191.9,47.59,28.02,33.4,0,32.96
32.05,76.64,191.75,47.41,27.58,33.94,0,33.19
32.91,77.88,199.2,47.58,27.61,33.61,0,33.45
33.37,79.01,201.5,48.4,28.99,35.26,0,34.03
31.8,78.12,195.64,48.38,28.64,34.99,0,33.72
32.31,77.49,191.62,49.41,28.83,36.06,0,33.7
31.73,77.87,190.91,49.01,29.78,36.15,0,33.87
31.91,78.36,192.52,49.31,30.14,36.3,0,34.37
32.17,78.06,189.98,49.48,30.59,36.89,0,34.77
32.34,77.86,189,49.19,30.9,36.55,0,34.69
32.01,79.26,194.18,50.15,30.95,37.01,0,34.64
31.57,79,193.87,50,30.31,36.44,0,34.09
31.59,79.28,194.62,49.6,30.48,36.25,0,33.8
31.31,79.3,193.65,49.55,30.44,36.58,0,34.07
31.45,79.36,194.2,49.86,30.11,37.16,0,33.99
31.25,79.36,193.5,49.58,29.76,37.2,0,33.78
31.3,79.6,193.39,49.26,29.67,37.33,0,33.82
31.89,80.26,195.67,49.52,30.01,37.9,0,34.17
31.44,80.6,196,49.55,30.5,37.75,0,34.44
31.78,80.46,192.47,49.18,31.03,38.62,0,35.19
31.53,79.8,182.81,49.04,31.3,38.22,0,35.36
30.85,78.7,176.85,48.29,31.4,36.99,0,35.31
31.55,78.91,179.5,48.72,31.44,38.03,0,35.17
31.34,77.66,176.23,48.2,30.81,37.44,0,34.46
30.77,77.98,178.09,48.17,30.18,36.58,0,33.93
31.58,79.13,180.81,48.54,29.73,36.94,0,34.09
31.64,80.29,179.38,48.64,30.09,37.13,0,34.29
30.95,80.32,176.41,48.2,29.72,36.87,0,34.05
31.43,80.6,176.24,48.52,30.14,36.18,0,33.92
31.24,80.35,173.31,47.7,30.18,36.56,0,34.8
31.32,81.27,175.08,47.81,31.23,36.84,0,34.79
29.91,79.33,172.41,47.26,30.89,36.67,0,34.63
30.53,80.01,174.44,47.72,29.56,36.88,0,34.83
30.3,79.39,171.99,47.28,29.6,36.76,0,34.8
30.06,79.8,170.12,47.46,28.69,36.58,0,34.7
29.27,75.84,166.55,46.04,27.91,34.79,0,33.21
29.16,77.24,167.2,46.01,28.24,35.43,0,33.43
28.37,75.92,163.88,45.54,27.14,34.59,0,32.84
28.37,75.61,164.01,45.21,27.09,34.5,0,32.94
29.03,76.36,167.32,45.85,26.97,34.64,0,33.48
28.14,71.24,154.12,44.33,26.62,34.49,0,33.71
27.98,70.95,152.16,35,26.89,35.14,0,34.12
28.11,71.88,153.54,37.18,27.64,35.38,0,34.35
28.41,72.22,154.83,43.97,28.16,35.75,0,34.3
28.97,72.35,156.86,44.64,28.21,36.79,0,34.44
29.45,73.33,160.13,45.44,28.62,37.08,0,35.73
29.92,73.62,165.38,45.72,28.26,37.27,0,35.98
29.89,72.3,161.17,45.19,28.95,37.33,0,36.11
30.49,73.18,164.53,45.93,28.99,38.19,0,36.63
30.93,73.74,165.23,45.96,29.35,38.17,0,36.57
31.11,74.08,166.03,46.26,31.28,37.92,0,35.71
31.25,74.49,164.95,46,33.14,38.32,0,35.62
31.02,74.67,164.95,45.85,33.83,37.9,0,35.25
30.82,74.05,163.54,45.59,34.15,38.11,0,35.69
31.19,73.83,163.91,46.01,34,38.34,0,35.91
30.97,73.91,163.73,45.69,33.92,37.83,0,35.83
30.76,74.48,163.55,46.1,33.03,37.63,0,35.03
31.51,75.12,165.8,46.73,33.1,37.72,0,35.09
31.22,71.31,165.25,46.05,32.15,36.49,0,34.31
30.71,71.53,163.39,45.67,31.28,35.39,0,34.23
30.76,70.27,161.81,45.64,30.5,35.91,0,34.5
31.37,71.9,166.78,46.01,31.1,37.35,0,35.32
28.5,69.01,159.95,45,29.78,35.48,0,34.06
28.96,68.44,149.64,43.91,28.87,36.15,0,32.86
28.53,68.64,149.16,43.83,28.99,36.78,0,33.46
29.33,69.19,152.94,43.56,29.15,36.68,0,32.99
29.61,69.03,153.29,43.87,28.56,36.03,0,31.96
28.94,68.65,153.9,43.72,28.48,35.87,0,32.2
29.11,68.52,152.28,43.89,25.68,35.7,0,31.87
28.86,67.85,148.51,43.25,25.98,35.06,0,30.85
29.02,67.08,147.99,42.68,25.95,34.39,0,30.84
28.98,66.71,143.87,42.24,26.41,35.35,0,31.56
28.35,64.44,138.16,41.27,26.42,35.17,0,31.52
28.27,65.11,139.59,41.44,27.29,35.65,0,32.11
28.54,65.86,142.33,41.75,26.61,35.8,0,32.31
28.58,65.63,145.78,42.11,27.49,36.56,0,32.09
29,66.25,145.3,42.5,27.8,36.56,0,32.37
28.83,65.64,145.04,42.7,27.83,36.92,0,32.49
28.55,65.51,145.14,42.27,29.09,36.97,0,32.9
28.49,65.53,145.89,42.63,29.1,36.87,0,33.02
29.23,66.72,148.71,43.34,28.51,36.07,0,32.45
29.16,66.2,147.96,43.09,28.85,36.23,0,32.84
29.59,66.23,148.76,43.43,28.97,36.4,0,32.94
28.89,65.71,148.47,42.77,28.46,36.2,0,32.62
28.99,65.42,148.31,42.74,28.99,36.42,0,32.64
28.59,65.15,145.53,42.43,28.42,36.03,0,31.9
27.96,64.5,143.04,41.98,27.51,35.29,0,31.19
27.65,63.11,140.35,41.59,26.96,34.48,0,30.84
27,61.07,127.84,40.4,24.83,32.97,0,29.1
26.76,60.61,128.37,39.7,24.17,32.83,0,29.79
26.95,61.2,134.16,39.73,23.56,33.24,0,29.89
26.93,60.49,133.49,39.18,25.29,33.44,0,30.27
27.26,61.25,134.92,39.24,26.51,34.45,0,30.4
27.48,61.25,135.17,39.77,26.29,33.78,0,28.94
27.68,61.4,135.27,40.01,26.5,33.57,0,28.01
27.41,61.22,132.44,39.87,26.43,33.14,0,28.32
27.58,60.41,132.97,40.25,26.97,33.73,0,28.22
28.37,60.92,135.73,40.63,26.81,33.37,0,27.62
28.52,60.94,137.31,40.82,24.72,34.45,0,27.95
28.48,60.95,136.74,40.98,23.29,34.35,0,28.02
27.9,60.45,132.97,40.31,23.02,33.68,0,27.52
27.86,60.66,133.92,40.44,23.38,34.06,0,27.47
27.6,59.82,131.64,40.17,22.89,33.92,0,27.39
27.72,59.76,128.92,39.82,23.71,33.82,0,27.08
27.92,59.33,127.04,39.58,24.03,33.86,0,26.65
26.93,59.74,125.29,39.5,24.74,33.53,0,26.19
26.82,59.2,123.81,38.81,24.69,33.16,0,25.86
27.53,60.82,127.14,39.22,25.5,34.04,0,26.21
26.91,59.35,123.42,38.76,25.53,33.65,0,26.29
26.24,58.73,120.58,38.28,24.02,32.04,0,25.06
26.47,58.3,116.26,37.61,23.07,31.72,0,23.84
27.35,58.25,118.96,37.75,23.18,32.21,0,24.38
26.22,56.32,115.11,36.82,22.24,31.08,0,23.67
25.94,55.48,116.22,36.42,22.21,31.69,0,23.74
26.46,56.13,116.58,37.05,22.07,31.84,0,24.58
26.78,55.83,114.66,36.99,21.27,31.69,0,24.72
27.62,57.28,117.83,37.9,21.66,32.71,0,25.21
27.91,57.37,118.29,37.96,22.1,32.94,0,25.75
27.32,56.06,113.85,37.56,21.58,31.73,0,25.9
26.65,55.67,110.19,37.42,20.9,31.08,0,24.88
26.1,54.86,108.66,37.22,18.82,30.49,0,23.71
25.3,53.37,102.71,36.03,17.79,29.29,0,22.35
24.2,52.01,99.39,35,18.02,27.66,0,21.71
25.29,54.33,103.22,35.39,18.96,29.59,0,23.17
24.93,52.35,100.47,34.8,18.55,26,0,22.54
24.22,50.65,94.15,34.08,17.05,24.4,0,21.74
25.18,50.88,97.59,34.47,17.82,25.06,0,22.18
26.68,51.03,100.59,35.49,18.17,26.55,0,23.13
27.89,57.07,112.63,36.97,19.28,28.4,0,25.06
28.17,56.24,111.68,37.56,18.63,27.8,0,24.91
27.64,55.1,109.29,37,17.59,27.05,0,24.37
27.37,55.42,109.66,36.69,17.41,27.45,0,24.3
27.93,56.58,114.02,37.3,17.29,27.33,0,24.1
26.95,53.67,98.95,36.01,17.69,26.73,0,25.44
25.54,52.07,98.31,35.12,14.44,24.94,0,23.78
25.17,50.97,99.49,34.43,14.76,23.65,0,23.05
25.74,51.54,101.99,34.92,14.31,23.61,0,24.1
25.94,52.44,103.23,35.3,14.89,24.62,0,24.61
26.4,53.73,106.39,35.9,15.45,25.16,0,24.18
26.58,53.81,107.76,36.2,16.03,24.87,0,23.42
25.67,50.42,104.22,35.58,15.04,23.74,0,22.85
25.11,50.32,100.96,34.42,14.94,22.49,0,21.85
26.05,51.97,105.73,35.58,15.17,23.45,0,22.91
25.88,50.73,104.62,35.67,15.15,23.29,0,22.98
25.81,50.7,104.28,35.59,15.31,23.05,0,22.9
27.11,54.44,111.49,36.62,15.9,23.93,0,23.77
27.43,54.11,112.83,36.6,16.37,23.58,0,23.81
27.77,55.16,112.78,37.07,17.64,24.95,0,25.62
27.31,54.45,108.12,36.65,18.24,24.85,0,26.16
26.96,54.96,109.4,36.45,18.1,24.81,0,26.16
28,58.34,119.79,38.01,18.39,25.75,0,26.27
27.01,55.56,110.35,36.88,17.65,24.43,0,24.33
27.24,55.29,110.39,36.42,17.9,24.2,0,24.11
27.4,55.68,112.41,36.35,18.19,24.37,0,24.26
25.98,53.37,104.88,35.45,17.5,23.73,0,23.19
25.81,53.43,106.24,35.03,17.48,24,0,23.47
25.62,54.25,105.53,35.36,17.13,23.4,0,22.94
26.86,55.43,109.4,35.85,17.96,24.01,0,23.55
26.64,55.08,108.1,35.86,16.8,24,0,22.48
26.46,54.95,106.67,35.6,16.92,23.93,0,22.44
25.61,52.61,104.43,34.9,16.39,22.82,0,22.14
25.7,52.94,103.07,35.01,16.2,22.35,0,22.01
24.5,51.18,98.38,34.25,15.91,20.79,0,21.2
23.5,50.32,97.8,32.56,14.95,20.37,0,20.54
22.37,48.53,93.4,31.9,14.05,19.69,0,19.55
21.83,48.48,92,31.4,13.7,19.24,0,18.78
22.28,50.11,95.76,31.73,14.58,20.19,0,19.35
23.16,51.45,99.23,32.22,15.49,21.01,0,20.11
23.71,51.14,98.15,32.29,15.46,20.44,0,20
23.71,50.87,97.23,32.9,15.78,20.38,0,20.1
24.25,52.05,98.91,32.95,16.01,20.78,0,20.3
25.04,54.09,102.59,33.25,16.43,21.23,0,20.92
25.19,54.16,104.39,33.25,16.68,21.27,0,21.38
24.7,52.18,103.39,32.84,16.65,21.05,0,21.35
25.77,55.15,107.56,34.14,17.56,22.25,0,22.09
26.5,55.45,109.42,34.45,18.3,23.38,0,22.71
27.19,56.59,112.9,34.82,18.46,24.52,0,23.11
27.6,56.92,114.35,35.74,18.43,25.6,0,23.59
27.99,56.73,111.4,35.79,18.53,26.08,0,23.75
27.99,56.98,113.54,35.76,18.48,26.23,0,24.19
27.39,55.81,108.1,35.17,18.24,25.38,0,23.42
27.33,56.62,107.79,35.17,18.24,25.27,0,23.24
27.47,56.77,111.43,35.73,19.27,25.77,0,24.19
27.74,57.04,114.27,35.69,20,25.8,0,24.43
28.54,57.69,115.18,36.13,20.04,26.71,0,24.73
28.38,57.36,113.43,35.99,19.42,26.69,0,24.59
27.85,57.01,111.99,35.7,18.59,26.02,0,24.29
27.81,57.24,113.06,35.9,18.15,25.66,0,24.38
27.9,56.35,114.35,36.1,18.39,25.97,0,24.79
28.7,56.98,118.52,36.57,18.39,26.7,0,24.88
28.46,56.26,118.2,36.39,18.06,26.59,0,24.86
28.35,56.25,116.67,36.4,18.29,26.16,0,24.71
28.99,59.03,120.49,36.99,18.51,26.65,0,24.99
29.45,58.35,123,37.58,18.69,27.3,0,25.36
29.74,59.89,126.07,37.75,19.61,27.68,0,26.05
29.54,59.1,124.38,37.91,18.96,27.92,0,26.09
29.5,59.63,127.22,38.03,19.28,27.7,0,26.26
29.61,60.86,131.45,38,18.58,27.56,0,26.45
28.9,59.44,126.86,37.4,18.02,27.19,0,26.23
28.97,59.01,125.09,37.34,17.02,26.62,0,25.75
28.98,59.6,124.99,37.34,17.99,27.17,0,26.19
28.86,60.1,126.12,37.32,18.11,27.43,0,26.49
29.22,60.36,127.57,37.45,18.09,27.55,0,27.35
27.37,59.36,123.42,36.98,17.75,27.42,0,27.23
28.2,60.32,124.51,36.95,18.14,27.84,0,27.85
28.56,60.97,126.76,37.13,18.36,27.96,0,28.21
28.46,61.12,128.36,37.34,18.27,28.11,0,28.47
28.81,61.36,129.21,37.6,18.02,28.39,0,28.9
28.34,61.5,129.64,37.97,17.96,28.25,0,28.78
27.7,61.6,131.77,38.24,19.03,31.02,0,29.37
27.7,61.08,129.19,38.16,18.58,30.87,0,28.92
27.68,61.79,130.44,38.15,18.49,31.12,0,28.68
27.16,61.42,127.65,37.9,17.85,30.88,0,28.46
26.74,61.43,126.53,37.56,18.22,29.75,0,28.12
26.98,60.39,125.1,37.63,17.86,30.11,0,28.39
26.84,59.66,125.58,37.45,17.99,29.73,0,27.51
26.89,59.59,124.11,37.42,17.34,29.26,0,27.06
26.97,60.78,123.54,37.25,17.24,28.67,0,26.23
26.45,59.99,118.64,36.37,17.32,28.49,0,25.76
26.49,60.22,119.59,35.99,17.35,28.95,0,26.06
26.57,60.14,119.32,36.26,17.58,29.31,0,26.95
26.61,59.15,117.35,35.96,17.53,28.8,0,26.42
26.57,59.35,116.99,35.81,17.09,29.06,0,26.27
26.45,59.39,115.64,35.59,16.41,28.38,0,25.72
26.02,59.74,115.79,36.05,13,28.23,0,26.49
26.24,60.08,116.15,36.32,14.13,28.04,0,26.4
26.57,59.3,117.81,36.57,14.91,27.76,0,26.35
26.25,59.13,118.14,36.42,15.75,27.59,0,26.41
26.89,61.2,121.14,36.9,15.44,27.9,0,26.65
26.09,59.58,116.87,36.15,14.85,27.34,0,25.76
25.74,59.28,116.45,36.07,14.57,27.64,0,25.76
25.78,60.09,117.33,36.07,14.27,27.92,0,26.15
25,59.03,116.56,35.93,13.98,26.88,0,25.52
25.44,60.34,117.61,36.23,14.34,27.31,0,25.77
25.66,60.96,119.33,36.54,14.16,27.37,29.98,25.84
26.59,63.33,129.34,37.73,14.9,28.33,30.98,26.32
26.79,64.84,135.03,38.28,15.58,28.58,30.85,26.31
27,64.21,137.55,38.67,15.54,29.15,30.99,26.4
27.15,65.63,139.67,38.7,15.83,29.01,30.99,26.68
27.44,65.9,140.92,38.93,16.53,29.14,31.45,27.47
27.55,66.03,144.86,38.75,16.07,28.88,31.67,26.92
26.47,65.53,139.23,38.59,15.64,28.35,31.61,26.36
26.65,65.86,141,38.68,15.98,29.17,32.22,27.35
26.93,66.08,141.01,38.56,15.96,29.4,32.95,27.27
27.34,66.84,143.78,38.94,16.33,29.87,33.49,27.91
27.27,66.51,141.77,38.9,15.92,29.58,33.19,27.68
27.44,68.14,144.71,39.1,16.03,29.89,32.96,27.87
27.56,67.89,143.36,39.23,16.23,29.58,32.76,28.48
27.51,68.15,142.46,39.14,16.33,29.81,32.78,27.76
27.29,67.53,140.5,38.93,16.24,29.76,32.75,27.34
27.2,66.81,140,38.97,16.11,29.82,32.68,27.5
27.5,67.04,142.94,39.33,16.08,30.53,32.63,27.87
27.8,67.02,144.35,39.1,16.01,30.93,32.49,27.92
27.75,67.13,147,39.1,15.92,30.55,32.44,27.6
28.31,67.85,149.3,39.55,16.24,30.53,32.38,28.18
28.6,68.07,148.65,39.8,16.28,30.06,32.42,27.63
26.65,67.04,144.44,39.12,15.69,28.78,32.16,26.98
25.83,67.87,146.15,38.92,15.15,27.79,31.52,26.07
25.66,67.43,145.52,39.02,14.99,27.94,31.55,25.97
25.98,68.44,147.34,39.2,15.25,28.05,31.39,26.48
25.49,66.57,141.33,38.29,14.87,27.51,30.94,26.07
24.88,64.43,135.69,37.29,14.41,26.49,30.47,25.52
25.66,65.31,135.95,37.43,14.37,26.71,30.41,25.48
25.55,64.92,136.33,37.26,14.36,26.98,30.62,25.16
25.63,65.46,130.03,37.17,14.67,27.17,30.2,25.14
25.36,62.08,121.87,36.11,14.02,26.03,29.92,23.64
25.94,62.72,123.29,36.07,14.02,25.98,30.04,23.17
26.1,62.95,125.25,36.26,13.91,26.51,30.19,23.13
26.51,63.37,127.32,36.56,13.99,26.72,30.99,23.32
25.88,60.31,121.37,35.84,13.75,26.15,31.1,22.48
25.33,59.2,120.12,35.3,13.55,25.95,31.83,22.18
25.78,58.7,120.87,35.46,13.74,26.14,31.81,23.08
25.81,58.59,119.9,35.41,13.81,25.64,31.96,22.82
25.35,56.94,113.92,35.11,13.57,25.51,31.73,23.03
25.54,57.44,114.19,35.19,13.31,25.89,31.16,22.9
25.5,57.3,114.33,35.3,13.11,25.82,31.15,22.46
25.32,56.79,114.07,35.28,13,25.48,31.24,22.14
25.35,56.67,114.4,35.07,12.98,25.07,30.99,21.99
25.34,55.53,111.4,34.77,13.03,24.24,30.98,21.33
24.83,55.05,107.29,34.67,12.91,23.92,30.07,20.88
23.86,52.95,103.57,33.99,12.55,22.96,29.94,20.65
25.65,55.63,112.85,34.78,13.4,24.03,30.06,21.73
25.96,55.07,110.42,34.86,13.01,23.82,29.98,21.16
26.5,54.62,110,35.03,12.77,24.17,29.73,21.14
26.27,56.07,111.02,35.5,13.63,25.07,30.06,21.55
27.42,58.27,116.66,36.48,13.57,25.65,31.01,21.71
27.97,58.67,118.15,36.4,13.85,26.72,31.17,22.46
27.69,57.05,114.73,36,13.53,25.99,31.12,22.6
27.71,57.33,117.2,36,14.29,26.43,31.06,22.95
27.66,57.26,115.58,35.82,13.82,26.35,31.16,22.8
27.55,57.06,115.68,35.85,14.14,27.1,30.42,22.91
28.22,59.44,121.99,36.44,14.28,27.51,30.38,22.94
27.73,58.97,122.32,36.85,13.87,27.88,28.93,21.77
28,59.42,122.43,37.32,13.9,27.9,29.9,21.68
27.7,59.2,121.45,37.08,13.66,27.27,30.3,21
27.92,58.77,121.98,36.71,13.52,27.46,29.22,20.94
27.61,57.41,118.94,36.24,13.48,26.58,30.39,20.4
27.87,58.66,121.26,36.49,13.53,26.84,30.21,20.88
28.43,58.79,123.94,37,13.91,27.41,30.32,21.37
28.55,59.13,124,37.25,13.97,26.95,29.66,21.48
28.68,61.97,131.23,37.82,13.76,27,29.13,21.51
28.88,62.14,132.98,38.31,14.14,27.55,29.19,21.51
28.89,62.19,133.38,38.48,14.19,27.87,29.1,21.4
29.15,62.08,133.28,38.51,14.36,27.82,29.07,21.53
29.22,61.82,132.85,38.41,14.49,27.56,29.13,21.66
28.9,62.01,133.06,38.23,14.37,27.34,29.11,21.66
29.22,62.89,133.69,38.19,14.51,27.23,28.88,22.04
29.12,62.24,130.33,38.18,14.5,26.52,28.69,22.03
28.79,62.6,130.6,38.13,14.3,26.05,27.35,21.53
29.01,63.22,133.88,38.19,14.67,26.42,28.94,22.36
29.37,63.94,137.77,38.41,14.75,27.05,28.93,22.48
29.4,64.72,139.31,38.77,15.01,27.2,28.49,22.86
28.85,64.18,135.84,38.54,14.58,26.45,28.3,22.49
28.74,64.32,135.05,38.48,14.29,25.92,28.49,22.53
28.58,63.89,134.59,38.5,14.13,25.47,27.96,22.1
28.34,63.95,133.77,38.29,14.09,25.05,28.09,21.27
29.2,65.23,138.31,38.58,14.25,25.95,28.2,21.12
29.7,64.94,140.87,38.84,14.45,26.8,28.13,21.98
29.37,62.62,137.88,38.41,14.16,26.36,27.47,21.53
30.47,63.17,139.4,38.56,14.52,27.01,27.64,21.94
30.46,62.35,138.23,38.26,14.49,26.87,26.32,21.49
30.55,61.4,135.59,38.05,14.49,27.93,26.07,21.57
30.01,60.45,130.04,37.47,14.02,26.45,26.4,20.83
29.39,58.8,122.87,36.61,13.9,25.85,26.18,19.79
28.64,56.88,119.7,36.01,13.73,26.06,25.32,19.45
27.93,54.52,111.06,34.71,13.35,25.36,24.59,18.97
28.22,54.49,111.9,34.95,13.28,24.8,23.52,18.49
28.26,53.98,109.86,34.75,13.06,24.12,23.46,17.54
28.9,55.33,111.49,35.29,13.65,24.61,23.66,18.67
28.84,53.97,108.84,34.94,13.95,24.4,23.4,19.02
28.42,52.25,107.02,34.34,13.23,23.89,20.79,19.57
28.86,53.61,108.89,34.58,13.22,23.65,21.06,19.55
27.72,51.77,104.33,33.57,12.67,22.46,21.28,18.67
27.94,51.38,102.49,33.58,12.52,21.76,21.44,17.96
28.31,52.41,105.54,34.07,13.09,23,21.45,18.72
28.76,54.67,112.41,35.06,13.58,23.29,21.81,19.27
28.81,55.14,114.01,35.04,13.73,23.44,22.25,19.4
28.5,55.1,113.5,35.32,14.21,23.39,22.2,19.68
28.5,54.41,110.06,35.09,14.29,23.53,22.25,19.7
27.79,53.1,105.34,34.4,13.51,22.7,21.31,19.16
28.05,53.71,105.4,34.85,13.63,23.03,21.36,20.14
27.88,54.26,104.15,35.09,13.26,22.5,21.55,20.06
28.14,54.51,105.29,35.21,13.62,23.4,21.84,20.7
28.15,55.14,106.3,35.55,14.29,24.1,22.51,21.58
28.05,55.44,110.15,35.53,14.15,24.04,22.66,20.84
27.47,54.78,107.92,35.16,13.58,23.73,22.57,20.2
27.08,54.28,105.31,35.14,13.29,23.43,22.17,20.21
27.48,55.07,108.9,35.9,13.64,23.45,21.78,20.77
27.97,56.11,111.31,36.53,13.73,24.01,22.78,21.17
28.3,56.19,111.44,36.76,13.49,23.91,22.9,20.87
28.39,58.08,114.6,37.04,13.99,24.94,22.73,21.69
28.78,58.99,116.87,37.2,13.97,25.57,23.37,22.19
28.75,59.27,114.32,37.38,14.43,26.49,24.11,22.22
29.17,60.11,117.05,37.7,14.56,26.71,24.02,22.2
29.05,59.32,117.43,37.97,14.73,27.15,24.14,22.49
29.69,59.6,116.61,37.67,14.49,27.14,23.93,22.62
29.59,59.08,113.92,37.37,14.29,26.92,23.72,22.34
29.52,58.37,112.88,37.56,13.98,26.76,23.35,21.85
29.05,57.54,111.46,37.5,13.96,26.36,23.19,21.8
28.82,56.33,108.53,37.19,13.39,25.84,23.07,21.13
28.62,56.2,108.06,36.97,13.97,25.65,23.06,21.88
28.41,55.68,109.36,36.62,13.51,25.08,22.71,20.9
28.26,57.06,111,36.54,13.61,24.85,22.43,21.1
27.67,55.89,110.34,36.42,13.27,24.32,22.07,20.45
27.26,57.11,108.24,36.19,13.12,23.68,22.08,20.19
27.73,57.74,108.67,36.22,13.28,23.95,22.83,20.3
27.67,57.23,109.92,36.31,13.19,23.91,22.66,20.16
27.1,56.54,111.19,36.4,13.09,23.86,22.17,19.65
27.27,55.97,109.8,36.74,12.95,24.01,21.33,19.68
27.28,55.96,108.89,36.92,12.92,24.58,22.07,19.68
27.24,54.93,106.96,36.76,13,24.93,22.96,20.05
26.34,53.45,102.57,36.24,12.87,24.66,22.46,19.89
26.8,54.15,104.42,36.35,12.85,25.06,22.57,19.74
27.44,54.77,106.02,36.65,12.82,25.08,22.57,20.17
28.07,57.58,112.77,37.54,13.04,26.01,23.06,20.81
27.95,57,112.31,37.54,13.18,26.02,23.22,20.77
27.86,57.31,114.88,37.77,13.51,26.29,23.5,21.09
27.42,57.38,113.81,37.93,13.72,26.21,22.88,20.46
27.64,57.35,113.99,37.99,13.81,26.22,22.89,20.68
27.84,57.43,113.51,37.85,13.68,26.01,23.37,20.82
27.99,57.94,116.87,38.09,13.64,25.88,23.73,20.89
27.7,58.57,115.69,38.37,13.05,26.15,24.39,21.33
28.03,59.17,115.86,38.3,13.98,26.82,24.43,21.31
28.21,61.15,117.1,38.75,14.25,26.24,24.29,21.45
28.14,61.2,120.84,39.2,14.67,26.98,24.19,21.71
28.55,62.41,123,39.57,14.67,27.25,24.75,21.46
28.52,62.01,120.2,39.3,14.19,27.35,24.71,21.42
28.66,62.55,123.72,39.4,14.42,27.62,24.53,21.58
28.49,61.84,121.34,39.34,14.48,27.25,25.09,21.78
28.83,63.03,123.18,39.95,15.08,27.37,25.07,22.78
29.77,64.06,126.7,40.15,15.56,28.09,25.42,22.98
30.39,63.73,126.56,40.19,15.77,27.83,25.17,23.29
30.51,63.15,122.59,39.77,15.32,27.3,25.07,21.47
30.83,63.82,125.49,40.15,15.53,28.1,25.09,21.3
31.41,64.05,126.46,40.16,16.06,28.62,24.88,21.5
31.44,63.11,121.61,39.99,16.62,28.86,24.88,21.64
30.98,62.48,120.71,39.93,16.65,28.9,24.81,21.42
31.04,62.14,118.81,39.51,16.99,29.05,24.81,21.29
31.09,62.37,118.62,39.57,18.09,29.06,24.31,21.88
31.17,62.66,117.68,39.78,18.15,29.28,22.8,22.43
31.53,62.12,120.15,40.01,17.92,30.11,23.1,23.12
31.8,61.9,120.25,40.21,17.9,30.37,22.69,23.38
31.81,60.68,117.55,40.22,17.95,30.34,22.56,23.49
31.7,60.35,118.35,40.06,18.03,30.01,22.93,22.78
31.93,61.28,119.16,40.09,18.02,29.88,23.16,22.46
32.04,63.4,123.97,40.46,18.26,29.84,23.24,22.96
31.93,62.97,121.53,40.58,17.95,29.48,23.39,23.23
32.17,63.42,121.93,40.59,18.18,29.82,23.8,23.48
32.11,63.2,121.85,40.33,18.31,29.75,24.22,23.5
31.97,62.75,120.84,40.17,18.12,29.41,24.27,23.4
31.96,62.71,119.4,40.25,17.79,29.27,23.89,23.29
31.62,61.93,116.6,39.85,17.82,29.1,23.71,23
31.77,62.68,118.73,40.02,18.06,28.96,23.37,22.98
31.93,63.27,118.26,39.99,17.85,28.67,23.67,22.55
32.16,64.12,121.65,40.54,18.16,29.38,23.87,23.4
31.86,64.14,120.39,40.56,18.4,28.99,23.6,23.15
31.99,64.14,119.39,40.15,18.33,29.14,23.99,23.25
32.1,65.43,120.77,40.47,18.4,29.37,24.12,23.31
32.54,68.69,132.32,41.37,18.59,29.89,24.71,23.86
32.75,69.01,129.78,42.11,18.65,29.69,25.17,23.38
32.94,68.09,130.89,42.55,18.67,29.66,25.12,23.76
33.06,68.19,133.55,42.52,18.76,29.69,24.79,23.86
33.26,68.95,138.71,42.66,19.15,30.4,25.84,24.34
33.26,69.15,139.84,42.82,19.22,30.78,25.39,24.39
33.3,68.53,138,42.53,19.05,30.33,25.9,23.59
33.49,69.43,140.19,41.45,19.4,30.34,26.11,23.8
33.41,69.3,139.43,41.26,19.28,30.43,25.94,23.69
33.41,69.55,140.06,41.48,19.28,30.58,25.99,23.8
33.53,69.92,140.88,41.67,19.31,30.63,26.12,23.99
33.59,69.69,139.77,41.72,19.15,30.36,26.02,23.99
33.31,69.3,139.38,41.8,19.12,29.96,25.71,24.14
33.26,69.01,138.82,41.49,19.2,29.93,25.61,23.95
33.53,70.13,141.58,42.22,19.23,30.11,25.49,24.17
33.65,70.78,143.58,42.7,18.99,30.05,25.25,24.48
33.28,69.73,141.41,41.9,18.68,29.67,25.18,24.3
32.89,70.1,141.17,42.04,19.17,29.73,25.83,23.65
32.9,70.16,141.85,42.11,18.94,29.51,25.71,23.34
33.23,70.77,142.69,42.3,18.88,29.79,25.99,23.64
33.43,71.51,142.15,42.43,18.59,29.6,26.15,23.47
33.2,70.9,143.01,42.68,18.41,28.64,26.57,22.98
33.37,72.15,147.2,42.54,18.47,28.67,25.72,23.16
33.28,73.36,150.03,42.95,18.4,28.82,25.64,23.09
33.09,72.77,150.02,43.13,18.77,29.32,25.91,23.26
34.02,73.39,152.19,43.45,19.03,29.82,26,24.04
34.53,74.08,151.55,43.63,18.89,29.25,25.79,23.98
33.66,72.34,147.08,42.72,18.69,28.81,25.61,23.53
32.38,70.06,142.23,41.83,18.42,28.55,25.64,23.1
31.94,69.44,140.02,41.88,18.24,28.43,25.9,23.23
32.32,69.43,139.05,41.5,18.75,29.2,26.17,24.52
31.56,67.83,134.74,40.91,18.46,29.51,26.22,24.7
30.34,63.26,123.85,39.75,18.07,28.78,26.26,24.42
30.96,64.39,124.96,39.92,18.17,29.66,26.64,24.96
31.27,64.66,123.88,40,18.14,29.82,26.73,25.27
31.29,66.19,126.6,40.02,17.93,30.88,27.11,24.97
31.05,65.3,126.16,39.54,17.16,29.85,26.64,24.51
31.2,66.56,128.56,39.97,18.08,30.41,26.16,24.81
32.25,67.84,132.6,40.5,18.79,31.3,26,26.7
32.36,67.87,132.28,40.82,19.55,32.05,26.44,27.49
32.47,69.47,134.02,41.11,19.6,32.77,26.53,26.76
31.35,66.79,126.9,40.45,19.57,31.69,26.39,26.45
32.11,68.17,127.79,41,20.2,32.63,26.63,26.87
32.7,68.84,131.99,41.5,20.62,33.06,29.53,27.23
33.64,71.12,136.81,42.6,20.99,33.51,29.83,26.78
31.8,69.3,133.6,42.14,20.74,33.44,29.6,27.07
31.51,68.06,132.14,41.8,20.89,33.27,29.71,26.33
31.83,67.64,131.91,41.65,21.04,33.41,29.72,26.28
32.01,68.14,133.43,41.8,21.16,33.7,29.68,26.6
32.09,69.06,136.15,42.15,21.29,34.09,29.71,26.7
32.33,67.44,133.3,41.71,20.99,34.74,29.64,27.39
31.38,65.59,127.92,41.5,20.53,33.91,29.46,26.86
29.69,62.2,120.17,39.71,19.41,31.45,29.2,25.58
27.89,60.15,113.89,38.51,18.28,29.45,27.79,23.76
26.71,59.15,110.74,38,17.23,27.54,27.14,22.13
25.51,58.41,111.09,36.54,16.74,26.62,26.58,21.68
24.55,58.26,108,36.34,16.22,26.7,25.98,20.3
25.05,58.27,107.89,36.13,15.25,26.21,25.87,20.25
23.3,55.88,102.44,35.73,14.36,24.72,25.78,18.9
23.29,57.24,105.66,36.26,14.29,24.73,25.14,19.16
20.58,54.93,95.53,35,12.26,22.44,22.86,16.52
20.38,54.88,94.02,34.47,12.26,22.3,22.61,15.69
17.85,49.65,81.9,31.52,10.44,20.16,20.96,12.43
20.79,53.37,90.17,33.57,11.36,21.93,21.06,13.56
18.07,48.63,80.87,31.52,9.77,18.54,19.45,11.28
15.25,44.14,67.98,28,7.88,14.53,16.5,8.15
15.43,49,72.51,28.06,8.83,15.33,16.54,8.76
10.24,40.38,54.79,24.25,5.1,10.81,12.46,6.14
9.54,40.85,54.27,23.53,5.59,11.12,11.09,5.75
7.13,37.67,43.01,20.57,4.34,7.83,7.66,3.75
7.7,40.35,46.57,21.55,4.29,11.2,8.65,5.69
9.11,43.3,51.97,22.75,3.8,11.6,7.64,7.05
9.15,43.46,57.56,21.88,4.26,12.16,7.72,7.54
12.18,44.84,66.54,24.54,6.46,14.98,10.7,8.67
12.94,47.35,75.06,26.4,7.7,15.42,13.03,9.83
13.41,48.24,71.4,27.31,8.02,16.91,14.37,10.86
12.18,42.09,63.28,25.56,6.63,15.28,13.17,9.93
11.52,43.48,61.06,25.63,6.03,15.09,12.66,9.28
11.8,42.41,60.08,25.8,6.56,14.38,12.91,8.55
11.76,40.29,54,24.72,5.95,13.01,11.07,7.81
11.5,40.26,52.6,24.38,5.4,12.09,10.66,7.63
10.57,37.93,48.43,23.69,5.25,11.21,10.22,7.43
12.9,40.69,56.71,25.81,6.2,12.4,11.99,9.3
13.62,42.66,60.84,26.38,6.02,12.67,12,9.36
15,46.54,69,27.62,6.3,15.58,13.5,9.87
14.54,47.79,70.55,28.79,7.01,15.24,13.9,10.95
13.7,46.79,68.34,28.78,6.78,14.73,13.35,10.86
13.89,46.48,69.22,28.64,6.65,14.86,13.16,10.39
15.03,48.05,74.4,29.14,7.37,14.97,13.55,10.49
14.41,47.13,71.85,28.61,6.95,14.6,12.34,10.26
13.8,45.86,72.29,28.3,6.7,14.49,11.91,9.79
14.05,46.96,78.45,29.79,7.29,15.08,11.84,9.94
13.52,43.08,73.21,29.05,7.5,14.35,11.38,9.42
13.17,40.64,70.41,28.18,7.55,14.14,11.42,9.24
13.28,41.01,69.98,28.43,7.28,14.14,11.35,8.84
13.77,45.98,76.05,29.14,7.44,14.55,11.56,9.45
13.94,43.75,76.59,29.33,7.84,15.47,13.67,9.85
15.21,46.38,82.72,30.42,8.65,16.38,14.06,10.44
15.8,46.58,82.11,30.75,8.87,16.77,14.95,10.31
17.45,48.9,89,32.1,9.72,17.56,15.99,11.07
16.81,47.96,85.53,31.61,9.43,16.69,15.72,10.96
15,45.61,80.74,30.47,8.82,16.22,14.95,9.85
14.77,45.44,80.45,30.4,7.7,15.78,14.89,10.23
14.26,46.38,79.64,30.4,7.91,15.47,15.05,10.24
13.91,46.46,79.14,30.38,7.32,15.25,14.82,9.22
14.93,47.33,79.52,31,7.86,17.18,15.36,10.19
15.59,50.95,86.93,32.06,8.78,17.98,16.24,10.54
14.65,48.47,82.64,32,8.3,17.7,16.46,10.11
13.83,45.97,78.65,31.21,7.99,16.69,15.98,9.6
12.68,44.4,76.74,30.23,7.45,15.38,15.07,8.33
13.51,45.7,78.29,30.45,7.61,15.42,15.2,8.95
13.85,44.76,77.69,30.62,8.23,16.02,15.44,9.19
15.3,48.38,81.47,32.27,9.04,17.79,16.99,10.08
15.15,48.23,82.03,32.35,9.05,18.62,17.57,10.72
16.49,50.2,86.86,33.62,10.79,19.81,18.57,11.75
15.99,48.55,83.15,32.72,10.82,19.76,18.8,12.11
15.91,46.89,78.25,32.5,11.4,19.67,19.1,13.11
16.65,47.76,79.94,33.32,11.43,19.63,19.36,13.3
17.64,49.92,84.85,34.14,11.44,20.37,20.02,13.43
18.09,50.92,86.92,34.25,12.09,21.95,21.04,14.3
17.22,48.55,83.2,34,12.09,21.8,20.67,14.2
17.18,47.94,83.21,33.65,12.19,21.38,20.91,13.79
17.8,49.03,86.47,34.85,12.82,22.09,21.79,13.85
18.2,47.75,84.05,35.27,12.53,21.76,22.01,13.59
20.26,51.78,93.47,36.9,13.49,22.9,22.79,14.99
21.71,52.33,95.37,37.19,13.36,23.42,22.73,15.04
21.7,52.96,101.61,38,13.87,24.6,23.89,15.6
23.76,55.64,108.79,38.5,14.79,24.8,24.79,15.8
22.05,53.65,102.74,37.75,13.6,23.68,24.02,14.81
20.5,51.77,98.88,37.04,12.85,22.53,23.82,13.72
17.83,49.11,89.72,34.35,10.5,20.39,21.68,12.49
19.16,49.9,92.3,35.5,11.07,21.11,22.3,13.22
19.46,49.07,91.96,35.43,11.24,21.36,22.54,13.54
19.35,49.4,90.43,35.43,11.18,22.07,23.36,13.81
18.95,48.9,88.68,35.59,10.74,22.16,23.83,13.29
18.58,48.2,88.36,35.35,10.24,21.69,23.45,12.87
18.19,47.17,86.79,35.2,9.82,21.13,23.11,12.07
17.77,46.28,83.29,34.78,10.25,21.3,23.31,12.14
18.45,46.87,84.51,35.32,10.57,22.43,23.77,12.94
16.93,44.92,75.2,34,9.44,21.21,21.54,11.76
16.7,44.96,73.54,33.68,8.64,20.28,21.5,10.94
15.7,43.35,69.04,32.76,8.13,19.61,20.85,10.23
16.81,44.65,74.19,33.06,8.84,20.55,21.75,10.78
16.81,45.52,74.49,33.12,8.9,20.88,22.27,10.89
16.77,45.04,73.79,33.52,9.22,20.24,22.16,10.78
16.86,46.34,77.31,34.25,9.12,19.93,22.15,10.78
16.96,47.62,78.84,34.7,9.15,19.84,22.45,10.89
16.71,47.07,76.73,34.35,8.9,19.32,22.03,10.7
16.14,45.03,73.39,33.43,8.2,18.35,20.63,10.2
16.28,45.61,74.15,33.64,8.32,18.5,20.58,10.35
15.99,44.69,71.14,33.07,8.12,18.39,19.98,9.99
16.18,45.71,74.14,33.2,8.42,18.39,20.09,10.06
16.37,48.53,81.26,33.87,8.45,18.18,19.86,10.16
16.17,47.39,79.28,34.13,8.36,18.43,20,10
18.2,50.25,86.7,35.39,9.4,21.82,22.3,11.89
17.6,49.71,84.59,35.22,9.24,21.26,21.85,11.52
16.81,48.69,82.75,35.3,9.18,21.03,21.2,11.02
16.33,47.26,79.95,34.65,8.74,20.73,20.49,10.65
16.68,47.98,79.19,34.96,9.33,21.99,21.38,11.36
16.32,46.79,76.11,34.75,9.07,22.41,21.45,11.12
15.89,44.88,73.89,34.04,8.88,21.88,20.93,10.85
15.79,44.36,73.38,33.64,8.77,22.2,21.04,10.98
14.95,43.48,70.66,33.44,8.34,21.62,20.56,10.55
15.41,44.22,73.34,33.4,8.6,22.1,20.7,10.99
16.24,44.32,75.22,34.15,9.05,24.53,23.18,11.96
16.64,45.5,76.38,34.65,9.04,24.37,23.15,11.71
16.09,43.62,72.42,33.82,8.55,23.66,21.56,10.97
16.32,44,72.99,34.38,8.74,24.91,21.99,11.68
16.71,43.73,72.79,34.76,9.05,24.87,22.56,12.22
16.71,43.33,71.24,34.79,9.6,24.81,22.99,12.5
18.45,45.22,76.48,35.82,10.44,25.77,23.44,13.44
19.02,44.19,74.1,35.75,10.71,25.68,23.77,13.91
21.65,47.52,81.44,36.6,11.23,26.15,24.26,14.19
21.5,50.99,88.29,37.35,11.2,26.52,25.28,14.59
21.13,49.05,85.84,37.7,11.78,26.91,24.97,15.23
21.34,48.61,86.62,37.77,11.78,26.85,25.81,15.32
21.81,48.35,84.98,37.59,12.04,27.02,25.56,16.22
21.38,47.71,83.49,37.79,12.11,27,25.7,16.4
20.94,47.66,81.63,37.86,12,26.83,25.89,16.31
20.89,47.47,81.24,37.59,12.19,26.68,26.91,16.52
20.83,47.45,80.28,37.68,12.6,26.83,25.62,17.27
21.16,48.51,82.81,38.1,12,26.04,24.8,16.85
22.27,49.81,86.78,38.09,12.26,26.32,24.71,16.78
22.09,49.96,86.18,38.77,12.3,26.07,24.79,16.9
21.99,49.86,84.77,38.92,12.51,26.27,24.85,17.44
22.81,50.53,86.51,39,12.67,26.87,25.28,17.61
23.86,52.16,91.52,39.5,13.23,27.77,25.84,18.06
22.5,50.71,87.45,38.64,12.84,26.78,23.92,17.07
22.77,49.65,86.27,38.9,13.85,27.65,24.4,18.4
23.71,51.32,89.27,39.5,13.81,27.63,24.63,18.35
23.06,50.63,87.35,38.48,13.09,26.78,22.58,17.26
23.52,51.95,87.72,38.52,13.23,27.41,22.31,17.54
23.51,52.54,85.45,38.21,13.05,27.05,22.22,17.37
23.16,51.68,82.67,37.95,12.78,26.65,22.3,17.15
23.1,50.83,82.95,38.46,12.88,27.59,23.05,17.6
22.82,52.32,83.31,38.56,12.73,28.17,23.37,17.47
22.71,51.9,82.12,38.55,12.47,27.87,22.94,17.14
23.05,53.08,83.75,39.85,13.23,29.1,23.98,17.88
23.73,51.85,82.24,40.49,13.98,29.17,24.36,18.42
23.01,49.67,79.65,40.1,13.43,28.4,23.9,17.94
22.52,49.06,79.3,39.8,13,27.8,23.56,17.77
22.02,48.97,77.62,39.7,13.13,27.32,22.61,17.33
21.1,46.44,72.32,38.1,12.99,27.27,22.72,16.29
21.62,46.25,73.41,38.28,13.8,28.72,23.89,17.25
21.38,45.04,70.69,37.52,13.23,27.67,23.36,16.64
21.19,45.9,71.05,37.3,13.18,28.17,23.84,16.62
22.09,46.94,72.33,38.92,14,29.79,25.34,17.13
22.63,47.62,73.58,39.35,14.22,30.92,25.75,17.52
21.72,46.72,70.97,38.95,13.57,30.06,25.6,16.67
21.74,46.63,71.8,39.13,13.8,30.68,26.26,17.09
21.82,46.22,72.06,39.64,14.04,31.44,26.85,17.58
21.66,46.14,73.17,39.63,14.13,31.97,27.52,17.91
21.56,46.19,73.85,39.64,14.14,32.23,26.73,17.92
21.05,46.38,74.32,39.25,13.77,30.93,25.48,17.34
21.48,46.15,75.05,39.47,13.85,31.29,25.95,17.79
21.92,46.1,74.3,39.66,13.85,32.4,25.39,17.9
21.36,45.71,72.67,39.49,13.61,32.27,24.74,17.64
21.4,46.16,74.1,39.5,13.16,32.51,23.39,17.99
20.96,44.81,71.72,39.11,13.7,32.97,24.2,18.05
21.09,44.98,71.72,39,13.54,32.62,24.05,18.19
21.15,45.74,72.65,38.78,13.63,34.09,24.41,18.37
21.24,45.36,71.11,38.79,13.59,35.03,24.1,19.05
20.8,44.96,69.67,38.15,13,34.31,23.35,18.38
21.4,46.2,72.42,38.42,13.13,33.75,23.65,18.68
21.41,45.94,72.84,38.32,13,33.67,22.42,18.32
22.62,49.81,76.42,39.26,13.15,34.49,23.79,19.46
23.36,50.69,76.56,39.46,13.27,34.7,24.59,20.23
22.13,49.13,73.48,38.32,13.36,34.06,24.61,19.57
21.03,48.28,71.81,37.68,13,32.32,23.95,18.75
20.1,46.86,69,36.58,12.81,31.23,23.65,17.96
21.25,47.84,72.18,37.14,13.01,31.35,24.33,18.76
20.56,48.07,72.43,36.58,12.85,31.72,24.27,19.12
20.97,49.17,75.81,36.97,13.46,31.5,24.87,19.44
21.74,49.02,74.5,37.85,14.39,32.6,25.74,19.9
21.44,49.91,76.12,39.01,15.61,32.58,26.49,19.92
21.84,52.58,80.12,40.14,15.98,33.62,28,21.12
22.02,52.98,80.06,40.25,16.17,33.23,27.1,21.03
25.3,57.86,102.24,42.27,16.17,34.07,27.68,21.72
24.79,58.56,96.68,41.91,15.88,34.31,27.93,21.2
23.98,56.95,91.64,42.08,15.77,33.74,26.99,20.53
23.68,55.53,86.63,41.31,14.78,33.46,28.23,19.93
25.9,58.27,92.21,42.42,15.52,34.81,28.89,20.92
26.52,58.36,94.74,42.97,15.92,35.67,29.97,21.04
26.41,57.51,94.23,43.15,16.15,35.69,30.41,21.48
26.9,57.31,95.61,43.27,16.24,36.02,30.63,21.95
27.22,58.55,98.75,43.78,16.43,37.51,37.01,21.98
26.22,55.89,95.31,43.47,16.25,37.54,48.31,21.72
26.15,56.68,95.48,43.27,16.26,38.17,45.51,21.7
28.45,58.07,102.75,44.35,16.68,39.51,45.97,22.73
28.39,56.55,100.4,44.41,16.63,39.4,47.51,22.13
28.47,56.42,99.94,44.78,16.74,39.66,47.83,22.15
28.63,56.63,101.12,44.71,16.8,39.58,46.59,22.3
28.25,55.71,100.53,43.73,16.61,38.49,44.43,21.74
28.8,56.61,102.27,44.3,16.9,38.69,44.26,21.93
29.33,57.61,105.09,44.5,17.07,39.04,44.1,22.16
29.91,58.69,108.49,45.24,17.36,40.14,44.85,22.75
30.72,60.11,113.5,45.83,18.11,42.29,45.7,24.04
29.82,58.94,111.32,45.5,17.81,42,48.49,23.62
29.89,58.58,111.28,45.88,18.34,42.38,48.44,24.39
29.93,57.99,111.07,45.42,18.63,41.97,48.75,24.35
30.92,57.3,112.82,45.78,18.45,41.79,44.37,24.4
30.18,56.75,110.97,45.41,18.05,41.03,44.19,24.07
29.5,56.52,107.49,45.75,17.92,40.72,44.02,24.17
30.74,57.87,114.03,46.6,19.05,42.61,46.44,24.83
30.98,57.63,115.22,47.1,19.8,43.1,46.71,24.08
31.13,57.32,114.76,47.42,19.93,43.05,47.74,24.24
31.65,57.43,115.93,47.09,20.2,42.7,45.49,24.6
30.47,56.87,112.48,46.3,19.34,42.53,44.5,23.93
30.34,56.25,112.61,45.88,19.4,42.51,47.44,24.76
30.99,57.16,115.21,46.71,19.88,42.59,49.14,25.7
30.72,57.01,114.28,46.7,20.04,42.57,48.82,25.46
31.06,58.13,114.71,46.73,19.97,42.47,48.15,25.41
31.3,58.98,115.44,46.75,19.6,42.02,46.9,25.21
30.76,58.11,114.25,46.55,19.1,41.41,45.67,24.51
31.2,58.74,113.34,46.82,19.45,42.17,48.15,24.7
31.49,59.6,112.8,46.8,19.89,42.92,50.23,25.04
30.53,58.51,109,46.15,19.56,42.59,48.21,24.59
29.69,57.96,106.88,46,19.25,42.15,46.55,24.49
30.36,59.44,110.16,47.06,19.93,43.02,48.92,25.49
31.18,58.5,110.85,47.54,21.07,45.47,49.7,25.63
30.6,58.15,109.75,47.59,20.51,47.03,48.18,25.4
31.36,57.93,109.02,48.1,20.3,48.01,47.31,25.32
30.77,56.43,108.03,47.6,20.51,47.9,49.51,24.82
30.27,56.61,110,47.8,20.82,49.43,51.5,26.14
30.03,55.26,107.91,47.62,20.5,48.08,51.43,24.74
30.27,55.68,109,47.6,20.37,49.57,51.62,25.51
29.8,53.47,106.23,46.79,19.45,48.34,52.4,25.05
29.93,53.44,105.14,46.26,19.42,47.26,50.86,24.05
30.53,54.44,107.12,46.62,19.88,47.7,48.71,24.16
31.05,54.42,110.01,47.7,19.97,49.18,48.57,25.66
31.52,55.37,109.13,47.92,20,49.8,50.63,25.89
31.37,54.16,107.4,47.42,19.89,50.07,53.26,25.74
29.97,52.96,108.06,46.82,18.79,48.95,55.5,24.89
29.59,52.4,105.93,46.69,18,47.37,52.83,24.55
28.36,49.14,100.78,45.16,17.04,45.72,51.26,23.96
29.55,49.08,101.94,46.09,17.66,45.95,53.62,24.62
28.55,48.07,99.51,45.28,17,45.16,52.45,23.48
29.27,49.07,101.75,45.83,17.33,46.07,52.61,23.34
30.64,52.16,106.1,47.75,18.5,47.87,54.4,23.86
30.88,53.8,108.42,48.13,18.74,48.01,55.3,24.47
32.47,52.93,108.63,48.57,19.67,50.41,54.99,25.5
34.24,55.57,116.99,50.33,19.6,53.03,54.91,26.84
35.6,55.27,117.41,50.46,19.97,54.54,56.48,27.95
35.81,54.4,113.26,50.47,19.85,53.44,59.75,27.8
36.48,55.51,116.44,50.65,20.27,53.72,60.3,27.89
35.29,55,114.55,50.33,20.34,53.76,57.62,27.79
35.94,56.02,117.84,51.15,20.94,54.03,59.6,28.67
35.72,56.89,120.24,51.34,21.58,54.79,61.18,29.08
35,57.44,121.39,51.26,21.9,54.61,61.12,29.14
34.94,57.99,122.1,51.44,21.73,52.76,60.02,29.19
35.04,58.23,119.86,51,21.27,51.78,58.7,28.7
36.42,60.19,123.66,51.88,21.83,52.91,60,29.2
37.52,61.74,126.75,52.73,22.48,56.88,60.49,29.05
39.57,64.32,136.47,53.95,23.19,57.39,62.95,29.38
38.62,64.81,134.16,54.18,23.7,60.43,65.84,30.18
36.7,62.53,128.54,52.29,23.36,55.7,63.36,29.52
37.8,62.6,131.56,52.81,23.63,58.7,59.91,30.17
38.29,63.04,131.78,54.43,24.3,62.15,64.42,31.45
38.53,64.94,132.88,54.38,23.92,61.94,62.83,31.4
38.84,65.82,135.59,54.65,24.3,60.89,60.61,31.9
37.29,62.35,132.89,53.11,23.12,58.79,52.29,30.56
37.13,62.4,133.32,52.61,23.24,60.36,59.56,30.74
37.84,63.24,133.67,52.7,23.77,60.94,64.64,32.11
37.47,62.11,133.97,53.65,23.65,58.32,63.6,31.41
37.63,62.02,134.83,54.54,25.45,60.87,69.1,32.73
39.17,63.15,137.84,56.24,26,65.57,72.6,34.7
38.96,62.45,137.01,55.6,28.79,63.92,71.43,34.71
40.95,66.19,139.79,56.67,28.48,64.87,72.61,35.6
39.9,64.96,137.48,56.25,30,62.35,69.33,34.66
41.22,65.92,139.9,57,30.2,64.56,71.84,34.99
39.5,64.77,135.64,55.75,28.42,60.91,67.23,34.21
40.03,63.74,135.47,55.93,27.96,62.63,68.7,34.5
39.02,62.86,132.82,55.72,27.2,60.5,68.91,33.93
37.32,59.33,125.15,54.18,26.3,58.75,66.33,33
36.89,59.15,125.16,53,25.24,57,68.06,32.95
37.96,60.71,128.1,53.86,26.36,60.24,73.48,34.02
37.66,60.99,127.28,54.02,27.61,59.97,69.84,34.77
37.16,59.74,123.49,52.66,25.07,56.86,63.72,31.94
38.21,61.22,125.43,53.22,25.63,59.09,66.03,32.67
37.99,60.76,125.36,53.35,25.11,58.96,64.95,32.54
39.69,61.85,128.09,54.28,26.36,61.5,65.4,33.33
41.14,62.19,128.68,54.75,27.21,62.11,66.9,33.75
41.69,62.59,131.02,54.95,27.64,61.9,66.95,33.82
41.51,63.61,136.41,55.18,28.19,62.87,64.37,34.15
41.09,62.12,132.64,54.65,27.95,62.53,62,34.52
42.14,62.6,133.45,55.2,28.53,63.72,61.99,34.72
41.77,61.93,131.38,54.82,28.82,64.02,61.7,35.27
41.16,61.61,129.94,53.9,28.19,63.36,60.8,34.54
40.98,60.98,129.82,54.25,28.47,63.51,54.29,34.35
41.27,61.32,129.01,54.31,28.9,64.09,53.25,34.09
39.69,61.31,127.9,54.2,29.34,65.12,57.82,34.21
40.27,60.99,127.12,54.49,29.15,65.62,58.74,34.49
39.77,60.62,126.28,53.83,29.56,63.74,56.84,33.59
39.54,59.02,121.6,53.2,28.04,63.06,54.73,32.66
41.19,60.91,125.97,54.29,29.64,65.32,57.29,34.19
40.75,58.31,124.34,53.7,29.57,65.18,57.72,33.92
41.5,59.75,124.15,54.51,29.66,66.84,59.08,34.07
41.46,59.29,124.99,55.03,29.88,67.26,59.91,35.02
42.18,60.73,127.74,56.29,31.3,68.87,59.59,37.09
42.01,61.72,130.26,56.51,33.74,68.47,59.65,38.76
40.41,61.19,129.02,56.15,33.68,66.39,59.04,37.33
40.71,61.27,128.4,55.26,34.39,66.12,57.96,36.63
41.26,61.06,128.86,55.49,34.15,67.43,58.96,36.71
40.54,59.34,124.35,54.37,34.16,65.83,57.93,37.28
41.74,59.46,127.78,55.1,36.18,66.75,58.62,37.81
38.93,57.27,122.67,53.69,35.72,65.97,56.53,37.56
39.92,57.67,126.22,54.31,41.77,67.68,58.19,38.59
39.46,57.14,125.66,53.2,43.15,64.14,55.17,39.36
38.75,56.23,124.95,51.94,42.8,63.22,56.1,39.74
37.14,54.95,120.91,50.39,37.93,58.38,51.92,36.74
37.47,55.76,122.42,50.8,39.2,60.43,53.16,38.13
39.11,57.89,126.59,52.03,41.21,61.8,53.53,41.25
38.74,56.76,124.73,51.51,40.84,60.53,53.39,41.51
39.48,56.72,126.06,52.15,41.3,60.93,53,40.56
39.28,56.13,126.31,50.97,39.54,59.56,53.05,40.13
39.91,57.75,126.62,52.27,40.17,59.67,53.56,40.33
39.71,57.72,127.34,52.24,40.64,59.44,53.12,40.33
41.73,57.73,129.43,53.39,40.92,60.91,55.21,42.55
42.19,57.67,128.98,53.69,39.45,61.47,55.15,42.48
42.87,59,132.4,54.85,40.55,63.61,56.98,43.55
43.77,58.55,132.57,55.2,42.42,65.37,58.19,45.19
42.86,57.74,131.78,54.72,42.54,64.39,58.03,44.71
42.85,58.25,133.39,54.85,43.98,64.26,57.75,45.64
43.39,59.19,135.52,55.36,45.42,64.11,58.46,46.24
43.22,58.92,134.62,55.42,45.1,62.72,59.6,44.71
42.54,56.75,129.08,54.7,45,62.52,57.16,44.77
42.76,56.51,128.16,55,45.63,62.44,55.73,45.11
43.4,56.51,129.11,55.24,46.04,63,55.93,43.7
44.15,55.91,127.96,56.05,46.19,63.99,54.94,44.79
43.53,55.08,126.66,55.54,45.95,62.39,53.57,44.13
42.66,55.38,126.11,55.39,45.44,61.6,52.47,44.09
43.21,55.63,127.16,55.5,46.07,62.84,52.73,44.69
42.22,54.15,124.92,55,45.38,61.77,52.13,44.2
42.24,54.28,125.37,53.91,44.66,61.52,51.65,44.83
42.09,54.37,125.4,53.81,45.26,61.6,52.67,44.23
41.37,54.13,125.25,53.21,44.14,59.89,50.89,41.88
40.85,52.99,124.43,52.73,43.49,58.64,51.44,39.45
42.08,54.56,127.56,54.02,44.36,60.39,52.62,41.49
42.29,53.59,126.76,53.9,44.95,60.87,53.59,41.5
43.12,53.36,125.91,53.56,44.88,60.97,54.98,41.9
44.04,51.91,124.14,54.07,45.17,61.5,54.73,42.33
43.89,52.68,124.06,53.92,44.6,61.13,53.75,43.82
42.38,51.37,120.76,52.78,43.28,60.04,53.21,41.38
42.19,51.18,121.64,52.78,44.23,60.47,53.39,42.2
42.64,52.69,122.29,53.01,44.76,61.45,54.11,42.5
43.52,53.14,122.39,53.03,44.99,62.21,53.84,42.82
43.24,53.07,121.49,53.22,44.38,61.58,52.42,42.67
42.32,52.38,119.84,52.94,44.07,60.74,52.32,42.19
41.25,51.52,116.89,52.36,44,59.25,51.83,41.33
40.36,50.85,112.87,51.6,43.67,56.68,49.76,40.2
40.31,50.28,111.65,50.64,43.55,55.35,50.22,40.1
41.59,51.33,113.85,51.66,45.96,57.15,52.02,41.63
41.53,51.01,114,51.44,47.69,58.23,52.39,42.45
40.65,50.49,111.51,50.9,46.91,56.32,51.23,41.17
39.97,50.12,110.71,50.27,47.1,55.24,49.52,40.17
39.19,49.43,108.21,49.77,44.5,54.88,48.18,40.06
37.93,47.82,104.7,48.88,42.03,53.13,47.15,38.58
36.63,47.34,104.73,47.98,41.08,51.63,45.18,38.32
38.39,47.78,106.53,48.62,43.04,54.21,45.75,39.86
39.86,49.44,109.58,49.84,44.82,57.3,46.89,41.8
39.23,47.21,107.39,50,43.89,56.14,46.46,40.53
38.76,45.77,103.51,49.83,45.36,56.18,46.39,40.43
39.18,45.34,104.3,49.78,46.8,57.59,48.86,41.58
38.03,43.62,100.29,49.06,45.31,56.82,49.54,41.02
38.39,44.5,102.14,49.53,46.08,58.46,50.27,41.47
38.19,42.98,99.75,48.97,46.25,57.83,49.29,40.58
37.52,42.35,98.33,48.36,45.47,57,49.24,39.37
37.37,41.5,98.37,48,46.07,57.67,49.22,39.57
36.94,40.12,95.05,47.29,45.52,56.35,47.88,39.3
37.27,38.85,90.96,46.85,44.44,55.29,47.94,39.52
39.67,40.76,98.65,48.23,47.15,58.49,51.32,41.73
39.79,40.86,98.9,48.3,51.26,59.1,53.41,42.49
39.21,40.64,96.13,48.47,50.21,59.22,53.27,43.51
39.71,40.97,97.42,48.99,49.22,59.53,51.25,43.61
40.56,40.98,97.84,49.18,49.19,60.67,50.74,43.19
40.71,40.78,97.18,49.28,48.61,60.81,49.69,42.57
40.41,39.95,95.52,49.15,47.47,60.06,47.99,42.43
39.41,39.34,93.71,48.67,46.26,59.29,47.35,42.06
37.93,38.64,91.96,47.44,45.23,57.49,44.63,40.46
38.65,38.31,92.35,47.53,44.43,57.59,45.03,40.06
37.66,36.76,88.68,46.64,44.1,55.65,44.26,39.52
38.39,37.54,88.28,46.8,45.39,56.03,45.05,39.85
39.53,39.75,92.89,47.81,47.65,58.23,46.98,42.18
40.9,42.73,99.44,49.55,48.68,60.14,48.71,43.31
42.12,43.22,100.81,50.72,53.2,61.92,50.27,46.13
41.97,43.01,99.58,50.43,51.98,60.95,50.36,45.68
43.31,43.9,101.04,51.1,52.66,63.23,51.75,46.99
42.66,43.43,99.89,51.02,48.62,62.07,50.48,45.73
42.61,44.6,101.68,51.1,47.63,61.36,50.23,46.78
42.2,44.11,100.95,51.75,46.93,61.11,48.76,47.33
42.56,44.01,102.01,52.39,46.45,61.42,48.89,47.31
42.53,43.14,100.3,52.22,47.1,60.63,47.95,46.39
42.3,44.08,102.94,52.72,47.57,61.75,49.41,46.87
42.19,44.92,105.93,53.22,46.72,62.36,50.06,46.99
42.44,43.93,104.63,52.88,44.62,60.79,47.58,45.18
42.75,43.67,103.9,52.59,43.86,61.51,48.29,44.09
42.29,41.84,101.54,51.83,42.79,59.25,47.25,42.71
43.09,42.88,103.47,51.55,43.05,58.49,45.77,43.22
41.41,38.7,92.24,50.17,43.5,58.58,45.08,44.6
40.38,38.04,86.43,49.43,45.66,59.56,44.81,45.65
41.3,37.51,84.37,49.72,45.87,61.37,44.67,46.67
41.55,38.17,83.28,49.65,45.37,61.47,44.19,47.53
41.29,37.69,82.09,48.56,45.64,60.88,42.91,47.13
40.54,35.59,78.76,49.07,45.07,60.42,44.29,47.01
43.02,36.12,80.79,49.96,47.1,62.9,47.25,49.65
44.64,37.28,83.82,50.68,48.85,64.1,49.6,50.33
44.61,36.9,82.85,49.91,49.92,64.28,50.98,50.72
45.08,37.9,85.36,49.8,50.03,66.41,53.78,51.97
44.87,37.29,84.31,48.88,48.81,65.58,53,52.59
43.83,36.39,83.62,48.5,49.23,64.54,51.65,51.89
43.13,36.59,84.71,48.25,48.96,63.23,50.14,51.22
44.86,38.18,87.19,49.69,49.25,66.41,53.07,53.6
44.49,36.91,83.55,48.82,48.8,65.96,53.15,54.14
44.94,37.47,85.02,48.66,49.92,64.85,51.5,53.57
44.64,36.75,84.25,48.41,49.84,64.37,53.38,53.68
44.77,37.11,85.48,48.8,51.46,64.61,52.68,54.79
44.43,38.21,86.06,48.37,51.36,64.22,51.14,53.83
44.39,39.09,88.97,48.02,49.7,63.99,50,54.61
48.68,40.23,91.44,48.96,50.35,66.74,50.53,56.6
48.15,40.04,92.45,49.67,50.46,66.93,49.36,55.93
48.44,40.37,91.64,49.93,51.57,67.32,49.64,56.74
47.94,40.09,90.7,50.11,50.35,66.35,51.06,57.23
48.24,40.04,90.77,50.32,50.58,66.6,51.17,57.34
47.46,40.3,91.62,50.85,49.76,65.77,50.8,56.53
47.06,39.55,90.94,50.86,49.14,66.27,49.64,57.16
48.06,38.76,91.08,50.81,48.24,66.3,49.21,57.08
48.02,38,89.1,50.58,48.66,66.04,49.43,56.72
48.14,38,90.42,50.59,50.72,66.34,49.65,57.57
47.23,39.03,92.14,51.02,52.29,66.54,52.01,56.94
47.01,40.29,91.79,50.8,52,67.21,50.61,55.39
46.95,39.73,90.78,50.35,52.49,64.91,47.34,54.72
